spatial_cell_id,latitude,longitude,police_station,forecasted_count,patrol_rank,congestion_risk_score,congestion_risk_category,stability_class
CELL_2595_15515,12.977162307899208,77.57721647242356,UPPARPET,3181.677861192371,1,65.06,CRITICAL,Persistent
CELL_2592_15515,12.964004749282166,77.57688813089085,CITY MARKET,2112.031180957009,2,51.68,CRITICAL,Persistent
CELL_2596_15522,12.981733459395604,77.61081055417583,SHIVAJINAGAR,1630.7331064915793,3,45.82,CRITICAL,Persistent
CELL_2596_15521,12.981996736941024,77.60771913149708,SHIVAJINAGAR,1580.463647103298,4,45.04,CRITICAL,Persistent
CELL_2586_15538,12.933707119560028,77.6909288012431,HAL OLD AIRPORT,1375.9848583341245,5,43.86,CRITICAL,Volatile
CELL_2594_15515,12.973087288459764,77.57830033187822,UPPARPET,1166.5338665668853,6,39.85,CRITICAL,Persistent
CELL_2614_15517,13.071087910668217,77.58792705713351,KODIGEHALLI,1063.342812810411,7,38.42,CRITICAL,Persistent
CELL_2602_15510,13.011887136431229,77.55344289247212,MALLESHWARAM,974.1395188858244,8,37.34,CRITICAL,Persistent
CELL_2595_15514,12.9775572119912,77.57293700913091,UPPARPET,843.2863974013725,9,36.12,CRITICAL,Persistent
CELL_2596_15520,12.983562947294372,77.60326726861472,SHIVAJINAGAR,965.4988707937111,10,37.37,CRITICAL,Volatile
CELL_2594_15509,12.97423549416346,77.54647151257161,VIJAYANAGARA,686.9505858367725,11,33.82,CRITICAL,Persistent
CELL_2599_15509,12.998249071212122,77.54884574886364,VIJAYANAGARA,667.4081674720169,12,33.64,CRITICAL,Persistent
CELL_2592_15516,12.963902162226328,77.58287736676185,HALASURU GATE,622.1778874056056,13,32.97,CRITICAL,Persistent
CELL_2601_15539,13.008243802707277,77.69579203299493,K.R. PURA,539.6791060243742,14,33.22,CRITICAL,Persistent
CELL_2636_15535,13.184118771163575,77.67965363490724,CHIKKAJALA,534.652707765546,15,32.48,CRITICAL,Persistent
CELL_2601_15510,13.0084204328594,77.55451193412323,MALLESHWARAM,511.2733217666009,16,31.47,CRITICAL,Persistent
CELL_2586_15537,12.931875639629013,77.68738436654637,HAL OLD AIRPORT,489.9734500271584,17,34.03,CRITICAL,Persistent
CELL_2593_15515,12.968385393734588,77.57663545386495,CITY MARKET,506.4484713366977,18,31.44,CRITICAL,Persistent
CELL_2607_15517,13.035671033213646,77.58911497235188,HEBBALA,497.2566036148943,19,31.45,CRITICAL,Persistent
CELL_2594_15510,12.97359337821101,77.55112304518349,MAGADI ROAD,482.7810952983091,20,31.2,CRITICAL,Persistent
CELL_2599_15510,12.997766326031536,77.55212251938076,MALLESHWARAM,452.96180004294393,21,30.8,CRITICAL,Persistent
CELL_2596_15519,12.981306411504423,77.5985006920354,SHIVAJINAGAR,444.4299471877878,22,30.95,CRITICAL,Persistent
CELL_2599_15533,12.99619110107414,77.66841120666122,MAHADEVAPURA,428.3281020260257,23,33.34,CRITICAL,Persistent
CELL_2601_15514,13.007456024310777,77.57104248471178,MALLESHWARAM,423.0528007450262,24,30.35,CRITICAL,Persistent
CELL_2600_15535,13.000438515437454,77.67714695214083,MAHADEVAPURA,405.572949221128,25,31.65,CRITICAL,Persistent
CELL_2587_15539,12.93948559657898,77.69611288064148,HAL OLD AIRPORT,420.7411738652423,26,32.94,CRITICAL,Volatile
CELL_2593_15514,12.967532527733333,77.57428468719999,CHAMARAJPET,337.868866451988,27,29.54,CRITICAL,Persistent
CELL_2591_15515,12.95867816735294,77.57688294382353,CITY MARKET,337.8133413642786,28,29.3,CRITICAL,Persistent
CELL_2595_15521,12.979575086984129,77.60728220666667,SHIVAJINAGAR,333.6070036388776,29,29.28,CRITICAL,Persistent
CELL_2595_15516,12.977516435314683,77.58084869930069,UPPARPET,328.1195132171564,30,29.22,CRITICAL,Persistent
CELL_2601_15538,13.008386913348964,77.69401675681266,K.R. PURA,308.5213013950282,31,29.85,CRITICAL,Persistent
CELL_2599_15514,12.99837342491228,77.57143470070176,MALLESHWARAM,299.52544297505705,32,28.78,CRITICAL,Persistent
CELL_2598_15510,12.99289709932886,77.55321315838925,RAJAJINAGAR,294.3142906308357,33,28.76,CRITICAL,Persistent
CELL_2600_15510,13.001788483075837,77.55067553877642,MALLESHWARAM,264.219232873445,34,28.32,CRITICAL,Persistent
CELL_2599_15522,12.996906692924528,77.6131779221698,PULIKESHINAGAR(F.TOWN),254.08363385652444,35,28.35,CRITICAL,Persistent
CELL_2568_15529,12.84173203713355,77.64680106840392,ELECTRONIC CITY,252.5111122370211,36,28.19,CRITICAL,Persistent
CELL_2588_15514,12.94323030235294,77.57131893215687,BASAVANAGUDI,300.45105942954774,37,28.94,CRITICAL,Volatile
CELL_2590_15508,12.952999495434115,77.54194846645234,BYATARAYANAPURA,247.5117240736904,38,28.92,CRITICAL,Persistent
CELL_2637_15536,13.187320170881224,77.68040907586207,CHIKKAJALA,249.42409693519315,39,28.24,CRITICAL,Persistent
CELL_2597_15510,12.98747661304761,77.55265809416206,RAJAJINAGAR,246.8714156072768,40,28.71,CRITICAL,Persistent
CELL_2585_15535,12.926566110270269,77.67793705837838,BELLANDUR,247.7993891897674,41,28.24,CRITICAL,Persistent
CELL_2593_15507,12.96727188047467,77.53671446044065,VIJAYANAGARA,243.08274992649612,42,28.42,CRITICAL,Persistent
CELL_2591_15540,12.957448576884422,77.70168362613066,HAL OLD AIRPORT,232.6183009934624,43,28.21,CRITICAL,Persistent
CELL_2587_15538,12.93592184499263,77.69155177939967,HAL OLD AIRPORT,224.43591255399852,44,28.77,CRITICAL,Persistent
CELL_2598_15532,12.993635866081698,77.66292462479798,BANASWADI,267.0599799847247,45,28.36,CRITICAL,Volatile
CELL_2601_15509,13.007962984738956,77.54860816024096,RAJAJINAGAR,221.1172758917532,46,28.09,CRITICAL,Persistent
CELL_2598_15514,12.991600403543307,77.57247231929134,SHESHADRIPURAM,221.2738100493366,47,27.93,CRITICAL,Persistent
CELL_2596_15514,12.98040488992248,77.5744258511628,UPPARPET,210.5792176070014,48,27.85,CRITICAL,Persistent
CELL_2598_15517,12.993432524852071,77.58896158106509,HIGH GROUND,252.79961505796533,49,28.18,CRITICAL,Volatile
CELL_2592_15543,12.963920829530204,77.71741470067114,HAL OLD AIRPORT,250.8255153882639,50,28.19,CRITICAL,Volatile
CELL_2587_15523,12.936369216182571,77.61644822406639,ADUGODI,193.6622351838624,51,28.25,CRITICAL,Persistent
CELL_2581_15520,12.908189314920634,77.6008828879365,MICO LAYOUT,231.8435459451325,52,27.97,CRITICAL,Volatile
CELL_2597_15507,12.98824197216981,77.53761501509433,VIJAYANAGARA,183.7466572811952,53,28.15,CRITICAL,Persistent
CELL_2597_15514,12.98816601826923,77.57366785096154,SHESHADRIPURAM,179.75888532423207,54,27.31,CRITICAL,Persistent
CELL_2609_15515,13.047509024489797,77.57587364040816,KODIGEHALLI,213.35002326876088,55,27.75,CRITICAL,Volatile
CELL_2595_15512,12.975785269226252,77.56133194823231,MAGADI ROAD,177.14305243569217,56,27.28,CRITICAL,Persistent
CELL_2594_15531,12.971689423312885,77.65809814539877,JEEVANBHEEMANAGAR,203.95728616242005,57,27.86,CRITICAL,Volatile
CELL_2578_15527,12.89284214487107,77.63755882662275,HULIMAVU,166.53154566931977,58,27.34,CRITICAL,Persistent
CELL_2595_15511,12.975742545622754,77.55857453848503,MAGADI ROAD,164.68980008520583,59,27.19,CRITICAL,Persistent
CELL_2591_15529,12.95907106250728,77.64711474782608,JEEVANBHEEMANAGAR,162.96281186264082,60,27.33,CRITICAL,Persistent
CELL_2592_15514,12.963825336220472,77.57345427086615,CITY MARKET,159.88779259839953,61,27.46,CRITICAL,Persistent
CELL_2594_15523,12.9727042725094,77.61716614542225,HALASUR,158.82929578376934,62,27.76,CRITICAL,Persistent
CELL_2605_15514,13.028346583233532,77.57256341137725,SADASHIVANAGAR,158.0938923158645,63,27.5,CRITICAL,Persistent
CELL_2585_15516,12.928626779475982,77.58155141222707,JAYANAGARA,190.22852698350144,64,27.46,CRITICAL,Volatile
CELL_2594_15521,12.973186360294118,77.60696920147059,ASHOK NAGAR,156.58718318606714,65,27.16,CRITICAL,Persistent
CELL_2599_15513,12.998431129746836,77.5691183164557,MALLESHWARAM,154.79285733111908,66,26.99,CRITICAL,Persistent
CELL_2600_15514,13.001660532620322,77.57131472834224,MALLESHWARAM,154.5073028793247,67,27.02,CRITICAL,Persistent
CELL_2589_15539,12.94949636895311,77.69953298729361,HAL OLD AIRPORT,148.80285992721448,68,29.35,CRITICAL,Persistent
CELL_2596_15509,12.982453199285716,77.54889756285715,MAGADI ROAD,182.3421988024376,69,27.35,CRITICAL,Volatile
CELL_2593_15516,12.966335118691587,77.58318787663552,HALASURU GATE,144.80137011739873,70,26.95,CRITICAL,Persistent
CELL_2587_15516,12.93912898219697,77.58395649583333,WILSON GARDEN,172.96773466724173,71,27.19,CRITICAL,Volatile
CELL_2599_15539,12.995395294481945,77.69631953541804,MAHADEVAPURA,166.951851301372,72,29.42,CRITICAL,Volatile
CELL_2594_15522,12.972883367857142,77.61363470535714,HALASUR,138.31078359454324,73,26.81,CRITICAL,Persistent
CELL_2585_15536,12.928134362655143,77.68163623267853,BELLANDUR,164.02629313631948,74,27.81,CRITICAL,Volatile
CELL_2599_15508,12.998441313380283,77.54179816056337,VIJAYANAGARA,163.62304065541628,75,27.15,CRITICAL,Volatile
CELL_2594_15542,12.971281993382354,77.7120890264706,HAL OLD AIRPORT,161.61453332165058,76,27.66,CRITICAL,Volatile
CELL_2600_15509,13.000738970491804,77.54969049945356,MALLESHWARAM,135.44896888235985,77,26.69,HIGH,Persistent
CELL_2582_15527,12.912331713861386,77.63666206732674,HSR LAYOUT,162.28662996842274,78,27.05,CRITICAL,Volatile
CELL_2594_15516,12.97288049327731,77.5811688840336,UPPARPET,134.67726502921067,79,27.03,CRITICAL,Persistent
CELL_2601_15511,13.008091263636365,77.55590213846153,MALLESHWARAM,161.99773182956363,80,27.04,CRITICAL,Volatile
CELL_2581_15525,12.90681230687796,77.6289716324656,HSR LAYOUT,131.3372712538241,81,27.61,CRITICAL,Persistent
CELL_2594_15508,12.974137739252336,77.54407874953272,VIJAYANAGARA,159.06550221896416,82,27.12,CRITICAL,Volatile
CELL_2595_15509,12.97683586793893,77.5463929648855,VIJAYANAGARA,130.7913521570852,83,26.73,HIGH,Persistent
CELL_2596_15515,12.982441915625,77.57743037421875,HIGH GROUND,128.15020479008868,84,26.72,HIGH,Persistent
CELL_2592_15519,12.961910104651162,77.59894113178295,ASHOK NAGAR,153.21535867035618,85,26.98,CRITICAL,Volatile
CELL_2593_15517,12.96773364931511,77.5880840191369,HALASURU GATE,125.14388541799568,86,26.62,HIGH,Persistent
CELL_2568_15528,12.842059838235295,77.64433972132352,ELECTRONIC CITY,122.02267736898406,87,26.6,HIGH,Persistent
CELL_2594_15507,12.972108213632444,77.53771113556719,VIJAYANAGARA,145.22660922618994,88,26.86,CRITICAL,Volatile
CELL_2594_15524,12.97347199263158,77.62154244421053,HALASUR,119.48840298144998,89,26.53,HIGH,Persistent
CELL_2590_15539,12.950833070347109,77.69980427717428,HAL OLD AIRPORT,114.77134047383969,90,29.08,CRITICAL,Persistent
CELL_2596_15511,12.98132734242809,77.55800065583249,MAGADI ROAD,117.13655276507151,91,26.88,CRITICAL,Persistent
CELL_2601_15537,13.005876396,77.686139747,K.R. PURA,140.10113263232358,92,27.02,CRITICAL,Volatile
CELL_2599_15516,12.997431105442177,77.58305611224489,SHESHADRIPURAM,115.87367866562836,93,26.81,CRITICAL,Persistent
CELL_2603_15511,13.018225980063802,77.5568735390424,YESHWANTHPURA,135.36423165041052,94,27.34,CRITICAL,Volatile
CELL_2591_15503,12.957132331111112,77.51860903703704,BYATARAYANAPURA,111.22884546289576,95,27.28,CRITICAL,Persistent
CELL_2590_15543,12.951371877396694,77.71748590250091,WHITEFIELD,129.54404051310104,96,29.67,CRITICAL,Volatile
CELL_2601_15513,13.005840286597936,77.56863917319588,MALLESHWARAM,134.70172500336236,97,26.72,HIGH,Volatile
CELL_2619_15519,13.097183283143204,77.59949064674849,YELAHANKA,134.3669119749442,98,26.79,HIGH,Volatile
CELL_2594_15519,12.9715233852071,77.59761876804734,CUBBON PARK,131.96028014335457,99,26.97,CRITICAL,Volatile
CELL_2591_15517,12.956891089908256,77.5861763706422,WILSON GARDEN,109.36392415656267,100,26.4,HIGH,Persistent
CELL_2586_15526,12.932359226865673,77.6317698858209,ADUGODI,128.68217806205263,101,27.69,CRITICAL,Volatile
CELL_2599_15512,12.996411542857144,77.56311455612244,SHESHADRIPURAM,108.34341390383273,102,26.38,HIGH,Persistent
CELL_2592_15507,12.964813296969698,77.53893614545454,VIJAYANAGARA,127.4013828753196,103,26.64,HIGH,Volatile
CELL_2599_15538,12.995975354003727,77.69434991855002,MAHADEVAPURA,120.877248141708,104,28.6,CRITICAL,Volatile
CELL_2591_15543,12.958040841836736,77.71613270510204,HAL OLD AIRPORT,120.22569050498818,105,27.16,CRITICAL,Volatile
CELL_2638_15529,13.1910879125,77.64602871704545,CHIKKAJALA,115.89548164159478,106,28.16,CRITICAL,Volatile
CELL_2637_15535,13.18585163173077,77.679861975,CHIKKAJALA,113.92091144607612,107,27.25,CRITICAL,Volatile
CELL_2592_15510,12.964259594791663,77.55273395729166,MAGADI ROAD,93.91847820888988,108,27.08,CRITICAL,Persistent
CELL_2586_15516,12.931783001639346,77.58339286885247,JAYANAGARA,93.427986130088,109,26.31,HIGH,Persistent
CELL_2587_15503,12.936053594230769,77.5181332625,BYATARAYANAPURA,89.95908628958631,110,26.45,HIGH,Persistent
CELL_2594_15529,12.970863171449343,77.6466258823962,JEEVANBHEEMANAGAR,106.04985962005892,111,27.52,CRITICAL,Volatile
CELL_2583_15514,12.916853741068536,77.57324956111164,JAYANAGARA,88.70742433764048,112,26.4,HIGH,Persistent
CELL_2606_15507,13.030787372856718,77.5360387108134,YESHWANTHPURA,84.58530563049074,113,28.88,CRITICAL,Persistent
CELL_2585_15517,12.927793571910112,77.5859653505618,JAYANAGARA,86.08025679131958,114,26.61,HIGH,Persistent
CELL_2579_15535,12.896499899999998,77.6757094755102,BELLANDUR,86.13371740217642,115,26.09,HIGH,Persistent
CELL_2575_15519,12.876041862222223,77.59608916333333,HULIMAVU,85.72374423241655,116,26.07,HIGH,Persistent
CELL_2612_15517,13.063376260416668,77.58745944791666,KODIGEHALLI,102.3578695000168,117,26.51,HIGH,Volatile
CELL_2592_15528,12.961088203607638,77.64300494966193,JEEVANBHEEMANAGAR,83.3607076491821,118,26.62,HIGH,Persistent
CELL_2593_15528,12.968840956150926,77.64138238150866,JEEVANBHEEMANAGAR,99.42524290956194,119,26.41,HIGH,Volatile
CELL_2600_15522,13.000344656923078,77.61126191076923,PULIKESHINAGAR(F.TOWN),81.27261914762201,120,27.62,CRITICAL,Persistent
CELL_2597_15511,12.98700075376344,77.55623868709678,RAJAJINAGAR,96.83092766562464,121,26.38,HIGH,Volatile
CELL_2597_15519,12.988870414545454,77.59899249818183,SHIVAJINAGAR,80.51979906510888,122,26.28,HIGH,Persistent
CELL_2597_15521,12.986494435106383,77.60727411382979,SHIVAJINAGAR,79.62762342172633,123,26.26,HIGH,Persistent
CELL_2606_15517,13.03425586707317,77.5887052609756,HEBBALA,95.3902823071792,124,26.26,HIGH,Volatile
CELL_2595_15508,12.97822425099796,77.54311210136318,MAGADI ROAD,78.77547819979692,125,26.23,HIGH,Persistent
CELL_2577_15528,12.886853168816073,77.64124596745953,HULIMAVU,94.6004384668328,126,26.18,HIGH,Volatile
CELL_2605_15508,13.027653120481926,77.54257735903614,YESHWANTHPURA,78.49094568087718,127,26.28,HIGH,Persistent
CELL_2582_15525,12.912292747222224,77.62586138472221,HSR LAYOUT,78.47664384444151,128,26.06,HIGH,Persistent
CELL_2589_15514,12.945979847146086,77.5713826978723,BASAVANAGUDI,92.88278244881025,129,26.52,HIGH,Volatile
CELL_2614_15518,13.071662168571429,77.59204346571428,KODIGEHALLI,74.13111369553008,130,26.01,HIGH,Persistent
CELL_2592_15529,12.96070905,77.64782604102564,JEEVANBHEEMANAGAR,72.82356445051681,131,25.97,HIGH,Persistent
CELL_2612_15518,13.06347067356322,77.59102796551724,KODIGEHALLI,72.54807648720559,132,25.96,HIGH,Persistent
CELL_2589_15519,12.947672073770493,77.59704280491803,WILSON GARDEN,86.39876331140967,133,26.11,HIGH,Volatile
CELL_2597_15546,12.986664489705882,77.73396194705883,WHITEFIELD,83.74617825746938,134,27.58,CRITICAL,Volatile
CELL_2603_15506,13.018015961702128,77.53175697872341,RAJAJINAGAR,82.22595866879652,135,27.96,CRITICAL,Volatile
CELL_2596_15510,12.9830471,77.553665292,RAJAJINAGAR,83.70943584077703,136,26.4,HIGH,Volatile
CELL_2594_15514,12.973665684042553,77.5741115787234,UPPARPET,81.94899114405855,137,26.52,HIGH,Volatile
CELL_2577_15512,12.88849165254699,77.56245391577421,THALAGATTAPURA,68.41130533298211,138,25.91,HIGH,Persistent
CELL_2582_15526,12.912782317241378,77.63366845517243,HSR LAYOUT,68.19403530545222,139,25.85,HIGH,Persistent
CELL_2576_15528,12.884156681427148,77.64187035573333,HULIMAVU,67.13936715196456,140,25.84,HIGH,Persistent
CELL_2586_15521,12.931065286046511,77.60875497906977,MICO LAYOUT,78.31919322240432,141,26.6,HIGH,Volatile
CELL_2611_15518,13.05842566170213,77.59219639999999,KODIGEHALLI,65.11171670901751,142,26.26,HIGH,Persistent
CELL_2591_15516,12.9576291172043,77.5815308795699,CITY MARKET,78.14797582900201,143,26.11,HIGH,Volatile
CELL_2596_15512,12.982370063548387,77.56237751396198,MAGADI ROAD,64.51251195985292,144,26.02,HIGH,Persistent
CELL_2575_15529,12.87612098,77.64776783733333,HULIMAVU,64.41432141820857,145,25.8,HIGH,Persistent
CELL_2597_15520,12.988453707142858,77.60264090612246,SHIVAJINAGAR,76.88271915677299,146,26.11,HIGH,Volatile
CELL_2618_15518,13.09395686875,77.59425824374999,YELAHANKA,75.9051098175331,147,25.95,HIGH,Volatile
CELL_2609_15501,13.045760343037974,77.50753951898734,CHIKKABANAVARA,63.08491468841269,148,25.92,HIGH,Persistent
CELL_2605_15517,13.027600183928572,77.5860999267857,R.T. NAGAR,62.39183697729111,149,25.88,HIGH,Persistent
CELL_2595_15522,12.979385250943396,77.61383418679246,SHIVAJINAGAR,62.19547719886069,150,25.8,HIGH,Persistent
CELL_2585_15523,12.926213963636364,77.61842020545454,MADIWALA,74.12980572697346,151,25.95,HIGH,Volatile
CELL_2586_15522,12.93365827142857,77.6124833632653,ADUGODI,71.7487717676826,152,27.16,CRITICAL,Volatile
CELL_2592_15511,12.962820204444446,77.55676003333333,MAGADI ROAD,70.61534605599434,153,27.85,CRITICAL,Volatile
CELL_2605_15515,13.027273684615386,77.57718959384616,SADASHIVANAGAR,71.57364671013117,154,26.08,HIGH,Volatile
CELL_2584_15533,12.92136159053445,77.66675498907038,BELLANDUR,70.70434371346911,155,26.0,HIGH,Volatile
CELL_2583_15534,12.91699096142857,77.67273497428572,BELLANDUR,58.27610777902574,156,26.1,HIGH,Persistent
CELL_2595_15518,12.977409150684933,77.59106230684932,CUBBON PARK,56.73071199377376,157,26.16,HIGH,Persistent
CELL_2636_15536,13.183817628571427,77.68212808571428,CHIKKAJALA,67.93049513158896,158,25.87,HIGH,Volatile
CELL_2595_15527,12.978151553333332,77.63877397,JEEVANBHEEMANAGAR,64.69520981282137,159,28.99,CRITICAL,Volatile
CELL_2588_15513,12.941640557039904,77.5670990385082,BASAVANAGUDI,66.90912561519188,160,25.93,HIGH,Volatile
CELL_2592_15508,12.964341509090907,77.54166084545454,VIJAYANAGARA,55.85462046054478,161,25.69,HIGH,Persistent
CELL_2587_15522,12.935768385542168,77.61259061927711,ADUGODI,65.56426588847737,162,26.43,HIGH,Volatile
CELL_2595_15525,12.978069514705885,77.62820258823528,HALASUR,50.31610299681649,163,32.02,CRITICAL,Persistent
CELL_2582_15514,12.911375313541669,77.57329210833333,J.P. NAGAR,64.97691883554101,164,25.9,HIGH,Volatile
CELL_2592_15527,12.961131218333332,77.63699344,HALASUR,53.49433241559066,165,25.79,HIGH,Persistent
CELL_2598_15507,12.99174101234568,77.53836417037037,VIJAYANAGARA,63.56514936791408,166,26.2,HIGH,Volatile
CELL_2595_15539,12.979034173469389,77.69547827755102,MAHADEVAPURA,60.81268768908646,167,29.37,CRITICAL,Volatile
CELL_2597_15518,12.987185195161292,77.59282452096775,HIGH GROUND,52.84045770891577,168,25.72,HIGH,Persistent
CELL_2598_15522,12.992269418604652,77.61165019069767,PULIKESHINAGAR(F.TOWN),62.49483910710796,169,25.85,HIGH,Volatile
CELL_2595_15510,12.977623250943395,77.55347390377358,MAGADI ROAD,51.20434605821245,170,25.76,HIGH,Persistent
CELL_2597_15500,12.989427677941178,77.50100085882353,KAMAKSHIPALYA,58.469741183153616,171,26.05,HIGH,Volatile
CELL_2598_15518,12.992011282051282,77.59402468461539,HIGH GROUND,58.257739982759816,172,25.72,HIGH,Volatile
CELL_2590_15540,12.952258216149255,77.70012339426552,HAL OLD AIRPORT,56.24319808770685,173,28.31,CRITICAL,Volatile
CELL_2594_15528,12.970278748484848,77.64288219242424,JEEVANBHEEMANAGAR,56.003976807479695,174,26.68,HIGH,Volatile
CELL_2600_15513,13.000931226923075,77.56937255384615,MALLESHWARAM,46.97927717264657,175,25.7,HIGH,Persistent
CELL_2598_15521,12.992903174074074,77.60786127407408,PULIKESHINAGAR(F.TOWN),54.84580467633921,176,27.07,CRITICAL,Volatile
CELL_2604_15516,13.02287791707317,77.58455389512196,R.T. NAGAR,46.04001803070419,177,26.06,HIGH,Persistent
CELL_2587_15515,12.938075476789008,77.57721383974265,BASAVANAGUDI,54.152508621655805,178,25.72,HIGH,Volatile
CELL_2582_15517,12.912749114492756,77.58622013913043,J.P. NAGAR,53.80551011160144,179,25.91,HIGH,Volatile
CELL_2591_15514,12.9581777703125,77.57260883125,V.V.PURAM (C.PET),52.32852885410149,180,26.0,HIGH,Volatile
CELL_2584_15523,12.924523816718938,77.61854425499999,MADIWALA,51.50284045268131,181,25.75,HIGH,Volatile
CELL_2601_15505,13.0075974125,77.52676509166666,RAJAJINAGAR,50.25885887901086,182,27.37,CRITICAL,Volatile
CELL_2568_15535,12.840329253846154,77.67684993076924,ELECTRONIC CITY,49.48244858644857,183,28.56,CRITICAL,Volatile
CELL_2592_15517,12.96194535,77.58778709761904,HALASURU GATE,50.90859826688381,184,26.1,HIGH,Volatile
CELL_2584_15524,12.921769691795694,77.6219940176544,MADIWALA,50.755910096598846,185,25.98,HIGH,Volatile
CELL_2592_15502,12.961049411538465,77.51156221538461,JNANABHARATHI,50.30047245801053,186,26.11,HIGH,Volatile
CELL_2581_15526,12.9063404,77.63083893529412,HSR LAYOUT,50.342851938083214,187,25.62,HIGH,Volatile
CELL_2585_15538,12.927649370731707,77.69474812195122,BELLANDUR,48.45326592399083,188,28.53,CRITICAL,Volatile
CELL_2586_15523,12.934422241860466,77.61644125581395,ADUGODI,41.85439449179074,189,25.52,MODERATE,Persistent
CELL_2602_15539,13.010609169565216,77.69773913260869,K.R. PURA,49.19243549301722,190,26.62,HIGH,Volatile
CELL_2598_15520,12.990918651923076,77.60138720384614,SHIVAJINAGAR,48.17743167871309,191,25.65,HIGH,Volatile
CELL_2598_15523,12.994517342,77.61566753999999,PULIKESHINAGAR(F.TOWN),39.39660297942541,192,27.12,CRITICAL,Persistent
CELL_2597_15523,12.987610266666666,77.61844256666666,PULIKESHINAGAR(F.TOWN),39.6041141946167,193,25.85,HIGH,Persistent
CELL_2594_15518,12.9713134125,77.593370340625,HALASURU GATE,47.05385743942702,194,26.24,HIGH,Volatile
CELL_2585_15526,12.927071864788733,77.63342198309859,ADUGODI,46.32692300805487,195,26.78,HIGH,Volatile
CELL_2610_15510,13.051018404545454,77.55263526136365,JALAHALLI,38.4169885590823,196,26.67,HIGH,Persistent
CELL_2602_15509,13.010872931578948,77.54908930789473,MALLESHWARAM,38.68356388750224,197,25.52,MODERATE,Persistent
CELL_2587_15517,12.937530937931037,77.5851137586207,WILSON GARDEN,45.00995948426631,198,25.56,MODERATE,Volatile
CELL_2591_15513,12.957109857575755,77.56828673030303,V.V.PURAM (C.PET),44.30267558258162,199,26.28,HIGH,Volatile
CELL_2593_15531,12.9668149721519,77.65829778227848,JEEVANBHEEMANAGAR,42.584267073065554,200,17.85,LOW,Volatile
CELL_2610_15518,13.051292573809524,77.5929919047619,KODIGEHALLI,43.15617558963005,201,25.68,HIGH,Volatile
CELL_2597_15515,12.988238969444446,77.57696616666667,SHESHADRIPURAM,35.81245670922413,202,25.44,MODERATE,Persistent
CELL_2592_15540,12.960806554216598,77.70161360573026,HAL OLD AIRPORT,40.189380963300366,203,26.61,HIGH,Volatile
CELL_2595_15520,12.97832526744186,77.6025408627907,SHIVAJINAGAR,40.5221054097823,204,25.64,HIGH,Volatile
CELL_2599_15534,12.998743465139254,77.67291826618185,BANASWADI,32.901379034223915,205,26.73,HIGH,Persistent
CELL_2586_15539,12.931953848275862,77.69571242068966,HAL OLD AIRPORT,31.912101089956145,206,29.12,CRITICAL,Persistent
CELL_2592_15512,12.960926891935484,77.56153248064517,CHAMARAJPET,39.84389929237965,207,25.82,HIGH,Volatile
CELL_2599_15523,12.997334023076922,77.6180887102564,PULIKESHINAGAR(F.TOWN),39.581408487008176,208,25.95,HIGH,Volatile
CELL_2597_15509,12.98746233548387,77.54962878709678,VIJAYANAGARA,39.20945953901485,209,25.77,HIGH,Volatile
CELL_2599_15524,12.9989532,77.62393617241379,PULIKESHINAGAR(F.TOWN),39.30030028124129,210,20.49,LOW,Volatile
CELL_2599_15511,12.998250988333332,77.55739157666667,MALLESHWARAM,38.84085456019964,211,25.48,MODERATE,Volatile
CELL_2592_15546,12.963370231578947,77.73305184473683,WHITEFIELD,36.63311378199459,212,23.93,MODERATE,Volatile
CELL_2582_15521,12.913789182926829,77.60767663658537,MICO LAYOUT,37.896939146650304,213,25.54,MODERATE,Volatile
CELL_2594_15501,12.972300314705883,77.50800321764706,JNANABHARATHI,31.027567280481016,214,26.44,HIGH,Persistent
CELL_2597_15516,12.986890590625,77.580407384375,HIGH GROUND,37.24009252384101,215,26.07,HIGH,Volatile
CELL_2595_15538,12.979183034042554,77.69467203191489,MAHADEVAPURA,33.66709815412703,216,32.74,CRITICAL,Volatile
CELL_2605_15507,13.02926989032258,77.53847691935484,YESHWANTHPURA,30.36425599284042,217,26.37,HIGH,Persistent
CELL_2604_15527,13.022479207142856,77.63845583571428,BANASWADI,30.665720233490315,218,25.38,MODERATE,Persistent
CELL_2583_15516,12.919346662857144,77.58239325714287,JAYANAGARA,30.41006457892402,219,25.72,HIGH,Persistent
CELL_2583_15515,12.917485793103449,77.57801981034483,JAYANAGARA,30.40379886158076,220,25.68,HIGH,Persistent
CELL_2589_15515,12.948526531707316,77.57826435853659,V.V.PURAM (C.PET),36.12198639223512,221,25.45,MODERATE,Volatile
CELL_2603_15510,13.017874814285715,77.55242276428571,YESHWANTHPURA,29.871466372843805,222,26.01,HIGH,Persistent
CELL_2587_15525,12.937831570509678,77.62645219136927,ADUGODI,35.877107832139984,223,25.53,MODERATE,Volatile
CELL_2590_15518,12.952870104166664,77.59226712499999,WILSON GARDEN,35.752977878260694,224,25.57,HIGH,Volatile
CELL_2584_15516,12.922181590029288,77.58216271201808,JAYANAGARA,35.679872111369235,225,25.67,HIGH,Volatile
CELL_2590_15517,12.954558632142858,77.58565837857144,WILSON GARDEN,35.65775049556458,226,25.44,MODERATE,Volatile
CELL_2590_15521,12.95153231764706,77.60748918823529,ASHOK NAGAR,35.47126620425296,227,20.57,LOW,Volatile
CELL_2593_15518,12.967799993333331,77.59266200333333,HALASURU GATE,35.29578326098492,228,25.44,MODERATE,Volatile
CELL_2609_15550,13.045917785185184,77.7503258925926,K.R. PURA,29.17483213385304,229,25.86,HIGH,Persistent
CELL_2574_15530,12.870645762857142,77.65325012571428,ELECTRONIC CITY,34.97600316439231,230,25.47,MODERATE,Volatile
CELL_2589_15517,12.946190449180328,77.58787740983607,WILSON GARDEN,34.70090887960602,231,25.43,MODERATE,Volatile
CELL_2608_15503,13.040496853846154,77.51861949230769,CHIKKABANAVARA,28.519653463186927,232,26.59,HIGH,Persistent
CELL_2624_15526,13.122023571304346,77.63095099782609,CHIKKAJALA,33.810547056359646,233,27.24,CRITICAL,Volatile
CELL_2587_15520,12.936896925,77.60173033,MICO LAYOUT,27.967739925457803,234,27.22,CRITICAL,Persistent
CELL_2580_15535,12.902189070967742,77.67570309354838,BELLANDUR,33.96306652585564,235,25.52,MODERATE,Volatile
CELL_2576_15519,12.882077078200782,77.59605077183757,J.P. NAGAR,33.72100079777619,236,25.47,MODERATE,Volatile
CELL_2609_15518,13.048801645,77.59276650000001,HEBBALA,33.293865769447144,237,25.41,MODERATE,Volatile
CELL_2588_15505,12.94344709142857,77.52664254857143,BYATARAYANAPURA,32.99605202543837,238,25.96,HIGH,Volatile
CELL_2597_15503,12.987333501802295,77.51928182874116,KAMAKSHIPALYA,32.77487914708907,239,25.4,MODERATE,Volatile
CELL_2588_15524,12.941296220000002,77.62124924,ADUGODI,27.144156478258225,240,25.56,MODERATE,Persistent
CELL_2585_15510,12.926649741304349,77.55085684347827,BANASHANKARI,31.85761362423807,241,26.99,CRITICAL,Volatile
CELL_2587_15518,12.938133163888889,77.59264482222221,WILSON GARDEN,31.35179881004332,242,25.39,MODERATE,Volatile
CELL_2594_15513,12.97325092,77.56685718571428,MAGADI ROAD,30.892071585081027,243,25.53,MODERATE,Volatile
CELL_2595_15517,12.97718154,77.58905987333334,CUBBON PARK,30.37084286292582,244,26.77,HIGH,Volatile
CELL_2574_15531,12.8706167,77.65657837307693,ELECTRONIC CITY,30.331418842649924,245,25.49,MODERATE,Volatile
CELL_2577_15527,12.889157662509792,77.63956644827157,HSR LAYOUT,24.618100076498823,246,25.3,MODERATE,Persistent
CELL_2593_15540,12.968923159901706,77.7010090082162,HAL OLD AIRPORT,28.624728133922183,247,27.31,CRITICAL,Volatile
CELL_2599_15537,12.998602006666664,77.68836458666667,MAHADEVAPURA,28.697361090722225,248,26.75,HIGH,Volatile
CELL_2609_15514,13.047230354545457,77.57384395,KODIGEHALLI,28.9689007468795,249,25.36,MODERATE,Volatile
CELL_2593_15513,12.967601044444445,77.567691775,CHAMARAJPET,28.568630254684905,250,25.81,HIGH,Volatile
CELL_2595_15528,12.97845144375,77.64102630000001,JEEVANBHEEMANAGAR,26.84038986430244,251,30.3,CRITICAL,Volatile
CELL_2582_15536,12.912192463636364,77.68146296363636,BELLANDUR,23.59115029987664,252,25.29,MODERATE,Persistent
CELL_2587_15506,12.938064115555555,77.53320507111111,BANASHANKARI,27.997506836595942,253,25.41,MODERATE,Volatile
CELL_2601_15515,13.007151545454546,77.57916775454545,SADASHIVANAGAR,27.768500022177623,254,26.0,HIGH,Volatile
CELL_2590_15514,12.953678807142856,77.57289239285714,V.V.PURAM (C.PET),27.90664697827415,255,25.45,MODERATE,Volatile
CELL_2601_15518,13.00665387,77.5927619775,R.T. NAGAR,27.67877919131928,256,25.38,MODERATE,Volatile
CELL_2587_15540,12.937189471428573,77.70205968571429,HAL OLD AIRPORT,27.55289055201088,257,25.55,MODERATE,Volatile
CELL_2604_15506,13.021404846666666,77.53191100000001,RAJAJINAGAR,27.038868738555465,258,26.83,CRITICAL,Volatile
CELL_2600_15505,13.001788905882352,77.5260012235294,RAJAJINAGAR,22.45421437329304,259,26.86,CRITICAL,Persistent
CELL_2596_15528,12.98387288235294,77.64064355294119,JEEVANBHEEMANAGAR,26.10884145392575,260,28.01,CRITICAL,Volatile
CELL_2609_15499,13.04886094736842,77.49781970701754,CHIKKABANAVARA,21.86262190415027,261,27.24,CRITICAL,Persistent
CELL_2581_15514,12.907904557894735,77.57298325263157,J.P. NAGAR,26.451948648199096,262,25.76,HIGH,Volatile
CELL_2582_15535,12.91333873,77.67794178,BELLANDUR,26.411121087555173,263,25.32,MODERATE,Volatile
CELL_2591_15509,12.9559554,77.54635412592592,BYATARAYANAPURA,26.217651789461364,264,25.88,HIGH,Volatile
CELL_2599_15521,12.997548742857145,77.60751701904762,PULIKESHINAGAR(F.TOWN),26.062214498542875,265,25.46,MODERATE,Volatile
CELL_2586_15517,12.931807186666669,77.58605152666665,JAYANAGARA,25.98084623749158,266,25.42,MODERATE,Volatile
CELL_2619_15517,13.099327912500002,77.58817075,YELAHANKA,25.649474555570382,267,25.6,HIGH,Volatile
CELL_2608_15502,13.041848386111113,77.514503975,PEENYA,25.181917725260007,268,26.77,HIGH,Volatile
CELL_2583_15530,12.917223944444444,77.65174584444443,HSR LAYOUT,21.446273010302967,269,25.26,MODERATE,Persistent
CELL_2593_15521,12.969945546666668,77.60676634666667,ASHOK NAGAR,25.56803620960013,270,25.31,MODERATE,Volatile
CELL_2596_15517,12.9812264,77.58809358333333,CUBBON PARK,25.384569684800745,271,25.31,MODERATE,Volatile
CELL_2588_15521,12.94208495945946,77.60845341891893,ADUGODI,24.64775157508301,272,26.48,HIGH,Volatile
CELL_2583_15517,12.916397631428572,77.58619326857142,J.P. NAGAR,24.8912264155143,273,25.69,HIGH,Volatile
CELL_2583_15527,12.916352344999998,77.63709734,HSR LAYOUT,20.88402073804049,274,25.4,MODERATE,Persistent
CELL_2588_15549,12.942843466666666,77.74822827222222,WHITEFIELD,20.34313344787666,275,27.21,CRITICAL,Persistent
CELL_2587_15521,12.93757655,77.60770555,MICO LAYOUT,24.724060199037705,276,25.6,HIGH,Volatile
CELL_2588_15504,12.940470238461538,77.5245410076923,BYATARAYANAPURA,24.53897697115945,277,20.99,LOW,Volatile
CELL_2579_15519,12.895089082051282,77.59923589230769,J.P. NAGAR,24.691399838619542,278,25.34,MODERATE,Volatile
CELL_2594_15525,12.97336850625,77.6261612375,HALASUR,24.673053963889505,279,25.3,MODERATE,Volatile
CELL_2600_15551,13.002772969553194,77.75714509206836,MAHADEVAPURA,24.610535379670992,280,25.3,MODERATE,Volatile
CELL_2599_15535,12.999781018181816,77.67631873636364,MAHADEVAPURA,24.265968824339623,281,26.39,HIGH,Volatile
CELL_2593_15527,12.968697183333337,77.63698558,JEEVANBHEEMANAGAR,24.200730297402007,282,26.42,HIGH,Volatile
CELL_2583_15524,12.918787667857144,77.62183574642857,MADIWALA,24.343882063392364,283,25.81,HIGH,Volatile
CELL_2598_15519,12.991192407692306,77.5986948,HIGH GROUND,24.29016205028145,284,25.41,MODERATE,Volatile
CELL_2611_15509,13.057144064705884,77.54699047647058,JALAHALLI,24.19613806478184,285,25.38,MODERATE,Volatile
CELL_2583_15519,12.91702314,77.59655932000001,JAYANAGARA,23.791117975441264,286,25.59,HIGH,Volatile
CELL_2613_15518,13.067929094067214,77.59316625690583,KODIGEHALLI,23.77302368742757,287,25.47,MODERATE,Volatile
CELL_2589_15518,12.94598486,77.59346054666666,WILSON GARDEN,19.864945803399824,288,25.24,MODERATE,Persistent
CELL_2580_15540,12.903839525440866,77.70361857664258,BELLANDUR,23.57093863484204,289,25.29,MODERATE,Volatile
CELL_2601_15516,13.006539848387096,77.58127052580645,SADASHIVANAGAR,22.91088865283552,290,26.05,HIGH,Volatile
CELL_2582_15496,12.91264280745303,77.48095001114739,KENGERI,22.85645809573031,291,26.22,HIGH,Volatile
CELL_2585_15537,12.92986791824396,77.68530647391596,HAL OLD AIRPORT,21.899597273292024,292,28.42,CRITICAL,Volatile
CELL_2594_15527,12.970092368181817,77.63929870454545,JEEVANBHEEMANAGAR,22.6969566606166,293,25.35,MODERATE,Volatile
CELL_2591_15531,12.958931255396967,77.65897500609994,JEEVANBHEEMANAGAR,21.919266563399383,294,27.88,CRITICAL,Volatile
CELL_2590_15519,12.95128112962963,77.59664065555555,WILSON GARDEN,22.40864769114558,295,25.33,MODERATE,Volatile
CELL_2600_15523,13.000923306666667,77.61823317333332,PULIKESHINAGAR(F.TOWN),22.290469056107813,296,25.27,MODERATE,Volatile
CELL_2578_15519,12.89410778125,77.59908448125,J.P. NAGAR,22.126433754546937,297,25.27,MODERATE,Volatile
CELL_2600_15544,13.003272066666668,77.72348603333333,MAHADEVAPURA,21.181431728309207,298,28.26,CRITICAL,Volatile
CELL_2598_15511,12.992299755555557,77.55606221111111,RAJAJINAGAR,21.87863231453627,299,25.27,MODERATE,Volatile
CELL_2563_15537,12.818638866666667,77.68915073333334,ELECTRONIC CITY,20.842970299245227,300,29.0,CRITICAL,Volatile
CELL_2584_15534,12.923482052273044,77.67272472871991,BELLANDUR,21.398282722319284,301,26.85,CRITICAL,Volatile
CELL_2595_15524,12.975449533333334,77.62070564444444,HALASUR,21.603873048925703,302,25.26,MODERATE,Volatile
CELL_2588_15519,12.944413025925927,77.59714395925927,WILSON GARDEN,21.41552674006661,303,20.26,LOW,Volatile
CELL_2604_15517,13.02452595625,77.58513856875,R.T. NAGAR,21.342879057709887,304,25.26,MODERATE,Volatile
CELL_2598_15500,12.99017793846154,77.5037628423077,KAMAKSHIPALYA,21.129893527681507,305,25.95,HIGH,Volatile
CELL_2585_15521,12.927253876470589,77.60907632352941,MICO LAYOUT,20.72509435310817,306,26.66,HIGH,Volatile
CELL_2610_15501,13.0527272125,77.507733025,CHIKKABANAVARA,17.58851543070667,307,25.31,MODERATE,Persistent
CELL_2591_15510,12.957770027586209,77.55315033103447,CHAMARAJPET,20.2246324285235,308,27.57,CRITICAL,Volatile
CELL_2581_15527,12.906325214285715,77.63807061428572,HSR LAYOUT,20.761104613353545,309,25.25,MODERATE,Volatile
CELL_2598_15539,12.99478750332256,77.69796619607928,MAHADEVAPURA,20.20854715730872,310,25.92,HIGH,Volatile
CELL_2588_15512,12.941576251515151,77.56248498484848,BASAVANAGUDI,20.357724623155583,311,15.25,LOW,Volatile
CELL_2601_15551,13.006856025,77.7571354375,MAHADEVAPURA,16.93389734989293,312,25.3,MODERATE,Persistent
CELL_2601_15524,13.007102172222222,77.62158913055555,PULIKESHINAGAR(F.TOWN),20.157162123946268,313,15.24,LOW,Volatile
CELL_2596_15550,12.983271912903223,77.75208036129031,WHITEFIELD,20.07832310527344,314,25.49,MODERATE,Volatile
CELL_2579_15543,12.896721727272729,77.71996253181818,WHITEFIELD,20.05343332493169,315,25.38,MODERATE,Volatile
CELL_2596_15526,12.981205645,77.63142509000001,HALASUR,18.40033024181076,316,31.45,CRITICAL,Volatile
CELL_2628_15523,13.1441455625,77.6178419,CHIKKAJALA,19.85071865980228,317,25.24,MODERATE,Volatile
CELL_2607_15503,13.03914014,77.51875593999999,PEENYA,19.6548719299236,318,25.99,HIGH,Volatile
CELL_2611_15501,13.055176121428572,77.50757162142858,CHIKKABANAVARA,16.534848929781635,319,25.63,HIGH,Persistent
CELL_2601_15508,13.00824829090909,77.5433434909091,RAJAJINAGAR,19.747570941460403,320,25.24,MODERATE,Volatile
CELL_2599_15525,12.999481784210523,77.62548221578948,PULIKESHINAGAR(F.TOWN),19.589528851275457,321,20.4,LOW,Volatile
CELL_2575_15508,12.876535940406084,77.54405254155915,THALAGATTAPURA,16.238100275919926,322,26.01,HIGH,Persistent
CELL_2591_15518,12.957319023529411,77.59248202352941,WILSON GARDEN,16.079730344302277,323,25.19,MODERATE,Persistent
CELL_2582_15510,12.911299097788472,77.55191073385602,K.S. LAYOUT,18.380435315553363,324,28.17,CRITICAL,Volatile
CELL_2571_15517,12.857248267857145,77.58899398214285,HULIMAVU,19.050704490332794,325,25.23,MODERATE,Volatile
CELL_2591_15530,12.95758492339214,77.6536331258992,JEEVANBHEEMANAGAR,15.25929049802403,326,28.71,CRITICAL,Persistent
CELL_2591_15541,12.95656088125,77.70831035625,HAL OLD AIRPORT,18.81294274490461,327,15.32,LOW,Volatile
CELL_2586_15524,12.932930496,77.62307061599999,ADUGODI,18.801943009436844,328,25.23,MODERATE,Volatile
CELL_2588_15518,12.9448649418592,77.59486058142858,WILSON GARDEN,18.75054082269753,329,25.23,MODERATE,Volatile
CELL_2581_15539,12.9066457,77.69757487894736,BELLANDUR,18.69763977715791,330,25.23,MODERATE,Volatile
CELL_2595_15519,12.978308542857144,77.59913122857142,CUBBON PARK,18.51798660473837,331,20.44,LOW,Volatile
CELL_2603_15541,13.01785056,77.708889024,K.R. PURA,17.5198481256292,332,27.55,CRITICAL,Volatile
CELL_2619_15516,13.097804941935484,77.58428148387097,YELAHANKA,17.578712676961587,333,20.31,LOW,Volatile
CELL_2602_15506,13.01401444137931,77.53261210344829,RAJAJINAGAR,17.30755778371374,334,16.37,LOW,Volatile
CELL_2568_15530,12.840613079166667,77.65122078750001,ELECTRONIC CITY,17.423669852218215,335,25.37,MODERATE,Volatile
CELL_2593_15529,12.969192403319154,77.6477263090806,JEEVANBHEEMANAGAR,17.272344700718776,336,25.75,HIGH,Volatile
CELL_2596_15541,12.983780253846154,77.70826181538462,MAHADEVAPURA,17.31915143677631,337,25.44,MODERATE,Volatile
CELL_2581_15509,12.90759746035711,77.54679664189875,K.S. LAYOUT,17.147957492721055,338,25.84,HIGH,Volatile
CELL_2588_15516,12.941321934615384,77.58341495384614,WILSON GARDEN,17.248570391558015,339,20.21,LOW,Volatile
CELL_2580_15528,12.90346303818331,77.64202971590503,HSR LAYOUT,16.66586250694482,340,15.48,LOW,Volatile
CELL_2613_15517,13.06979043076923,77.58726172307692,KODIGEHALLI,16.704322705536377,341,25.2,MODERATE,Volatile
CELL_2611_15515,13.059737148361515,77.57679063865714,KODIGEHALLI,16.578311831528993,342,25.2,MODERATE,Volatile
CELL_2608_15517,13.04109335,77.58963545,HEBBALA,16.444868257693898,343,25.57,HIGH,Volatile
CELL_2593_15549,12.968099733333334,77.74960820476191,WHITEFIELD,16.1659952771522,344,26.69,HIGH,Volatile
CELL_2584_15520,12.920920179166666,77.60066349166667,MICO LAYOUT,16.33837135194627,345,20.38,LOW,Volatile
CELL_2607_15547,13.0357895125,77.73542194375,K.R. PURA,15.314625810909934,346,29.97,CRITICAL,Volatile
CELL_2598_15543,12.993226766666668,77.71726454666667,MAHADEVAPURA,15.108980757808167,347,27.48,CRITICAL,Volatile
CELL_2580_15525,12.9031488375,77.6263206,MADIWALA,15.404483210618093,348,25.25,MODERATE,Volatile
CELL_2581_15508,12.906071738461538,77.54212806923077,K.S. LAYOUT,12.88723378977008,349,25.15,MODERATE,Persistent
CELL_2584_15522,12.920834416666668,77.61047713333333,MICO LAYOUT,15.075188998356207,350,26.26,HIGH,Volatile
CELL_2583_15523,12.915464933333332,77.61574725833333,MICO LAYOUT,15.046586777835216,351,10.18,LOW,Volatile
CELL_2598_15515,12.993667785714283,77.57723842857142,SHESHADRIPURAM,12.60911438871891,352,25.15,MODERATE,Persistent
CELL_2587_15549,12.938039981206758,77.7469895695641,WHITEFIELD,14.290340909582858,353,27.63,CRITICAL,Volatile
CELL_2594_15520,12.9719155,77.60142675,CUBBON PARK,14.61598919206139,354,25.18,MODERATE,Volatile
CELL_2597_15541,12.985881621428572,77.70851807857142,MAHADEVAPURA,14.002667264837797,355,23.17,MODERATE,Volatile
CELL_2602_15525,13.01319382857143,77.62658378571429,BANASWADI,14.45053329416978,356,25.28,MODERATE,Volatile
CELL_2597_15501,12.98902978,77.50783982,KAMAKSHIPALYA,14.361352111680116,357,25.17,MODERATE,Volatile
CELL_2600_15518,13.0033634,77.593999815,R.T. NAGAR,14.360418937627912,358,20.17,LOW,Volatile
CELL_2604_15510,13.021910915,77.55248128000001,YESHWANTHPURA,14.17942819857771,359,21.07,LOW,Volatile
CELL_2581_15518,12.906250088235296,77.59180526470588,J.P. NAGAR,14.222628706859364,360,25.52,MODERATE,Volatile
CELL_2598_15513,12.992700742857142,77.56713382857143,SHESHADRIPURAM,11.682493020148398,361,26.64,HIGH,Persistent
CELL_2582_15528,12.912003026666666,77.64421184,HSR LAYOUT,14.0756546005345,362,25.17,MODERATE,Volatile
CELL_2583_15533,12.918759576470588,77.66963048235294,BELLANDUR,14.04269864174003,363,25.34,MODERATE,Volatile
CELL_2600_15526,13.00218574618106,77.63309944073481,BANASWADI,13.73556743968945,364,26.36,HIGH,Volatile
CELL_2585_15519,12.927866257142856,77.59866755714286,JAYANAGARA,13.61550822223864,365,26.56,HIGH,Volatile
CELL_2585_15524,12.927130166666666,77.62098472666666,MADIWALA,13.79772566840082,366,20.16,LOW,Volatile
CELL_2587_15504,12.939037363636364,77.52295333636363,BYATARAYANAPURA,13.452008742725116,367,21.25,LOW,Volatile
CELL_2581_15517,12.90585625,77.58581703333333,J.P. NAGAR,13.449550009623266,368,25.41,MODERATE,Volatile
CELL_2593_15520,12.9682084,77.60203856666666,ASHOK NAGAR,13.429437116165673,369,25.16,MODERATE,Volatile
CELL_2588_15517,12.94315666923077,77.58568713076923,WILSON GARDEN,13.26275440752591,370,25.39,MODERATE,Volatile
CELL_2584_15530,12.923089833333334,77.65141836666668,HSR LAYOUT,13.292516139309177,371,25.16,MODERATE,Volatile
CELL_2592_15509,12.964183028571428,77.54940185714285,MAGADI ROAD,13.188181767965713,372,25.16,MODERATE,Volatile
CELL_2591_15546,12.956311567011324,77.73144363123667,WHITEFIELD,12.877235526829574,373,26.84,CRITICAL,Volatile
CELL_2592_15513,12.96286306,77.56713944666667,CHAMARAJPET,12.982078862808464,374,26.05,HIGH,Volatile
CELL_2600_15542,13.004373986666668,77.71087831333334,K.R. PURA,13.121841921029572,375,25.16,MODERATE,Volatile
CELL_2589_15505,12.945781088888888,77.52893174444445,BYATARAYANAPURA,12.95883298591863,376,25.49,MODERATE,Volatile
CELL_2596_15529,12.9811812625,77.64630708125,JEEVANBHEEMANAGAR,12.661142768114802,377,15.34,LOW,Volatile
CELL_2616_15509,13.081716947813,77.54821112299005,YELAHANKA,12.38130020604148,378,26.25,HIGH,Volatile
CELL_2573_15530,12.869769241666669,77.65334454166667,ELECTRONIC CITY,12.490890530763831,379,20.15,LOW,Volatile
CELL_2607_15513,13.03665132222222,77.5666581,KODIGEHALLI,12.448692816271336,380,25.15,MODERATE,Volatile
CELL_2580_15518,12.901919975,77.59406885,J.P. NAGAR,10.469571864854384,381,25.12,MODERATE,Persistent
CELL_2593_15519,12.966025075,77.59739772500001,ASHOK NAGAR,12.222442695556502,382,25.9,HIGH,Volatile
CELL_2600_15524,13.00059401,77.621780065,PULIKESHINAGAR(F.TOWN),12.27229908832943,383,15.22,LOW,Volatile
CELL_2591_15539,12.9564368,77.6962281,HAL OLD AIRPORT,11.944573329195451,384,27.14,CRITICAL,Volatile
CELL_2581_15535,12.907429613333331,77.67604415333334,BELLANDUR,10.229519513711065,385,25.12,MODERATE,Persistent
CELL_2610_15552,13.053531325,77.761881475,K.R. PURA,11.229801826691716,386,30.1,CRITICAL,Volatile
CELL_2583_15522,12.917594305882352,77.6104972235294,MICO LAYOUT,11.76470018845892,387,25.36,MODERATE,Volatile
CELL_2587_15498,12.939518675,77.49303325,JNANABHARATHI,11.429075096803048,388,25.14,MODERATE,Volatile
CELL_2606_15506,13.033927295238096,77.53098560476191,YESHWANTHPURA,10.7519993513555,389,27.59,CRITICAL,Volatile
CELL_2602_15501,13.011322592307693,77.50600183846154,PEENYA,11.054717696777791,390,25.13,MODERATE,Volatile
CELL_2609_15508,13.04809142,77.54277838,JALAHALLI,10.341311027681408,391,29.55,CRITICAL,Volatile
CELL_2589_15516,12.94783383125,77.5800509375,WILSON GARDEN,10.716979404771353,392,20.13,LOW,Volatile
CELL_2597_15495,12.986141026666669,77.47805287333334,KAMAKSHIPALYA,10.577685582487872,393,25.92,HIGH,Volatile
CELL_2601_15522,13.008122266666668,77.61320246666666,K.G. HALLI,9.00847110264181,394,25.1,MODERATE,Persistent
CELL_2597_15542,12.9886065,77.7108473,MAHADEVAPURA,10.609775380501524,395,25.12,MODERATE,Volatile
CELL_2591_15549,12.957454842857144,77.74599228571428,WHITEFIELD,10.587093207886134,396,25.12,MODERATE,Volatile
CELL_2602_15513,13.011905213333334,77.56904125999999,MALLESHWARAM,10.532904886358107,397,25.12,MODERATE,Volatile
CELL_2602_15516,13.011346066666666,77.58359946,SADASHIVANAGAR,10.30611383974439,398,26.17,HIGH,Volatile
CELL_2619_15515,13.09952175,77.57772655,YELAHANKA,10.105966072823351,399,25.12,MODERATE,Volatile
CELL_2587_15514,12.9369147,77.57343003333334,BASAVANAGUDI,9.952635486015684,400,25.12,MODERATE,Volatile
CELL_2579_15514,12.897564509540912,77.5714008237706,K.S. LAYOUT,9.861590847101716,401,25.12,MODERATE,Volatile
CELL_2584_15515,12.9201217,77.5777017,JAYANAGARA,9.845206094983244,402,25.12,MODERATE,Volatile
CELL_2596_15506,12.982220640783249,77.53225141294853,KAMAKSHIPALYA,9.764827579562334,403,25.11,MODERATE,Volatile
CELL_2589_15513,12.94668861,77.56732196,BASAVANAGUDI,9.648789419929606,404,25.11,MODERATE,Volatile
CELL_2593_15530,12.96813945,77.651461375,JEEVANBHEEMANAGAR,9.583400148367751,405,25.49,MODERATE,Volatile
CELL_2589_15507,12.948986775,77.536592775,BYATARAYANAPURA,9.20767032654431,406,28.11,CRITICAL,Volatile
CELL_2580_15541,12.9013004,77.7086893,WHITEFIELD,9.429124414951474,407,16.05,LOW,Volatile
CELL_2576_15509,12.882569501148872,77.54793554554848,THALAGATTAPURA,9.487532188820404,408,25.11,MODERATE,Volatile
CELL_2582_15530,12.91283655,77.65159700000001,HSR LAYOUT,9.418878996090363,409,25.11,MODERATE,Volatile
CELL_2596_15516,12.9811609,77.5811267875,HIGH GROUND,9.12980669693476,410,26.32,HIGH,Volatile
CELL_2595_15550,12.9794667,77.75131016666667,WHITEFIELD,7.7293526380455155,411,25.09,MODERATE,Persistent
CELL_2582_15520,12.91351835,77.60362285,MICO LAYOUT,8.99547884126661,412,25.1,MODERATE,Volatile
CELL_2592_15549,12.961114125,77.74754105,WHITEFIELD,7.263955055707211,413,27.52,CRITICAL,Persistent
CELL_2608_15522,13.0421095375,77.613583075,HEBBALA,8.720402512070878,414,25.1,MODERATE,Volatile
CELL_2602_15507,13.011436845454543,77.53565676363637,RAJAJINAGAR,8.559211180610918,415,26.6,HIGH,Volatile
CELL_2587_15519,12.938257758333334,77.59833634166667,WILSON GARDEN,8.674166025445999,416,20.1,LOW,Volatile
CELL_2578_15531,12.894271842857142,77.65719607142857,BELLANDUR,8.61175313731164,417,25.31,MODERATE,Volatile
CELL_2596_15505,12.983845268119254,77.52884086917926,KAMAKSHIPALYA,8.604922796954602,418,25.1,MODERATE,Volatile
CELL_2584_15517,12.9229177625,77.5857594125,JAYANAGARA,8.523760421101391,419,25.1,MODERATE,Volatile
CELL_2578_15514,12.892389991666668,77.5719947,THALAGATTAPURA,8.398549669006048,420,20.1,LOW,Volatile
CELL_2575_15527,12.876469833333331,77.6388998,ELECTRONIC CITY,8.321276345494544,421,20.1,LOW,Volatile
CELL_2582_15497,12.913973341666669,77.48678985,KENGERI,8.018872639948368,422,23.09,LOW,Volatile
CELL_2578_15513,12.893847075,77.5676795625,K.S. LAYOUT,8.295188515423366,423,25.1,MODERATE,Volatile
CELL_2605_15504,13.02693199,77.52032405,PEENYA,7.893860350844594,424,18.77,LOW,Volatile
CELL_2624_15522,13.122414125,77.6107394875,YELAHANKA,7.893694778232251,425,25.28,MODERATE,Volatile
CELL_2619_15520,13.095507,77.60043495,YELAHANKA,7.805404740303093,426,25.09,MODERATE,Volatile
CELL_2583_15508,12.919148154545455,77.5421144,BANASHANKARI,7.550264066917042,427,27.27,CRITICAL,Volatile
CELL_2570_15517,12.852091857142856,77.58832414285715,THALAGATTAPURA,6.5243012204776845,428,25.07,MODERATE,Persistent
CELL_2611_15494,13.05731058,77.47292084,NO POLICE STATION,7.613658679587482,429,25.91,HIGH,Volatile
CELL_2597_15504,12.9863306,77.5216713,KAMAKSHIPALYA,7.546436933734586,430,21.59,LOW,Volatile
CELL_2608_15518,13.042299433333334,77.59280220000001,HEBBALA,7.54347148134125,431,26.09,HIGH,Volatile
CELL_2591_15544,12.955824183333334,77.72164945,WHITEFIELD,7.126056536603037,432,27.96,CRITICAL,Volatile
CELL_2599_15520,12.9950191,77.60345530000001,PULIKESHINAGAR(F.TOWN),6.990309957553851,433,29.2,CRITICAL,Volatile
CELL_2594_15502,12.9729233,77.51222966,JNANABHARATHI,6.183278499263972,434,25.07,MODERATE,Persistent
CELL_2590_15524,12.95398288888889,77.62229742222222,ASHOK NAGAR,7.275492282186965,435,25.08,MODERATE,Volatile
CELL_2609_15525,13.045964502127658,77.62744678829787,HENNURU,7.118994155990127,436,15.25,LOW,Volatile
CELL_2599_15515,12.99660542,77.57594279,SHESHADRIPURAM,7.059547056129889,437,20.38,LOW,Volatile
CELL_2606_15513,13.03387242857143,77.56865498571429,SADASHIVANAGAR,6.93170128544252,438,26.36,HIGH,Volatile
CELL_2597_15496,12.98528556,77.48062692,KAMAKSHIPALYA,6.925764954350796,439,10.23,LOW,Volatile
CELL_2618_15519,13.092651663636362,77.5964736090909,YELAHANKA,6.669165792047914,440,23.35,MODERATE,Volatile
CELL_2603_15508,13.015988685714284,77.5438752,RAJAJINAGAR,6.920577604210362,441,25.08,MODERATE,Volatile
CELL_2596_15513,12.982861657142855,77.56809015714285,SHESHADRIPURAM,6.845444093050656,442,25.51,MODERATE,Volatile
CELL_2605_15503,13.02806705,77.51939544999999,PEENYA,6.549049124555743,443,24.2,MODERATE,Volatile
CELL_2589_15521,12.9492744125,77.60592820000001,ADUGODI,6.670121729528011,444,25.08,MODERATE,Volatile
CELL_2599_15505,12.999821825,77.5255831625,RAJAJINAGAR,6.477062396253508,445,26.57,HIGH,Volatile
CELL_2592_15501,12.960746433333334,77.50815601666666,JNANABHARATHI,5.553065104679298,446,25.06,MODERATE,Persistent
CELL_2591_15512,12.958496328571428,77.56249911428571,CHAMARAJPET,6.220217757924308,447,27.86,CRITICAL,Volatile
CELL_2605_15526,13.026047675,77.6308611,K.G. HALLI,6.3037605506806935,448,25.07,MODERATE,Volatile
CELL_2593_15511,12.968988366666666,77.55784806666666,MAGADI ROAD,5.257249789013041,449,26.06,HIGH,Persistent
CELL_2606_15514,13.033305633333333,77.572349,KODIGEHALLI,6.143053759117783,450,25.57,HIGH,Volatile
CELL_2608_15516,13.043625885714286,77.58395572857144,KODIGEHALLI,6.03619561466498,451,15.71,LOW,Volatile
CELL_2610_15497,13.0526668,77.48636045,NO POLICE STATION,5.778491157378546,452,28.44,CRITICAL,Volatile
CELL_2609_15509,13.0490484,77.5476523,JALAHALLI,5.663604227253786,453,29.56,CRITICAL,Volatile
CELL_2602_15511,13.0129931,77.555224125,MALLESHWARAM,5.850579361870178,454,21.56,LOW,Volatile
CELL_2596_15507,12.98459835,77.5370015,KAMAKSHIPALYA,5.950402832830866,455,25.07,MODERATE,Volatile
CELL_2609_15504,13.045982714285714,77.52226901428571,JALAHALLI,5.893387990874702,456,25.07,MODERATE,Volatile
CELL_2594_15512,12.97474335,77.56264999999999,MAGADI ROAD,5.857696804430335,457,20.07,LOW,Volatile
CELL_2580_15514,12.90375268888889,77.57333002222222,J.P. NAGAR,5.724511461296611,458,15.23,LOW,Volatile
CELL_2569_15534,12.846979988121593,77.67198543041256,ELECTRONIC CITY,5.698724418426583,459,15.23,LOW,Volatile
CELL_2604_15509,13.023684,77.5492782,YESHWANTHPURA,5.64042780713384,460,20.06,LOW,Volatile
CELL_2603_15523,13.019684933333332,77.61886506666666,K.G. HALLI,5.53508134486367,461,25.31,MODERATE,Volatile
CELL_2581_15538,12.90783575,77.6936503,BELLANDUR,5.529561625365708,462,25.06,MODERATE,Volatile
CELL_2588_15523,12.940510014285715,77.61926917142857,ADUGODI,5.459677991843071,463,15.7,LOW,Volatile
CELL_2584_15526,12.924782833333332,77.63257786666667,ADUGODI,5.464477155904294,464,20.06,LOW,Volatile
CELL_2600_15516,13.004078300000002,77.58274031666666,SADASHIVANAGAR,5.379755586101898,465,25.56,MODERATE,Volatile
CELL_2598_15540,12.9939119,77.7019981,MAHADEVAPURA,5.281375177221241,466,26.56,HIGH,Volatile
CELL_2614_15520,13.0727524375,77.6037586625,HEBBALA,5.1776225853004085,467,11.93,LOW,Volatile
CELL_2600_15537,13.00021,77.68510166666667,MAHADEVAPURA,5.172142261720053,467,22.06,LOW,Volatile
CELL_2581_15516,12.906258625,77.581502825,J.P. NAGAR,4.495273275861234,469,25.42,MODERATE,Persistent
CELL_2596_15535,12.983596533333332,77.67977713333333,BANASWADI,5.25477764297373,470,20.23,LOW,Volatile
CELL_2583_15526,12.9166263,77.6349555,HSR LAYOUT,5.204628838996643,471,25.06,MODERATE,Volatile
CELL_2597_15494,12.988409666666668,77.47314146666666,KAMAKSHIPALYA,5.08115940988698,472,26.31,HIGH,Volatile
CELL_2606_15527,13.0328065,77.63709259999999,HENNURU,5.1161190752347325,473,25.48,MODERATE,Volatile
CELL_2575_15509,12.879118666666663,77.54555135,THALAGATTAPURA,5.135793124936887,474,25.06,MODERATE,Volatile
CELL_2603_15512,13.017248225,77.560517675,YESHWANTHPURA,5.02394164862314,475,16.18,LOW,Volatile
CELL_2595_15507,12.9769466,77.53656536666666,VIJAYANAGARA,4.3275506776534645,476,25.55,MODERATE,Persistent
CELL_2600_15508,13.000697033333331,77.54148391666666,VIJAYANAGARA,4.931648110506514,477,15.05,LOW,Volatile
CELL_2584_15512,12.92424765,77.5623496,BANASHANKARI,4.9059996206430725,478,25.05,MODERATE,Volatile
CELL_2573_15507,12.868297,77.5358895,THALAGATTAPURA,4.8514475755631015,479,25.05,MODERATE,Volatile
CELL_2582_15522,12.9117199,77.61003869999999,MICO LAYOUT,4.67943400136585,480,15.05,LOW,Volatile
CELL_2584_15529,12.921881125,77.6451357,HSR LAYOUT,4.658385754587148,481,25.05,MODERATE,Volatile
CELL_2605_15525,13.0257608,77.62799101666667,K.G. HALLI,4.621325892496159,482,25.05,MODERATE,Volatile
CELL_2604_15512,13.022730146511629,77.56293202093023,YESHWANTHPURA,4.6229325855031735,482,10.22,LOW,Volatile
CELL_2602_15518,13.01206835,77.59189115,R.T. NAGAR,4.596560709862392,484,20.3,LOW,Volatile
CELL_2613_15525,13.06885,77.62603,HENNURU,4.50932504080658,485,25.05,MODERATE,Volatile
CELL_2598_15542,12.9920135,77.7139775,MAHADEVAPURA,4.334563147188529,486,20.05,LOW,Volatile
CELL_2612_15514,13.0633011,77.5724723,KODIGEHALLI,4.324322747368733,487,15.05,LOW,Volatile
CELL_2599_15504,12.998485482142856,77.52385688214285,PEENYA,4.283337416028032,488,20.22,LOW,Volatile
CELL_2611_15511,13.0584114,77.55909755,JALAHALLI,4.248449371352013,489,15.04,LOW,Volatile
CELL_2602_15514,13.01457284,77.5742658,SADASHIVANAGAR,4.185033347573072,490,15.64,LOW,Volatile
CELL_2583_15518,12.917011088,77.594062744,JAYANAGARA,4.102807813897327,491,15.21,LOW,Volatile
CELL_2610_15507,13.0547074,77.5366156,JALAHALLI,4.056637700284195,492,20.04,LOW,Volatile
CELL_2605_15532,13.028380807901971,77.66327212902249,BANASWADI,4.052970451682487,493,20.21,LOW,Volatile
CELL_2598_15544,12.991476733333334,77.72084073333333,MAHADEVAPURA,3.919668933325172,494,15.04,LOW,Volatile
CELL_2611_15493,13.0585337,77.4661401,NO POLICE STATION,3.8594661504641454,495,26.04,HIGH,Volatile
CELL_2579_15517,12.89682766,77.58605722,J.P. NAGAR,3.8145300732156446,496,20.64,LOW,Volatile
CELL_2608_15524,13.04038355,77.62409285000001,HENNURU,3.8029220446082768,497,25.04,MODERATE,Volatile
CELL_2604_15552,13.02067564,77.76217598000001,MAHADEVAPURA,3.79314665650148,498,15.04,LOW,Volatile
CELL_2597_15522,12.98946905,77.61331390000001,PULIKESHINAGAR(F.TOWN),3.7792585166005264,499,20.04,LOW,Volatile
CELL_2593_15502,12.968485,77.5101833,JNANABHARATHI,3.7613639624573576,500,15.04,LOW,Volatile
CELL_2609_15549,13.045420533333331,77.74983016666667,K.R. PURA,3.756950866409966,501,25.04,MODERATE,Volatile
CELL_2610_15526,13.050490351219512,77.63042513170733,HENNURU,3.474298822663761,502,5.21,LOW,Emerging
CELL_2601_15501,13.009825125,77.50612545,PEENYA,3.723331070522721,503,25.04,MODERATE,Volatile
CELL_2581_15522,12.906654466666666,77.61239463333334,MICO LAYOUT,3.692242699919682,504,20.04,LOW,Volatile
CELL_2614_15526,13.0722034,77.6336907,HENNURU,3.668113882477252,505,25.04,MODERATE,Volatile
CELL_2586_15508,12.931717666666666,77.54473343333333,BANASHANKARI,3.612411766055584,506,10.04,LOW,Volatile
CELL_2603_15518,13.0150317,77.5926895,R.T. NAGAR,3.60532138927371,507,20.04,LOW,Volatile
CELL_2592_15526,12.961512525,77.634962275,HALASUR,3.59840333025196,508,20.04,LOW,Volatile
CELL_2603_15530,13.01839302,77.65399032,BANASWADI,3.5782073582996707,509,20.04,LOW,Volatile
CELL_2587_15537,12.9354304,77.6888858,HAL OLD AIRPORT,3.5448087490188653,510,20.04,LOW,Volatile
CELL_2588_15515,12.943592725,77.57848394999999,BASAVANAGUDI,3.531258660009131,511,25.04,MODERATE,Volatile
CELL_2585_15518,12.9271354,77.5927247,JAYANAGARA,3.2207171142869604,512,5.03,LOW,Emerging
CELL_2597_15517,12.9893173,77.5888587,HIGH GROUND,3.370175361901969,513,25.03,MODERATE,Volatile
CELL_2608_15510,13.0440913,77.5543982,JALAHALLI,3.367615700831581,514,20.03,LOW,Volatile
CELL_2593_15523,12.96896063076923,77.61738021025641,HALASUR,3.329345201749832,515,20.2,LOW,Volatile
CELL_2605_15516,13.02806497719298,77.58103262105263,KODIGEHALLI,3.17840990807854,516,20.2,LOW,Volatile
CELL_2585_15513,12.9297608,77.56662623333334,BANASHANKARI,3.142112268610929,517,21.03,LOW,Volatile
CELL_2609_15498,13.049581566666667,77.4940805,PEENYA,3.081595158590797,518,11.78,LOW,Volatile
CELL_2600_15515,13.001825466666666,77.57728546666668,SADASHIVANAGAR,2.804784583520642,519,8.53,LOW,Emerging
CELL_2573_15506,12.8669062,77.5347441,THALAGATTAPURA,3.116072018920804,520,20.03,LOW,Volatile
CELL_2588_15522,12.9414231,77.613652225,ADUGODI,3.115006512300228,520,20.2,LOW,Volatile
CELL_2604_15503,13.024851616666666,77.51982385000001,PEENYA,2.884273046196771,522,5.2,LOW,Emerging
CELL_2584_15514,12.922205,77.5701383,BANASHANKARI,3.0408054674721225,523,26.53,HIGH,Volatile
CELL_2588_15509,12.942332466666665,77.54842483333333,BANASHANKARI,2.9935081891482684,524,22.03,LOW,Volatile
CELL_2612_15530,13.061674817525772,77.65177290824742,HENNURU,3.0032625619570323,525,20.2,LOW,Volatile
CELL_2612_15492,13.060786964102563,77.46124334102565,NO POLICE STATION,2.985519440526661,526,15.2,LOW,Volatile
CELL_2605_15502,13.025189666666668,77.51106848888888,PEENYA,2.8883776551954257,527,26.03,HIGH,Volatile
CELL_2587_15510,12.938443866666669,77.5542635,BASAVANAGUDI,2.850645552269552,528,25.78,HIGH,Volatile
CELL_2584_15525,12.924341245959472,77.62874665403645,ADUGODI,2.847846420821411,529,20.03,LOW,Volatile
CELL_2582_15511,12.911705255975743,77.55641200637305,K.S. LAYOUT,2.8208017882220124,530,20.03,LOW,Volatile
CELL_2576_15510,12.884013084797218,77.55065985354135,THALAGATTAPURA,2.78195338258562,531,25.53,MODERATE,Volatile
CELL_2584_15502,12.921978866666668,77.51446776666667,KENGERI,2.587917548560631,532,5.02,LOW,Emerging
CELL_2587_15512,12.9398948,77.56426895,BASAVANAGUDI,2.750348184391069,533,25.03,MODERATE,Volatile
CELL_2600_15532,13.0045929,77.6601883,BANASWADI,2.6914144003170186,534,25.03,MODERATE,Volatile
CELL_2587_15513,12.9396507,77.566609,BASAVANAGUDI,2.6814283423383376,535,25.03,MODERATE,Volatile
CELL_2596_15538,12.9803938,77.6939244,MAHADEVAPURA,2.3263766317778845,536,40.02,CRITICAL,Volatile
CELL_2586_15520,12.931976653125,77.6025679375,MICO LAYOUT,2.5409611973128343,537,15.19,LOW,Volatile
CELL_2611_15530,13.0589687,77.6516915,HENNURU,2.4605644315406767,538,28.02,CRITICAL,Volatile
CELL_2585_15515,12.9271587,77.5779022,JAYANAGARA,2.418692746582103,539,23.77,MODERATE,Volatile
CELL_2609_15526,13.049769753846157,77.63010884615385,HENNURU,2.330473191430768,540,5.19,LOW,Emerging
CELL_2607_15500,13.037112585714286,77.5043846,PEENYA,2.484950348655735,541,15.19,LOW,Volatile
CELL_2598_15541,12.992662445,77.706727435,MAHADEVAPURA,2.44017821784044,542,15.19,LOW,Volatile
CELL_2609_15511,13.04577398,77.55652706666666,JALAHALLI,2.304949421670344,543,15.19,LOW,Volatile
CELL_2594_15526,12.9700097,77.6313015,HALASUR,2.2474765202325484,544,25.02,MODERATE,Volatile
CELL_2600_15541,13.0043759625,77.708950825,K.R. PURA,2.132156395514272,545,10.19,LOW,Volatile
CELL_2583_15539,12.915556585714286,77.69870577142856,BELLANDUR,2.132156395514272,545,10.19,LOW,Volatile
CELL_2627_15523,13.139504156666668,77.61776573916667,CHIKKAJALA,2.1056517782095767,547,15.19,LOW,Volatile
CELL_2584_15511,12.9230133,77.5563983,BANASHANKARI,2.090066320488839,548,15.02,LOW,Volatile
CELL_2579_15530,12.8988311,77.65118196875,HSR LAYOUT,2.083574905094532,549,20.19,LOW,Volatile
CELL_2594_15530,12.97319374074074,77.65344741851851,JEEVANBHEEMANAGAR,2.017901568147752,550,15.19,LOW,Volatile
CELL_2585_15509,12.9265452,77.5483858,BANASHANKARI,2.01455000550051,551,25.02,MODERATE,Volatile
CELL_2602_15515,13.012757,77.57953470000001,SADASHIVANAGAR,1.9373505536293243,552,10.02,LOW,Volatile
CELL_2602_15517,13.01383595,77.58676435000001,R.T. NAGAR,1.865093987118359,553,16.89,LOW,Volatile
CELL_2563_15538,12.81798315,77.69011405,ELECTRONIC CITY,1.758452520568544,554,5.18,LOW,Emerging
CELL_2575_15511,12.878776,77.5552469,THALAGATTAPURA,1.7882241056480286,555,10.01,LOW,Volatile
CELL_2614_15521,13.0717547,77.60667333636364,HEBBALA,1.6774454004450463,556,5.18,LOW,Emerging
CELL_2579_15490,12.8966295,77.45373495,KENGERI,1.6774454004450463,556,5.18,LOW,Emerging
CELL_2612_15500,13.061839683333334,77.50352326666666,CHIKKABANAVARA,1.6774454004450463,556,5.18,LOW,Emerging
CELL_2611_15495,13.05666442222222,77.47653137777777,NO POLICE STATION,1.6774454004450463,556,5.18,LOW,Emerging
CELL_2612_15501,13.06093564,77.50628256,CHIKKABANAVARA,1.6774454004450463,556,5.18,LOW,Emerging
CELL_2598_15506,12.992934,77.53378695,VIJAYANAGARA,1.6774454004450463,556,5.18,LOW,Emerging
CELL_2597_15533,12.98527545,77.6672633,BANASWADI,1.6774454004450463,556,5.18,LOW,Emerging
CELL_2610_15496,13.054328670588236,77.48208012352941,NO POLICE STATION,1.6774454004450463,556,5.18,LOW,Emerging
CELL_2583_15513,12.9186262,77.5664381,BANASHANKARI,1.6728158109351616,564,5.01,LOW,Emerging
CELL_2607_15504,13.0383353,77.5217925,PEENYA,1.6873745007688656,565,16.51,LOW,Volatile
CELL_2584_15521,12.924138,77.6094198,MICO LAYOUT,1.6675634697620263,566,23.01,LOW,Volatile
CELL_2617_15527,13.08695158,77.63518858500001,HENNURU,1.623801615066064,567,10.18,LOW,Volatile
CELL_2611_15529,13.05706866875,77.64824039375,HENNURU,1.623801615066064,567,10.18,LOW,Volatile
CELL_2606_15510,13.03270975,77.5540141125,YESHWANTHPURA,1.623801615066064,567,10.18,LOW,Volatile
CELL_2602_15527,13.0139964,77.63843308,BANASWADI,1.623801615066064,567,10.18,LOW,Volatile
CELL_2594_15540,12.9704248,77.7000586,HAL OLD AIRPORT,1.5793811519870309,571,23.01,LOW,Volatile
CELL_2586_15515,12.9307753,77.5753485,BANASHANKARI,1.5965964530235732,572,10.01,LOW,Volatile
CELL_2610_15529,13.052797066666669,77.64612534,HENNURU,1.5950076548524157,573,20.18,LOW,Volatile
CELL_2581_15537,12.909633144736842,77.68748898947369,BELLANDUR,1.586449010695469,574,15.18,LOW,Volatile
CELL_2575_15489,12.8784438,77.4452977,KENGERI,1.4687758479823405,575,13.01,LOW,Volatile
CELL_2589_15511,12.948161616666669,77.55920059444445,BASAVANAGUDI,1.6774454004450463,576,5.18,LOW,Declining
CELL_2614_15500,13.072180033333332,77.50343091333335,CHIKKABANAVARA,1.6774454004450463,576,5.18,LOW,Declining
CELL_2583_15512,12.9191406,77.5637899,BANASHANKARI,1.4026813111202387,578,13.01,LOW,Volatile
CELL_2593_15547,12.969324964874607,77.73605062244013,WHITEFIELD,1.418358066688644,579,20.18,LOW,Volatile
CELL_2576_15508,12.8802255,77.5441106,THALAGATTAPURA,1.3686417198239544,580,11.51,LOW,Volatile
CELL_2607_15512,13.0382835,77.564995,KODIGEHALLI,1.325081379612893,581,15.01,LOW,Volatile
CELL_2596_15536,12.9829852,77.6803243,BANASWADI,1.2307492660628898,582,15.01,LOW,Volatile
CELL_2584_15510,12.92363656433432,77.55291962568546,BANASHANKARI,1.1819311693940746,583,10.18,LOW,Volatile
CELL_2608_15511,13.04214178888889,77.55725885555556,JALAHALLI,1.1365817578838473,584,15.18,LOW,Volatile
CELL_2606_15546,13.034379261764704,77.73379411764707,K.R. PURA,1.1305353499562645,585,20.18,LOW,Volatile
CELL_2608_15501,13.044089416666669,77.5079119,PEENYA,1.06244967531014,586,15.17,LOW,Volatile
CELL_2616_15526,13.083690985714286,77.6345301857143,HENNURU,1.048984942365367,587,20.17,LOW,Volatile
CELL_2594_15499,12.97008624,77.49658268,JNANABHARATHI,0.9325382127316608,588,15.17,LOW,Volatile
CELL_2581_15540,12.90726048763294,77.70264144316461,BELLANDUR,0.911232178975772,589,10.17,LOW,Volatile
CELL_2594_15539,12.973396240653898,77.69865629896144,MAHADEVAPURA,0.8846223398723291,590,10.17,LOW,Volatile
CELL_2578_15518,12.8912012,77.59424759999999,J.P. NAGAR,0.865590331523543,591,10.17,LOW,Volatile
CELL_2594_15546,12.9700965,77.73180673333333,WHITEFIELD,0.8629892486136932,592,10.17,LOW,Volatile
CELL_2594_15534,12.9738068,77.67350815,BANASWADI,0.8431194792446196,593,15.17,LOW,Volatile
CELL_2596_15542,12.9810025,77.7123049,MAHADEVAPURA,0.8179081347439082,594,0.17,LOW,Volatile
CELL_2576_15500,12.8838377,77.5019219,THALAGATTAPURA,0.8179081347439082,594,0.17,LOW,Volatile
CELL_2602_15528,13.014018366666669,77.64158613333333,BANASWADI,0.8179081347439082,594,0.17,LOW,Volatile
CELL_2585_15512,12.925322833333333,77.56441536666667,BANASHANKARI,0.8179081347439082,594,0.17,LOW,Volatile
CELL_2591_15499,12.958585,77.495605,JNANABHARATHI,0.8179081347439082,594,0.17,LOW,Volatile
CELL_2601_15523,13.0051,77.6197433,PULIKESHINAGAR(F.TOWN),0.8179081347439082,594,0.17,LOW,Volatile
CELL_2606_15516,13.030523033333331,77.58098297777778,KODIGEHALLI,0.8179081347439082,594,0.17,LOW,Volatile
CELL_2611_15510,13.0573201,77.5513413,JALAHALLI,0.8179081347439082,594,0.17,LOW,Volatile
CELL_2611_15526,13.056069263636363,77.63249125454546,HENNURU,0.8179081347439082,594,0.17,LOW,Volatile
CELL_2580_15489,12.9035725,77.4498397,KENGERI,0.8179081347439082,594,0.17,LOW,Volatile
CELL_2611_15496,13.0550263,77.4810676,NO POLICE STATION,0.8179081347439082,594,0.17,LOW,Volatile
CELL_2572_15529,12.8605424,77.6475206,ELECTRONIC CITY,0.8179081347439082,594,0.17,LOW,Volatile
CELL_2612_15526,13.06216425,77.63337680000001,HENNURU,0.6844989477134804,606,5.17,LOW,Emerging
