patrol_rank,cell_lat,cell_lon,ensemble_score,pred_lgbm,pred_rolling,pred_lag1,count_lag1,rolling_mean_3m,recurrence_rate,n_active_months,persistence_score,patrol_tier
1,,,2884.8712390994237,2265.9424781988473,3485.0,3532.0,3532.0,3485.0,1.0,5,1.0,Tier 1 — High
2,,,1703.9925532986686,1075.985106597337,2273.3333333333335,2420.0,2420.0,2273.3333333333335,1.0,5,1.0,Tier 1 — High
3,,,1539.339074197299,1470.2781483945982,1652.0,1543.0,1543.0,1652.0,1.0,5,1.0,Tier 1 — High
4,,,1491.0276375332455,1272.8552750664912,1635.3333333333333,1820.0,1820.0,1635.3333333333333,1.0,5,1.0,Tier 1 — High
5,,,1241.339312745521,1240.0786254910422,1370.3333333333333,1051.0,1051.0,1370.3333333333333,1.0,5,1.0,Tier 1 — High
6,,,1236.9228683679562,1006.8457367359125,1616.3333333333333,1243.0,1243.0,1616.3333333333333,1.0,5,1.0,Tier 1 — High
7,,,1111.6404736783766,1235.680947356753,1030.0,924.0,924.0,1030.0,1.0,5,1.0,Tier 1 — High
8,,,941.4695662050297,722.5391324100593,1174.6666666666667,1139.0,1139.0,1174.6666666666667,1.0,5,1.0,Tier 1 — High
9,,,933.1331246775217,1000.6662493550432,836.6666666666666,909.0,909.0,836.6666666666666,1.0,5,1.0,Tier 1 — High
10,,,848.2465155499783,677.4930310999566,981.0,1076.0,1076.0,981.0,1.0,5,1.0,Tier 1 — High
11,,,670.597915017017,666.395830034034,772.6666666666666,528.0,528.0,772.6666666666666,1.0,5,1.0,Tier 1 — High
12,,,627.0488782912755,523.4977565825511,715.0,754.0,754.0,715.0,1.0,5,1.0,Tier 1 — High
13,,,589.1118409853796,523.0236819707591,648.0,666.0,666.0,648.0,1.0,5,1.0,Tier 1 — High
14,,,528.8618898506043,507.1237797012084,523.6666666666666,591.0,591.0,523.6666666666666,1.0,5,1.0,Tier 1 — High
15,,,517.2582463117416,517.9164926234831,489.6666666666667,557.0,557.0,489.6666666666667,1.0,5,1.0,Tier 1 — High
16,,,513.2353871873647,534.2707743747295,529.6666666666666,436.0,436.0,529.6666666666666,1.0,5,1.0,Tier 1 — High
17,,,510.17987314714424,585.5597462942884,423.3333333333333,452.0,452.0,423.3333333333333,1.0,5,1.0,Tier 1 — High
18,,,509.0944676331426,487.9889352662852,461.6666666666667,633.0,633.0,461.6666666666667,1.0,5,1.0,Tier 1 — High
19,,,494.59327274833987,460.5865454966797,578.3333333333334,454.0,454.0,578.3333333333334,1.0,5,1.0,Tier 1 — High
20,,,494.2362900458768,427.4725800917536,539.6666666666666,593.0,593.0,539.6666666666666,1.0,5,1.0,Tier 1 — High
21,,,482.8246770306368,476.0493540612736,462.0,531.0,531.0,462.0,1.0,5,1.0,Tier 1 — High
22,,,475.0418848970424,498.6837697940848,395.0,536.0,536.0,395.0,1.0,5,1.0,Tier 1 — High
23,,,455.4588466710436,500.9176933420873,372.0,467.0,467.0,372.0,1.0,5,1.0,Tier 1 — High
24,,,449.21021613381305,471.2204322676261,446.0,399.0,399.0,446.0,1.0,5,1.0,Tier 1 — High
25,,,441.4724732549448,467.1449465098896,438.3333333333333,382.0,382.0,438.3333333333333,1.0,5,1.0,Tier 1 — High
26,,,408.05359978088944,412.3071995617788,387.6666666666667,428.0,428.0,387.6666666666667,1.0,5,1.0,Tier 1 — High
27,,,328.5802007175339,311.5604014350678,366.0,315.0,315.0,366.0,1.0,5,1.0,Tier 1 — High
28,,,320.65767174750647,327.9153434950129,274.3333333333333,372.0,372.0,274.3333333333333,1.0,5,1.0,Tier 1 — High
29,,,318.7785446307406,278.7570892614812,348.0,375.0,375.0,348.0,1.0,5,1.0,Tier 1 — High
30,,,307.0176967096473,265.6353934192946,390.0,286.0,286.0,390.0,1.0,5,1.0,Tier 1 — High
31,,,300.3852491625034,226.37049832500682,397.3333333333333,340.0,340.0,397.3333333333333,1.0,5,1.0,Tier 1 — High
32,,,280.0527319172309,240.50546383446184,362.6666666666667,255.0,255.0,362.6666666666667,1.0,5,1.0,Tier 1 — High
33,,,269.6330383087703,278.8660766175406,222.0,318.0,318.0,222.0,1.0,5,1.0,Tier 1 — High
34,,,265.2926557691542,205.98531153830834,351.0,285.0,285.0,351.0,1.0,5,1.0,Tier 1 — High
35,,,256.7061256882596,288.01225137651915,165.66666666666666,315.0,315.0,165.66666666666666,1.0,5,1.0,Tier 1 — High
36,,,248.23068112580702,180.26136225161412,328.3333333333333,298.0,298.0,328.3333333333333,1.0,5,1.0,Tier 1 — High
37,,,244.09686568528144,199.7937313705629,317.3333333333333,245.0,245.0,317.3333333333333,1.0,5,1.0,Tier 1 — High
38,,,239.07085931346944,210.9417186269389,240.66666666666666,307.0,307.0,240.66666666666666,1.0,5,1.0,Tier 1 — High
39,,,233.0146577786235,255.02931555724703,179.66666666666666,258.0,258.0,179.66666666666666,1.0,5,1.0,Tier 1 — High
40,,,232.18941700746512,201.57883401493024,296.6666666666667,212.0,212.0,296.6666666666667,1.0,5,1.0,Tier 1 — High
41,,,230.51357282861136,193.82714565722273,332.6666666666667,169.0,169.0,332.6666666666667,1.0,5,1.0,Tier 1 — High
42,,,224.84934663563163,179.89869327126326,311.6666666666667,207.0,207.0,311.6666666666667,1.0,5,1.0,Tier 1 — High
43,,,218.2013240911732,230.20264818234642,180.33333333333334,245.0,245.0,180.33333333333334,1.0,5,1.0,Tier 1 — High
44,,,217.21218129811075,162.6243625962215,353.6666666666667,149.0,149.0,353.6666666666667,1.0,5,1.0,Tier 1 — High
45,,,213.5741304425781,174.94826088515617,281.0,209.0,209.0,281.0,1.0,5,1.0,Tier 1 — High
46,,,212.8808930371425,147.96178607428502,298.3333333333333,247.0,247.0,298.3333333333333,1.0,5,1.0,Tier 1 — High
47,,,211.97084612042082,155.94169224084166,323.3333333333333,185.0,185.0,323.3333333333333,1.0,5,1.0,Tier 1 — High
48,,,204.65795958253483,175.71591916506964,223.33333333333334,249.0,249.0,223.33333333333334,1.0,5,1.0,Tier 1 — High
49,,,199.37679707858342,122.7535941571668,286.0,261.0,261.0,286.0,1.0,5,1.0,Tier 1 — High
50,,,198.36340116800167,144.72680233600335,287.3333333333333,199.0,199.0,287.3333333333333,1.0,5,1.0,Tier 1 — High
51,,,197.29955289822033,193.99910579644063,181.66666666666666,229.0,229.0,181.66666666666666,1.0,5,1.0,Tier 1 — High
52,,,194.37765750914022,144.7553150182804,237.33333333333334,254.0,254.0,237.33333333333334,1.0,5,1.0,Tier 1 — High
53,,,191.52642164177496,143.25284328354994,266.3333333333333,200.0,200.0,266.3333333333333,1.0,5,1.0,Tier 1 — High
54,,,184.4562209028531,196.51244180570617,111.33333333333333,264.0,264.0,111.33333333333333,1.0,5,1.0,Tier 1 — High
55,,,182.0757709575238,178.35154191504753,163.66666666666666,219.0,219.0,163.66666666666666,1.0,5,1.0,Tier 1 — High
56,,,181.12830341342126,197.85660682684252,152.66666666666666,182.0,182.0,152.66666666666666,1.0,5,1.0,Tier 1 — High
57,,,180.58117466198024,155.76234932396048,181.66666666666666,241.0,241.0,181.66666666666666,1.0,5,1.0,Tier 1 — High
58,,,178.3164700132853,139.43294002657063,253.33333333333334,163.0,163.0,253.33333333333334,1.0,5,1.0,Tier 1 — High
59,,,178.21202491256253,166.42404982512505,130.0,280.0,280.0,130.0,1.0,5,1.0,Tier 1 — High
60,,,168.07569219695318,141.35138439390636,183.33333333333334,212.0,212.0,183.33333333333334,1.0,5,1.0,Tier 1 — High
61,,,163.10666732460206,162.6133346492041,177.33333333333334,143.0,143.0,177.33333333333334,1.0,5,1.0,Tier 1 — High
62,,,160.9324860147825,166.06497202956498,173.66666666666666,129.0,129.0,173.66666666666666,1.0,5,1.0,Tier 1 — High
63,,,159.41704939920277,131.63409879840555,173.33333333333334,208.0,208.0,173.33333333333334,1.0,5,1.0,Tier 1 — High
64,,,156.71008396984803,148.02016793969602,181.66666666666666,141.0,141.0,181.66666666666666,1.0,5,1.0,Tier 1 — High
65,,,156.40185493805592,145.4037098761118,184.33333333333334,142.0,142.0,184.33333333333334,1.0,5,1.0,Tier 1 — High
66,,,156.22993864468518,132.65987728937034,167.0,199.0,199.0,167.0,1.0,5,1.0,Tier 1 — High
67,,,152.5459092965553,131.89181859311054,198.0,136.0,136.0,198.0,1.0,5,1.0,Tier 1 — High
68,,,151.74329299612128,134.48658599224254,210.33333333333334,107.0,107.0,210.33333333333334,1.0,5,1.0,Tier 1 — High
69,,,150.1776775420211,138.5553550840422,185.0,127.0,127.0,185.0,1.0,5,1.0,Tier 1 — High
70,,,149.27656331970064,127.5531266394013,217.66666666666666,101.0,101.0,217.66666666666666,1.0,5,1.0,Tier 1 — High
71,,,148.54002365188273,148.28004730376549,140.0,162.0,162.0,140.0,1.0,5,1.0,Tier 1 — High
72,,,148.53413744429326,129.86827488858657,171.33333333333334,161.0,161.0,171.33333333333334,1.0,5,1.0,Tier 1 — High
73,,,146.05777503019294,116.91555006038588,158.0,201.0,201.0,158.0,1.0,5,1.0,Tier 1 — High
74,,,145.71486616476608,151.02973232953218,117.33333333333333,175.0,175.0,117.33333333333333,1.0,5,1.0,Tier 1 — High
75,,,145.651420784006,131.10284156801202,221.66666666666666,68.0,68.0,221.66666666666666,1.0,5,1.0,Tier 1 — High
76,,,145.47917516886997,121.95835033773992,165.66666666666666,174.0,174.0,165.66666666666666,1.0,5,1.0,Tier 1 — High
77,,,142.96440979419586,119.92881958839172,152.0,187.0,187.0,152.0,1.0,5,1.0,Tier 1 — High
78,,,142.80696336346327,151.41392672692652,105.66666666666667,177.0,177.0,105.66666666666667,1.0,5,1.0,Tier 1 — High
79,,,142.52919367508832,137.45838735017665,174.66666666666666,107.0,107.0,174.66666666666666,1.0,5,1.0,Tier 1 — High
80,,,141.29938193370702,143.79876386741407,156.66666666666666,112.0,112.0,156.66666666666666,1.0,5,1.0,Tier 1 — High
81,,,140.43327286841534,117.0665457368307,161.66666666666666,167.0,167.0,161.66666666666666,1.0,5,1.0,Tier 1 — High
82,,,139.24859262303394,140.49718524606786,150.66666666666666,119.0,119.0,150.66666666666666,1.0,5,1.0,Tier 1 — High
83,,,139.23592541208126,138.27185082416253,111.66666666666667,183.0,183.0,111.66666666666667,1.0,5,1.0,Tier 1 — High
84,,,138.7718984151367,140.54379683027338,112.33333333333333,174.0,174.0,112.33333333333333,1.0,5,1.0,Tier 1 — High
85,,,138.53805952380685,126.07611904761367,145.66666666666666,159.0,159.0,145.66666666666666,1.0,5,1.0,Tier 1 — High
86,,,137.22398449574263,134.44796899148525,166.66666666666666,100.0,100.0,166.66666666666666,1.0,5,1.0,Tier 1 — High
87,,,136.91875037610308,105.83750075220614,174.66666666666666,158.0,158.0,174.66666666666666,1.0,5,1.0,Tier 1 — High
88,,,133.8599032572176,128.31980651443524,167.66666666666666,97.0,97.0,167.66666666666666,1.0,5,1.0,Tier 1 — High
89,,,127.91122761908078,122.82245523816152,134.33333333333334,131.0,131.0,134.33333333333334,1.0,5,1.0,Tier 1 — High
90,,,126.89313919499443,111.58627838998888,124.33333333333333,169.0,169.0,124.33333333333333,1.0,5,1.0,Tier 1 — High
91,,,126.79199330516153,121.98398661032306,146.0,110.0,110.0,146.0,1.0,5,1.0,Tier 1 — High
92,,,125.99483208790951,118.38966417581904,133.33333333333334,134.0,134.0,133.33333333333334,1.0,5,1.0,Tier 1 — High
93,,,122.194621407916,103.98924281583203,212.0,33.0,33.0,212.0,1.0,5,1.0,Tier 1 — High
94,,,121.86059214418069,122.92118428836136,142.66666666666666,88.0,88.0,142.66666666666666,1.0,5,1.0,Tier 1 — High
95,,,121.54072381737281,103.48144763474563,153.33333333333334,119.0,119.0,153.33333333333334,1.0,5,1.0,Tier 1 — High
96,,,116.72178094005082,106.64356188010163,148.0,95.0,95.0,148.0,1.0,5,1.0,Tier 1 — High
97,,,116.27242004392198,100.34484008784396,135.0,128.0,128.0,135.0,1.0,5,1.0,Tier 1 — High
98,,,113.03764678897673,102.27529357795348,141.0,98.0,98.0,141.0,1.0,5,1.0,Tier 1 — High
99,,,112.07161039129589,94.54322078259177,125.33333333333333,136.0,136.0,125.33333333333333,1.0,5,1.0,Tier 1 — High
100,,,110.28068000972318,98.36136001944635,105.66666666666667,147.0,147.0,105.66666666666667,1.0,5,1.0,Tier 1 — High
101,,,108.43404044318376,95.66808088636753,116.0,129.0,129.0,116.0,1.0,5,1.0,Tier 1 — High
102,,,107.6440049682569,100.8880099365138,118.0,109.0,109.0,118.0,1.0,5,1.0,Tier 1 — High
103,,,105.21313014492948,92.22626028985896,122.33333333333333,112.0,112.0,122.33333333333333,1.0,5,1.0,Tier 1 — High
104,,,104.97186708580608,89.74373417161219,110.33333333333333,135.0,135.0,110.33333333333333,1.0,5,1.0,Tier 1 — High
105,,,104.94527315854162,102.89054631708328,113.0,98.0,98.0,113.0,1.0,5,1.0,Tier 1 — High
106,,,104.06640042449779,82.53280084899556,131.33333333333334,117.0,117.0,131.33333333333334,1.0,5,1.0,Tier 1 — High
107,,,96.2671152178174,75.13423043563482,126.33333333333333,104.0,104.0,126.33333333333333,1.0,5,1.0,Tier 1 — High
108,,,94.75904977537341,77.11809955074682,120.66666666666667,100.0,100.0,120.66666666666667,1.0,5,1.0,Tier 1 — High
109,,,94.13316883166213,83.06633766332426,111.33333333333333,96.0,96.0,111.33333333333333,1.0,5,1.0,Tier 1 — High
110,,,93.82101957133956,80.44203914267914,121.33333333333333,86.0,86.0,121.33333333333333,1.0,5,1.0,Tier 1 — High
111,,,93.41906508675544,99.2381301735109,80.66666666666667,98.0,98.0,80.66666666666667,1.0,5,1.0,Tier 1 — High
112,,,92.84950043117992,92.89900086235983,110.0,67.0,67.0,110.0,1.0,5,1.0,Tier 1 — High
113,,,91.91132744642465,79.62265489284928,81.66666666666667,138.0,138.0,81.66666666666667,1.0,5,1.0,Tier 1 — High
114,,,89.80489912290929,82.00979824581857,98.66666666666667,96.0,96.0,98.66666666666667,1.0,5,1.0,Tier 1 — High
115,,,89.57420213384596,103.3484042676919,89.66666666666667,55.0,55.0,89.66666666666667,1.0,5,1.0,Tier 1 — High
116,,,89.28456552765628,105.16913105531258,93.66666666666667,43.0,43.0,93.66666666666667,1.0,5,1.0,Tier 1 — High
117,,,88.87606678280666,87.75213356561332,90.0,90.0,90.0,90.0,1.0,5,1.0,Tier 1 — High
118,,,88.4351140294471,78.67022805889422,109.0,82.0,82.0,109.0,1.0,5,1.0,Tier 1 — High
119,,,87.80069571890016,88.40139143780033,100.0,68.0,68.0,100.0,1.0,5,1.0,Tier 1 — High
120,,,87.03386790650146,70.86773581300292,110.0,93.0,93.0,110.0,1.0,5,1.0,Tier 1 — High
121,,,86.57592882062433,87.95185764124864,110.66666666666667,47.0,47.0,110.66666666666667,1.0,5,1.0,Tier 1 — High
122,,,86.05332433035042,82.90664866070084,67.33333333333333,122.0,122.0,67.33333333333333,1.0,5,1.0,Tier 1 — High
123,,,85.362480441435,83.52496088287,93.33333333333333,78.0,78.0,93.33333333333333,1.0,5,1.0,Tier 2 — Medium
124,,,84.59984400187975,86.39968800375948,94.66666666666667,65.0,65.0,94.66666666666667,1.0,5,1.0,Tier 2 — Medium
125,,,83.52312661958989,70.64625323917977,91.33333333333333,104.0,104.0,91.33333333333333,1.0,5,1.0,Tier 2 — Medium
126,,,83.34491485325586,95.68982970651173,86.33333333333333,48.0,48.0,86.33333333333333,1.0,5,1.0,Tier 2 — Medium
127,,,82.47452413583413,77.74904827166824,74.66666666666667,106.0,106.0,74.66666666666667,1.0,5,1.0,Tier 2 — Medium
128,,,82.24902229682633,84.09804459365266,92.0,63.0,63.0,92.0,1.0,5,1.0,Tier 2 — Medium
129,,,81.80113440204329,62.00226880408657,88.0,122.0,122.0,88.0,1.0,5,1.0,Tier 2 — Medium
130,,,80.97748044627872,74.35496089255741,104.66666666666667,62.0,62.0,104.66666666666667,1.0,5,1.0,Tier 2 — Medium
131,,,80.6207244597764,81.04144891955282,78.33333333333333,83.0,83.0,78.33333333333333,1.0,5,1.0,Tier 2 — Medium
132,,,79.84453028532477,71.28906057064953,88.0,89.0,89.0,88.0,1.0,5,1.0,Tier 2 — Medium
133,,,78.65331960625623,70.70663921251246,81.66666666666667,94.0,94.0,81.66666666666667,1.0,5,1.0,Tier 2 — Medium
134,,,77.78343909877027,86.76687819754056,95.33333333333333,29.0,29.0,95.33333333333333,1.0,5,1.0,Tier 2 — Medium
135,,,76.71000204544367,70.82000409088734,87.66666666666667,75.0,75.0,87.66666666666667,1.0,5,1.0,Tier 2 — Medium
136,,,76.5077614915293,73.61552298305858,70.33333333333333,93.0,93.0,70.33333333333333,1.0,5,1.0,Tier 2 — Medium
137,,,75.10258453691658,68.40516907383315,73.66666666666667,94.0,94.0,73.66666666666667,1.0,5,1.0,Tier 2 — Medium
138,,,74.38271019754356,82.16542039508712,61.0,75.0,75.0,61.0,1.0,5,1.0,Tier 2 — Medium
139,,,72.89833419425237,81.19666838850473,55.0,79.0,79.0,55.0,1.0,5,1.0,Tier 2 — Medium
140,,,72.66254524346074,61.325090486921475,92.0,72.0,72.0,92.0,1.0,5,1.0,Tier 2 — Medium
141,,,72.62893273142717,68.05786546285435,92.0,55.0,55.0,92.0,1.0,5,1.0,Tier 2 — Medium
142,,,71.34721026330133,70.09442052660266,63.0,87.0,87.0,63.0,1.0,5,1.0,Tier 2 — Medium
143,,,70.97317070900442,68.94634141800883,69.66666666666667,78.0,78.0,69.66666666666667,1.0,5,1.0,Tier 2 — Medium
144,,,70.31563699983413,64.03127399966826,81.0,70.0,70.0,81.0,1.0,5,1.0,Tier 2 — Medium
145,,,69.40153192008921,58.00306384017844,69.33333333333333,98.0,98.0,69.33333333333333,1.0,5,1.0,Tier 2 — Medium
146,,,67.90151557040255,68.80303114080512,47.666666666666664,96.0,96.0,47.666666666666664,1.0,5,1.0,Tier 2 — Medium
147,,,67.5098442823382,60.81968856467639,80.33333333333333,65.0,65.0,80.33333333333333,1.0,5,1.0,Tier 2 — Medium
148,,,67.37847360586011,56.95694721172019,77.66666666666667,78.0,78.0,77.66666666666667,1.0,5,1.0,Tier 2 — Medium
149,,,66.50119527329363,54.202390546587274,66.0,98.0,98.0,66.0,1.0,5,1.0,Tier 2 — Medium
150,,,66.02809098071697,61.85618196143394,87.0,45.0,45.0,87.0,1.0,5,1.0,Tier 2 — Medium
151,,,65.58506804718616,64.17013609437232,57.666666666666664,81.0,81.0,57.666666666666664,1.0,5,1.0,Tier 2 — Medium
152,,,65.17502333380885,69.95004666761771,72.0,43.0,43.0,72.0,1.0,5,1.0,Tier 2 — Medium
153,,,65.07585359257682,57.15170718515364,70.33333333333333,77.0,77.0,70.33333333333333,1.0,5,1.0,Tier 2 — Medium
154,,,65.02767207407273,62.855344148145434,80.66666666666667,47.0,47.0,80.66666666666667,1.0,5,1.0,Tier 2 — Medium
155,,,64.6877547382767,76.9755094765534,61.333333333333336,39.0,39.0,61.333333333333336,1.0,5,1.0,Tier 2 — Medium
156,,,64.01403155504698,63.42806311009397,52.333333333333336,83.0,83.0,52.333333333333336,1.0,5,1.0,Tier 2 — Medium
157,,,63.26086524329075,60.12173048658151,60.666666666666664,75.0,75.0,60.666666666666664,1.0,5,1.0,Tier 2 — Medium
158,,,63.21597799852621,73.23195599705244,59.333333333333336,44.0,44.0,59.333333333333336,1.0,5,1.0,Tier 2 — Medium
159,,,61.6084828671676,61.216965734335204,58.0,68.0,68.0,58.0,1.0,5,1.0,Tier 2 — Medium
160,,,60.89476847866211,48.98953695732421,79.33333333333333,63.0,63.0,79.33333333333333,1.0,5,1.0,Tier 2 — Medium
161,,,60.38424431998438,55.76848863996876,73.0,53.0,53.0,73.0,1.0,5,1.0,Tier 2 — Medium
162,,,59.52609491400234,55.852189828004676,72.66666666666667,49.0,49.0,72.66666666666667,1.0,5,1.0,Tier 2 — Medium
163,,,58.232264416050334,62.26452883210067,37.0,80.0,80.0,37.0,1.0,5,1.0,Tier 2 — Medium
164,,,58.16890503829053,44.33781007658107,67.33333333333333,79.0,79.0,67.33333333333333,1.0,5,1.0,Tier 2 — Medium
165,,,57.618190116891725,61.63638023378346,46.666666666666664,64.0,64.0,46.666666666666664,1.0,5,1.0,Tier 2 — Medium
166,,,56.49966976805958,44.39933953611917,73.0,62.0,62.0,73.0,1.0,5,1.0,Tier 2 — Medium
167,,,55.74203736146529,41.08407472293059,57.333333333333336,90.0,90.0,57.333333333333336,1.0,5,1.0,Tier 2 — Medium
168,,,55.31309031620894,43.62618063241788,74.33333333333333,56.0,56.0,74.33333333333333,1.0,5,1.0,Tier 2 — Medium
169,,,54.81928230643612,51.63856461287224,60.666666666666664,54.0,54.0,60.666666666666664,1.0,5,1.0,Tier 2 — Medium
170,,,53.97477494569096,53.349549891381926,51.0,60.0,60.0,51.0,1.0,5,1.0,Tier 2 — Medium
171,,,53.586533180404246,49.57306636080849,47.333333333333336,73.0,73.0,47.333333333333336,1.0,5,1.0,Tier 2 — Medium
172,,,53.497958150238944,53.79591630047789,71.33333333333333,26.0,26.0,71.33333333333333,1.0,5,1.0,Tier 2 — Medium
173,,,53.352273885005864,48.10454777001173,51.0,70.0,70.0,51.0,1.0,5,1.0,Tier 2 — Medium
174,,,53.223638845755275,52.04727769151055,73.33333333333333,26.0,26.0,73.33333333333333,1.0,5,1.0,Tier 2 — Medium
175,,,52.64477497543585,53.289549950871695,51.333333333333336,53.0,53.0,51.333333333333336,1.0,5,1.0,Tier 2 — Medium
176,,,52.432701271650515,48.86540254330103,47.333333333333336,69.0,69.0,47.333333333333336,1.0,5,1.0,Tier 2 — Medium
177,,,52.248108863980825,47.696217727961645,76.66666666666667,27.0,27.0,76.66666666666667,1.0,5,1.0,Tier 2 — Medium
178,,,51.21719572848274,46.434391456965486,52.0,62.0,62.0,52.0,1.0,5,1.0,Tier 2 — Medium
179,,,51.146483295394866,57.49296659078973,30.666666666666668,66.0,66.0,30.666666666666668,1.0,5,1.0,Tier 2 — Medium
180,,,50.670852096813256,49.341704193626526,58.666666666666664,42.0,42.0,58.666666666666664,1.0,5,1.0,Tier 2 — Medium
181,,,49.842468829134816,43.68493765826964,52.0,62.0,62.0,52.0,1.0,5,1.0,Tier 2 — Medium
182,,,48.528974248832185,58.85794849766436,36.333333333333336,41.0,41.0,36.333333333333336,1.0,5,1.0,Tier 2 — Medium
183,,,48.48930312554684,35.578606251093674,58.333333333333336,66.0,66.0,58.333333333333336,1.0,5,1.0,Tier 2 — Medium
184,,,47.69388271407696,46.58776542815393,54.0,41.0,41.0,54.0,1.0,5,1.0,Tier 2 — Medium
185,,,47.524993009717925,45.84998601943585,47.333333333333336,52.0,52.0,47.333333333333336,1.0,5,1.0,Tier 2 — Medium
186,,,47.300574284571155,44.201148569142305,61.333333333333336,34.0,34.0,61.333333333333336,1.0,5,1.0,Tier 2 — Medium
187,,,46.48674907374488,60.373498147489755,27.0,41.0,41.0,27.0,1.0,5,1.0,Tier 2 — Medium
188,,,46.35778554466688,47.31557108933377,47.666666666666664,42.0,42.0,47.666666666666664,1.0,5,1.0,Tier 2 — Medium
189,,,45.370730269355334,41.14146053871067,65.33333333333333,26.0,26.0,65.33333333333333,1.0,5,1.0,Tier 2 — Medium
190,,,45.34974288465049,39.499485769300975,54.666666666666664,46.0,46.0,54.666666666666664,1.0,5,1.0,Tier 2 — Medium
191,,,45.29659535939669,41.19319071879337,55.0,41.0,41.0,55.0,1.0,5,1.0,Tier 2 — Medium
192,,,44.82448839569642,47.44897679139285,51.0,29.0,29.0,51.0,1.0,5,1.0,Tier 2 — Medium
193,,,44.32118090426268,34.04236180852537,79.66666666666667,17.0,17.0,79.66666666666667,1.0,5,1.0,Tier 2 — Medium
194,,,43.79789168915018,39.19578337830035,38.0,64.0,64.0,38.0,1.0,5,1.0,Tier 2 — Medium
195,,,43.73245724022165,32.66491448044331,75.33333333333333,24.0,24.0,75.33333333333333,1.0,5,1.0,Tier 2 — Medium
196,,,43.43901713637909,30.67803427275818,85.0,13.0,13.0,85.0,1.0,5,1.0,Tier 2 — Medium
197,,,42.610644100117995,44.62128820023598,48.333333333333336,29.0,29.0,48.333333333333336,0.8,4,0.8666666666666667,Tier 2 — Medium
198,,,42.343333016724344,42.88666603344869,41.0,43.0,43.0,41.0,1.0,5,1.0,Tier 2 — Medium
199,,,41.44137371073809,31.482747421476173,38.333333333333336,71.0,71.0,38.333333333333336,1.0,5,1.0,Tier 2 — Medium
200,,,41.29812262597635,33.796245251952705,28.666666666666668,79.0,79.0,28.666666666666668,0.6,3,0.6666666666666666,Tier 2 — Medium
201,,,41.18652584327531,41.57305168655061,39.333333333333336,43.0,43.0,39.333333333333336,1.0,5,1.0,Tier 2 — Medium
202,,,40.85876136056548,40.31752272113096,39.666666666666664,44.0,44.0,39.666666666666664,1.0,5,1.0,Tier 2 — Medium
203,,,40.382039275022656,40.16407855004531,26.333333333333332,62.0,62.0,26.333333333333332,1.0,5,1.0,Tier 2 — Medium
204,,,39.73352505234094,38.66705010468187,42.0,39.0,39.0,42.0,1.0,5,1.0,Tier 2 — Medium
205,,,39.7015868423869,44.403173684773805,34.333333333333336,36.0,36.0,34.333333333333336,1.0,5,1.0,Tier 2 — Medium
206,,,39.49693091838718,39.393861836774356,40.666666666666664,38.0,38.0,40.666666666666664,1.0,5,1.0,Tier 2 — Medium
207,,,38.9346437195337,39.66928743906741,35.666666666666664,42.0,42.0,35.666666666666664,1.0,5,1.0,Tier 2 — Medium
208,,,38.6377714404572,36.27554288091441,45.0,35.0,35.0,45.0,1.0,5,1.0,Tier 2 — Medium
209,,,38.564924829977585,36.92984965995517,41.666666666666664,38.0,38.0,41.666666666666664,0.8,4,0.9333333333333333,Tier 2 — Medium
210,,,38.387709225548704,40.57541845109741,44.333333333333336,24.0,24.0,44.333333333333336,1.0,5,1.0,Tier 2 — Medium
211,,,38.20662900808158,39.21325801616315,39.333333333333336,34.0,34.0,39.333333333333336,0.8,4,0.8666666666666667,Tier 2 — Medium
212,,,38.19727266023532,41.994545320470635,26.666666666666668,46.0,46.0,26.666666666666668,1.0,5,1.0,Tier 2 — Medium
213,,,37.29096616755031,45.38193233510062,28.666666666666668,30.0,30.0,28.666666666666668,1.0,5,1.0,Tier 2 — Medium
214,,,37.20654330508422,32.81308661016844,29.333333333333332,60.0,60.0,29.333333333333332,1.0,5,1.0,Tier 2 — Medium
215,,,36.93790791728751,38.47581583457502,39.0,30.0,30.0,39.0,1.0,5,1.0,Tier 2 — Medium
216,,,36.801134472113105,35.60226894422621,42.666666666666664,31.0,31.0,42.666666666666664,1.0,5,1.0,Tier 2 — Medium
217,,,36.69876171777666,37.99752343555333,37.666666666666664,32.0,32.0,37.666666666666664,1.0,5,1.0,Tier 2 — Medium
218,,,36.36946573505738,37.738931470114764,39.666666666666664,28.0,28.0,39.666666666666664,1.0,5,1.0,Tier 2 — Medium
219,,,36.3012909433147,32.40258188662939,33.666666666666664,50.0,50.0,33.666666666666664,1.0,5,1.0,Tier 2 — Medium
220,,,35.41933394417948,42.43866788835896,26.666666666666668,31.0,31.0,26.666666666666668,1.0,5,1.0,Tier 2 — Medium
221,,,34.93451097771059,42.06902195542118,27.666666666666668,28.0,28.0,27.666666666666668,1.0,5,1.0,Tier 2 — Medium
222,,,34.72099126423642,35.84198252847283,27.333333333333332,43.0,43.0,27.333333333333332,1.0,5,1.0,Tier 2 — Medium
223,,,34.69130968591196,41.382619371823914,27.333333333333332,29.0,29.0,27.333333333333332,1.0,5,1.0,Tier 2 — Medium
224,,,34.63112058287171,33.26224116574342,38.0,33.0,33.0,38.0,1.0,5,1.0,Tier 2 — Medium
225,,,34.624783447460715,35.44956689492144,33.666666666666664,34.0,34.0,33.666666666666664,1.0,5,1.0,Tier 2 — Medium
226,,,33.995811519954735,33.59162303990947,44.0,20.0,20.0,44.0,1.0,5,1.0,Tier 2 — Medium
227,,,33.942750274619264,30.28550054923853,39.333333333333336,35.0,35.0,39.333333333333336,1.0,5,1.0,Tier 2 — Medium
228,,,33.66015276250387,39.920305525007734,28.333333333333332,26.0,26.0,28.333333333333332,1.0,5,1.0,Tier 2 — Medium
229,,,33.48449693555267,40.168993871105336,26.0,28.0,28.0,26.0,1.0,5,1.0,Tier 2 — Medium
230,,,33.04663811039657,33.69327622079315,30.666666666666668,35.0,35.0,30.666666666666668,1.0,5,1.0,Tier 2 — Medium
231,,,32.99836581027194,30.396731620543875,38.666666666666664,31.0,31.0,38.666666666666664,1.0,5,1.0,Tier 2 — Medium
232,,,32.86516236723709,30.53032473447419,42.666666666666664,24.0,24.0,42.666666666666664,1.0,5,1.0,Tier 2 — Medium
233,,,32.61234807294187,32.224696145883726,32.333333333333336,34.0,34.0,32.333333333333336,1.0,5,1.0,Tier 2 — Medium
234,,,32.51982478172005,28.639649563440088,41.333333333333336,29.0,29.0,41.333333333333336,1.0,5,1.0,Tier 2 — Medium
235,,,32.315870210463565,35.43174042092713,25.333333333333332,35.0,35.0,25.333333333333332,1.0,5,1.0,Tier 2 — Medium
236,,,31.589216125184556,25.578432250369104,22.0,61.0,61.0,22.0,1.0,5,1.0,Tier 2 — Medium
237,,,31.37141922176999,25.34283844353998,47.0,23.0,23.0,47.0,1.0,5,1.0,Tier 2 — Medium
238,,,31.31206325874139,26.024126517482784,29.666666666666668,47.0,47.0,29.666666666666668,1.0,5,1.0,Tier 2 — Medium
239,,,31.303181185399392,31.006362370798787,33.333333333333336,29.0,29.0,33.333333333333336,1.0,5,1.0,Tier 2 — Medium
240,,,31.118436576922456,38.83687315384491,29.0,15.0,15.0,29.0,1.0,5,1.0,Tier 2 — Medium
241,,,30.637859628269688,33.47571925653937,33.0,20.0,20.0,33.0,1.0,5,1.0,Tier 2 — Medium
242,,,30.27805707721867,30.156114154437347,32.666666666666664,27.0,27.0,32.666666666666664,1.0,5,1.0,Tier 2 — Medium
243,,,29.510149512026082,28.62029902405216,38.666666666666664,18.0,18.0,38.666666666666664,1.0,5,1.0,Tier 2 — Medium
244,,,29.360600883608612,28.121201767217226,41.666666666666664,14.0,14.0,41.666666666666664,1.0,5,1.0,Tier 3 — Low
245,,,29.192757199242752,28.785514398485503,25.333333333333332,36.0,36.0,25.333333333333332,1.0,5,1.0,Tier 3 — Low
246,,,29.09501608254526,25.190032165090525,37.666666666666664,26.0,26.0,37.666666666666664,1.0,5,1.0,Tier 3 — Low
247,,,29.044643330513892,29.48928666102779,24.333333333333332,35.0,35.0,24.333333333333332,1.0,5,1.0,Tier 3 — Low
248,,,28.88096915925378,28.161938318507563,22.666666666666668,40.0,40.0,22.666666666666668,1.0,5,1.0,Tier 3 — Low
249,,,28.863828893017942,32.12765778603588,28.666666666666668,21.0,21.0,28.666666666666668,1.0,5,1.0,Tier 3 — Low
250,,,28.822768337483502,31.445536674967002,25.666666666666668,27.0,27.0,25.666666666666668,1.0,5,1.0,Tier 3 — Low
251,,,28.819004958608705,32.63800991721741,16.333333333333332,38.0,38.0,16.333333333333332,1.0,5,1.0,Tier 3 — Low
252,,,28.23368751103899,30.26737502207798,19.666666666666668,36.0,36.0,19.666666666666668,1.0,5,1.0,Tier 3 — Low
253,,,28.06277466244124,26.52554932488248,19.333333333333332,45.0,45.0,19.333333333333332,1.0,5,1.0,Tier 3 — Low
254,,,27.86341982316588,30.72683964633176,35.0,10.0,10.0,35.0,1.0,5,1.0,Tier 3 — Low
255,,,27.639472332207674,31.07894466441535,17.0,35.0,35.0,17.0,1.0,5,1.0,Tier 3 — Low
256,,,27.07340161956867,22.14680323913734,38.666666666666664,22.0,22.0,38.666666666666664,1.0,5,1.0,Tier 3 — Low
257,,,27.005289713742876,32.01057942748575,26.0,16.0,16.0,26.0,1.0,5,1.0,Tier 3 — Low
258,,,26.904659543782387,24.809319087564777,43.666666666666664,7.0,7.0,43.666666666666664,1.0,5,1.0,Tier 3 — Low
259,,,26.859827651866148,29.119655303732298,30.333333333333332,16.0,16.0,30.333333333333332,1.0,5,1.0,Tier 3 — Low
260,,,26.54705602662558,25.29411205325116,23.666666666666668,34.0,34.0,23.666666666666668,1.0,5,1.0,Tier 3 — Low
261,,,26.362126667183134,25.724253334366264,35.0,15.0,15.0,35.0,1.0,5,1.0,Tier 3 — Low
262,,,26.206862401367992,27.013724802735986,32.333333333333336,15.0,15.0,32.333333333333336,1.0,5,1.0,Tier 3 — Low
263,,,26.119441586222386,27.23888317244478,27.0,22.0,22.0,27.0,1.0,5,1.0,Tier 3 — Low
264,,,26.100185958616926,23.40037191723385,28.0,30.0,30.0,28.0,1.0,5,1.0,Tier 3 — Low
265,,,26.030289513434255,26.860579026868514,25.333333333333332,25.0,25.0,25.333333333333332,1.0,5,1.0,Tier 3 — Low
266,,,25.989954520127824,23.97990904025565,24.666666666666668,33.0,33.0,24.666666666666668,1.0,5,1.0,Tier 3 — Low
267,,,25.512155534795234,25.624311069590473,31.0,17.0,17.0,31.0,1.0,5,1.0,Tier 3 — Low
268,,,25.361466707784185,24.922933415568373,23.0,30.0,30.0,23.0,1.0,5,1.0,Tier 3 — Low
269,,,25.274015450041542,24.148030900083086,18.0,39.0,39.0,18.0,1.0,5,1.0,Tier 3 — Low
270,,,25.261809258148652,23.723618516297307,31.333333333333332,20.0,20.0,31.333333333333332,1.0,5,1.0,Tier 3 — Low
271,,,25.162771364286023,23.525542728572045,20.666666666666668,36.0,36.0,20.666666666666668,1.0,5,1.0,Tier 3 — Low
272,,,25.085869399620538,25.37173879924108,27.333333333333332,21.0,21.0,27.333333333333332,1.0,5,1.0,Tier 3 — Low
273,,,25.05801667422951,25.716033348459018,24.666666666666668,24.0,24.0,24.666666666666668,1.0,5,1.0,Tier 3 — Low
274,,,25.038037662607906,25.47607532521581,22.333333333333332,28.0,28.0,22.333333333333332,1.0,5,1.0,Tier 3 — Low
275,,,25.03252572965281,25.665051459305626,23.333333333333332,26.0,26.0,23.333333333333332,1.0,5,1.0,Tier 3 — Low
276,,,24.949145185813332,25.49829037162667,33.333333333333336,11.0,11.0,33.333333333333336,1.0,5,1.0,Tier 3 — Low
277,,,24.886474848281363,23.37294969656273,20.0,36.0,36.0,20.0,1.0,5,1.0,Tier 3 — Low
278,,,24.73205988004051,25.06411976008102,26.666666666666668,21.0,21.0,26.666666666666668,1.0,5,1.0,Tier 3 — Low
279,,,24.63856146471304,25.477122929426077,36.333333333333336,5.0,5.0,36.333333333333336,1.0,5,1.0,Tier 3 — Low
280,,,24.637571166417647,21.075142332835295,40.333333333333336,10.0,10.0,40.333333333333336,1.0,5,1.0,Tier 3 — Low
281,,,24.596055590986644,24.192111181973285,17.0,37.0,37.0,17.0,1.0,5,1.0,Tier 3 — Low
282,,,24.42053799091309,19.64107598182618,38.0,16.0,16.0,38.0,1.0,5,1.0,Tier 3 — Low
283,,,24.35314282671259,25.906285653425176,27.333333333333332,16.0,16.0,27.333333333333332,1.0,5,1.0,Tier 3 — Low
284,,,24.35085891657336,22.101717833146722,39.0,8.0,8.0,39.0,1.0,5,1.0,Tier 3 — Low
285,,,24.24277256096252,26.88554512192504,26.0,15.0,15.0,26.0,1.0,5,1.0,Tier 3 — Low
286,,,23.814234999431008,24.428469998862017,24.0,22.0,22.0,24.0,1.0,5,1.0,Tier 3 — Low
287,,,23.206987053277636,26.213974106555273,14.333333333333334,29.0,29.0,14.333333333333334,1.0,5,1.0,Tier 3 — Low
288,,,23.048635916054007,24.497271832108016,18.666666666666668,26.0,26.0,18.666666666666668,1.0,5,1.0,Tier 3 — Low
289,,,23.026297057666397,22.4525941153328,18.0,32.0,32.0,18.0,1.0,5,1.0,Tier 3 — Low
290,,,22.933704036065194,23.867408072130388,24.0,19.0,19.0,24.0,1.0,5,1.0,Tier 3 — Low
291,,,22.834592293341366,22.86918458668273,26.666666666666668,17.0,17.0,26.666666666666668,1.0,5,1.0,Tier 3 — Low
292,,,22.715509766325045,22.031019532650085,33.0,9.0,9.0,33.0,1.0,5,1.0,Tier 3 — Low
293,,,22.573562245264654,22.347124490529314,20.0,27.0,27.0,20.0,1.0,5,1.0,Tier 3 — Low
294,,,22.538756478144638,22.477512956289278,17.0,31.0,31.0,17.0,1.0,5,1.0,Tier 3 — Low
295,,,22.52511437552898,18.45022875105796,35.666666666666664,13.0,13.0,35.666666666666664,0.8,4,0.7333333333333333,Tier 3 — Low
296,,,22.520569848927405,25.041139697854813,24.0,14.0,14.0,24.0,1.0,5,1.0,Tier 3 — Low
297,,,22.341781123767067,24.683562247534134,27.333333333333332,9.0,9.0,27.333333333333332,1.0,5,1.0,Tier 3 — Low
298,,,22.31098044237803,23.021960884756055,25.333333333333332,16.0,16.0,25.333333333333332,1.0,5,1.0,Tier 3 — Low
299,,,22.243427488190235,21.486854976380474,17.666666666666668,31.0,31.0,17.666666666666668,1.0,5,1.0,Tier 3 — Low
300,,,21.916217569746003,22.832435139492013,17.0,27.0,27.0,17.0,0.8,4,0.8,Tier 3 — Low
301,,,21.874546450419473,23.149092900838944,19.666666666666668,22.0,22.0,19.666666666666668,1.0,5,1.0,Tier 3 — Low
302,,,21.741634208698258,23.283268417396517,21.0,19.0,19.0,21.0,1.0,5,1.0,Tier 3 — Low
303,,,21.64047171000037,21.08094342000074,31.0,9.0,9.0,31.0,1.0,5,1.0,Tier 3 — Low
304,,,21.619185606373975,21.43837121274795,17.0,29.0,29.0,17.0,1.0,5,1.0,Tier 3 — Low
305,,,21.575985343506957,19.151970687013915,22.0,27.0,27.0,22.0,1.0,5,1.0,Tier 3 — Low
306,,,21.560710218466493,22.721420436932988,30.666666666666668,5.0,5.0,30.666666666666668,1.0,5,1.0,Tier 3 — Low
307,,,21.51691508741363,25.23383017482726,18.333333333333332,17.0,17.0,18.333333333333332,1.0,5,1.0,Tier 3 — Low
308,,,21.44826232691806,20.496524653836115,13.333333333333334,36.0,36.0,13.333333333333334,0.6,3,0.6,Tier 3 — Low
309,,,21.247860959271783,19.49572191854356,36.333333333333336,3.0,3.0,36.333333333333336,1.0,5,1.0,Tier 3 — Low
310,,,21.205944554988815,24.211889109977633,23.0,11.0,11.0,23.0,1.0,5,1.0,Tier 3 — Low
311,,,20.964660870467842,24.329321740935683,19.333333333333332,15.0,15.0,19.333333333333332,1.0,5,1.0,Tier 3 — Low
312,,,20.888806085162255,20.57761217032451,23.333333333333332,18.0,18.0,23.333333333333332,1.0,5,1.0,Tier 3 — Low
313,,,20.736504002679617,18.673008005359236,36.0,3.0,3.0,36.0,1.0,5,1.0,Tier 3 — Low
314,,,20.546696332260282,22.293392664520567,10.666666666666666,31.0,31.0,10.666666666666666,0.8,4,0.7333333333333333,Tier 3 — Low
315,,,20.477090514123393,24.95418102824679,19.333333333333332,11.0,11.0,19.333333333333332,1.0,5,1.0,Tier 3 — Low
316,,,20.263748411892646,20.12749682378529,20.666666666666668,20.0,20.0,20.666666666666668,1.0,5,1.0,Tier 3 — Low
317,,,20.007357099441993,21.014714198883986,22.333333333333332,14.0,14.0,22.333333333333332,0.8,4,0.8,Tier 3 — Low
318,,,19.920084319307104,19.24016863861421,15.666666666666666,28.0,28.0,15.666666666666666,1.0,5,1.0,Tier 3 — Low
319,,,19.748563852269818,22.897127704539635,25.0,4.0,4.0,25.0,1.0,5,1.0,Tier 3 — Low
320,,,19.74282548975889,18.28565097951778,13.333333333333334,33.0,33.0,13.333333333333334,0.6,3,0.6666666666666666,Tier 3 — Low
321,,,19.67861825587269,19.55723651174538,20.333333333333332,19.0,19.0,20.333333333333332,1.0,5,1.0,Tier 3 — Low
322,,,19.49920651826173,21.59841303652346,9.666666666666666,29.0,29.0,9.666666666666666,0.6,3,0.5333333333333333,Tier 3 — Low
323,,,19.377784203998335,19.55556840799667,16.0,24.0,24.0,16.0,1.0,5,1.0,Tier 3 — Low
324,,,19.36213506532076,22.92427013064152,15.0,17.0,17.0,15.0,1.0,5,1.0,Tier 3 — Low
325,,,19.30219657053609,17.404393141072177,30.0,8.0,8.0,30.0,1.0,5,1.0,Tier 3 — Low
326,,,19.287755304427186,19.175510608854367,14.333333333333334,27.0,27.0,14.333333333333334,1.0,5,1.0,Tier 3 — Low
327,,,19.15052868657942,18.701057373158843,16.0,25.0,25.0,16.0,1.0,5,1.0,Tier 3 — Low
328,,,19.128717752191584,20.057435504383164,17.0,20.0,20.0,17.0,1.0,5,1.0,Tier 3 — Low
329,,,19.124143527134123,19.04828705426825,18.0,21.0,21.0,18.0,1.0,5,1.0,Tier 3 — Low
330,,,19.062542979849862,17.725085959699726,23.333333333333332,16.0,16.0,23.333333333333332,0.6,3,0.8,Tier 3 — Low
331,,,19.00424444329332,22.008488886586637,9.333333333333334,26.0,26.0,9.333333333333334,0.8,4,0.7333333333333333,Tier 3 — Low
332,,,18.90252310066402,18.805046201328043,21.0,16.0,16.0,21.0,1.0,5,1.0,Tier 3 — Low
333,,,18.58858826843724,19.977176536874474,19.333333333333332,14.0,14.0,19.333333333333332,1.0,5,1.0,Tier 3 — Low
334,,,18.35573361300092,22.911467226001836,11.0,18.0,18.0,11.0,1.0,5,1.0,Tier 3 — Low
335,,,18.32251916303833,15.845038326076658,22.0,19.0,19.0,22.0,0.8,4,0.9333333333333333,Tier 3 — Low
336,,,18.288789843975962,17.37757968795193,15.333333333333334,25.0,25.0,15.333333333333334,1.0,5,1.0,Tier 3 — Low
337,,,18.2070377771446,20.214075554289202,16.333333333333332,16.0,16.0,16.333333333333332,1.0,5,1.0,Tier 3 — Low
338,,,18.197302448612596,20.99460489722519,14.333333333333334,17.0,17.0,14.333333333333334,1.0,5,1.0,Tier 3 — Low
339,,,17.937093744541407,21.474187489082812,8.0,24.0,24.0,8.0,0.4,2,0.4,Tier 3 — Low
340,,,17.888095797581162,18.776191595162324,19.666666666666668,13.0,13.0,19.666666666666668,1.0,5,1.0,Tier 3 — Low
341,,,17.824635432650712,22.049270865301423,13.333333333333334,14.0,14.0,13.333333333333334,0.8,4,0.9333333333333333,Tier 3 — Low
342,,,17.570145463099287,21.14029092619857,12.0,17.0,17.0,12.0,1.0,5,1.0,Tier 3 — Low
343,,,17.566226261250602,17.532452522501206,16.666666666666668,19.0,19.0,16.666666666666668,0.6,3,0.8,Tier 3 — Low
344,,,17.073393060181743,17.146786120363483,12.333333333333334,24.0,24.0,12.333333333333334,0.8,4,0.9333333333333333,Tier 3 — Low
345,,,16.96679661736927,17.13359323473854,16.666666666666668,17.0,17.0,16.666666666666668,1.0,5,1.0,Tier 3 — Low
346,,,16.89218752923563,15.184375058471264,22.333333333333332,13.0,13.0,22.333333333333332,1.0,5,1.0,Tier 3 — Low
347,,,16.814157913977755,16.428315827955515,14.666666666666666,21.0,21.0,14.666666666666666,1.0,5,1.0,Tier 3 — Low
348,,,16.81378365529627,16.627567310592536,13.666666666666666,22.0,22.0,13.666666666666666,1.0,5,1.0,Tier 3 — Low
349,,,16.719554619205198,17.439109238410392,14.0,19.0,19.0,14.0,1.0,5,1.0,Tier 3 — Low
350,,,16.46001864572685,19.920037291453703,13.666666666666666,12.0,12.0,13.666666666666666,1.0,5,1.0,Tier 3 — Low
351,,,16.45901385319254,17.918027706385082,15.0,15.0,15.0,15.0,1.0,5,1.0,Tier 3 — Low
352,,,16.438986971444614,19.677973942889224,19.333333333333332,4.0,4.0,19.333333333333332,1.0,5,1.0,Tier 3 — Low
353,,,16.37416516341362,21.348330326827234,16.333333333333332,4.0,4.0,16.333333333333332,1.0,5,1.0,Tier 3 — Low
354,,,16.34927246264479,18.89854492528958,19.666666666666668,5.0,5.0,19.666666666666668,1.0,5,1.0,Tier 3 — Low
355,,,16.213927626483212,20.22785525296642,12.333333333333334,12.0,12.0,12.333333333333334,1.0,5,1.0,Tier 3 — Low
356,,,16.2046035096392,15.209207019278402,18.0,16.0,16.0,18.0,1.0,5,1.0,Tier 3 — Low
357,,,16.085465215737084,18.57093043147417,15.333333333333334,11.0,11.0,15.333333333333334,1.0,5,1.0,Tier 3 — Low
358,,,16.05487339404562,15.109746788091238,12.333333333333334,24.0,24.0,12.333333333333334,1.0,5,1.0,Tier 3 — Low
359,,,16.03964179762459,19.07928359524918,11.666666666666666,15.0,15.0,11.666666666666666,1.0,5,1.0,Tier 3 — Low
360,,,16.017085148281076,17.63417029656215,10.666666666666666,20.0,20.0,10.666666666666666,0.8,4,0.9333333333333333,Tier 3 — Low
361,,,16.003794429714464,18.207588859428924,21.0,3.0,3.0,21.0,1.0,5,1.0,Tier 3 — Low
362,,,15.901919207448893,17.803838414897786,13.333333333333334,15.0,15.0,13.333333333333334,1.0,5,1.0,Tier 3 — Low
363,,,15.773548329820974,19.14709665964195,12.0,13.0,13.0,12.0,1.0,5,1.0,Tier 3 — Low
364,,,15.746471817556799,16.492943635113598,11.666666666666666,20.0,20.0,11.666666666666666,0.8,4,0.9333333333333333,Tier 3 — Low
365,,,15.742745717770337,19.285491435540674,11.0,14.0,14.0,11.0,1.0,5,1.0,Tier 3 — Low
366,,,15.735451020884009,19.270902041768018,11.666666666666666,13.0,13.0,11.666666666666666,1.0,5,1.0,Tier 3 — Low
367,,,15.629016928375597,19.658033856751196,17.333333333333332,3.0,3.0,17.333333333333332,1.0,5,1.0,Tier 3 — Low
368,,,15.483298211680973,17.166596423361945,19.666666666666668,5.0,5.0,19.666666666666668,1.0,5,1.0,Tier 3 — Low
369,,,15.453833890142548,15.707667780285094,16.0,14.0,14.0,16.0,1.0,5,1.0,Tier 3 — Low
370,,,15.320419336463857,19.240838672927715,9.0,15.0,15.0,9.0,1.0,5,1.0,Tier 3 — Low
371,,,15.10661145245646,21.41322290491292,12.0,4.0,4.0,12.0,1.0,5,1.0,Tier 3 — Low
372,,,15.028074460245536,19.65614892049107,12.666666666666666,7.0,7.0,12.666666666666666,1.0,5,1.0,Tier 3 — Low
373,,,14.802166781099634,16.40433356219927,12.0,15.0,15.0,12.0,0.8,4,0.9333333333333333,Tier 3 — Low
374,,,14.527293369985674,14.454586739971347,13.0,17.0,17.0,13.0,1.0,5,1.0,Tier 3 — Low
375,,,14.475562666468702,16.751125332937406,12.333333333333334,12.0,12.0,12.333333333333334,1.0,5,1.0,Tier 3 — Low
376,,,14.357884594062902,15.515769188125802,11.333333333333334,16.0,16.0,11.333333333333334,0.6,3,0.8,Tier 3 — Low
377,,,14.280275149723819,17.360550299447638,10.0,13.0,13.0,10.0,1.0,5,1.0,Tier 3 — Low
378,,,14.19404729702244,18.18809459404488,11.0,9.0,9.0,11.0,1.0,5,1.0,Tier 3 — Low
379,,,14.172621205620542,16.545242411241084,10.333333333333334,14.0,14.0,10.333333333333334,1.0,5,1.0,Tier 3 — Low
380,,,14.080275259891321,16.56055051978264,16.666666666666668,4.0,4.0,16.666666666666668,1.0,5,1.0,Tier 3 — Low
381,,,14.043566971315053,17.687133942630105,12.666666666666666,7.0,7.0,12.666666666666666,1.0,5,1.0,Tier 3 — Low
382,,,14.039273452373951,16.278546904747905,12.333333333333334,11.0,11.0,12.333333333333334,0.8,4,0.9333333333333333,Tier 3 — Low
383,,,13.89675017763867,14.793500355277342,13.666666666666666,12.0,12.0,13.666666666666666,0.8,4,0.9333333333333333,Tier 3 — Low
384,,,13.87993583259932,16.35987166519864,7.666666666666667,17.0,17.0,7.666666666666667,1.0,5,1.0,Tier 3 — Low
385,,,13.70914566794358,18.818291335887164,9.0,8.0,8.0,9.0,1.0,5,1.0,Tier 3 — Low
386,,,13.704905271590288,17.009810543180574,11.333333333333334,9.0,9.0,11.333333333333334,1.0,5,1.0,Tier 3 — Low
387,,,13.565405461161763,14.130810922323525,9.0,19.0,19.0,9.0,1.0,5,1.0,Tier 3 — Low
388,,,13.405029555694545,14.810059111389089,15.333333333333334,7.0,7.0,15.333333333333334,1.0,5,1.0,Tier 3 — Low
389,,,13.21611150735169,16.832223014703377,11.333333333333334,7.0,7.0,11.333333333333334,1.0,5,1.0,Tier 3 — Low
390,,,13.13394130336582,15.86788260673164,7.333333333333333,15.0,15.0,7.333333333333333,1.0,5,1.0,Tier 3 — Low
391,,,13.011022000814457,18.422044001628915,10.666666666666666,3.0,3.0,10.666666666666666,1.0,5,1.0,Tier 3 — Low
392,,,13.004736719709927,15.609473439419855,10.666666666666666,10.0,10.0,10.666666666666666,1.0,5,1.0,Tier 3 — Low
393,,,13.001170473154916,15.202340946309832,8.0,15.0,15.0,8.0,1.0,5,1.0,Tier 3 — Low
394,,,12.871338907694037,15.742677815388072,14.0,4.0,4.0,14.0,1.0,5,1.0,Tier 3 — Low
395,,,12.641861577757714,11.88372315551543,9.0,20.0,20.0,9.0,0.6,3,0.6666666666666666,Tier 3 — Low
396,,,12.635597496815462,16.471194993630924,8.0,10.0,10.0,8.0,1.0,5,1.0,Tier 3 — Low
397,,,12.599280246033297,13.398560492066595,14.333333333333334,8.0,8.0,14.333333333333334,1.0,5,1.0,Tier 3 — Low
398,,,12.523154987103105,16.446309974206212,9.0,8.0,8.0,9.0,0.6,3,0.8,Tier 3 — Low
399,,,12.519144442127661,16.238288884255322,9.333333333333334,8.0,8.0,9.333333333333334,1.0,5,1.0,Tier 3 — Low
400,,,12.200953567744541,14.001907135489082,13.333333333333334,6.0,6.0,13.333333333333334,1.0,5,1.0,Tier 3 — Low
401,,,12.175656431151829,14.551312862303659,5.666666666666667,16.0,16.0,5.666666666666667,0.8,4,0.7333333333333333,Tier 3 — Low
402,,,12.131256345464628,15.462512690929257,12.0,4.0,4.0,12.0,1.0,5,1.0,Tier 3 — Low
403,,,12.06836997076056,16.13673994152112,8.0,8.0,8.0,8.0,1.0,5,1.0,Tier 3 — Low
404,,,12.024090088961035,14.648180177922068,8.333333333333334,11.0,11.0,8.333333333333334,1.0,5,1.0,Tier 3 — Low
405,,,11.93513998786439,15.270279975728782,11.666666666666666,4.0,4.0,11.666666666666666,1.0,5,1.0,Tier 3 — Low
406,,,11.785325809548414,12.77065161909683,8.0,15.0,15.0,8.0,1.0,5,1.0,Tier 3 — Low
407,,,11.515501582237412,12.031003164474827,8.333333333333334,15.0,15.0,8.333333333333334,1.0,5,1.0,Tier 3 — Low
408,,,11.466959608961737,16.133919217923474,5.333333333333333,9.0,9.0,5.333333333333333,1.0,5,1.0,Tier 3 — Low
409,,,11.216084129572728,15.432168259145456,6.333333333333333,8.0,8.0,6.333333333333333,1.0,5,1.0,Tier 3 — Low
410,,,11.132518131787554,13.26503626357511,14.333333333333334,1.0,1.0,14.333333333333334,1.0,5,1.0,Tier 3 — Low
411,,,11.062190626167945,14.724381252335892,5.666666666666667,10.0,10.0,5.666666666666667,1.0,5,1.0,Tier 3 — Low
412,,,10.85979911396617,15.11959822793234,9.666666666666666,2.0,2.0,9.666666666666666,0.8,4,0.7333333333333333,Tier 3 — Low
413,,,10.816943787998808,13.833887575997615,7.666666666666667,8.0,8.0,7.666666666666667,1.0,5,1.0,Tier 3 — Low
414,,,10.815527936419253,12.431055872838508,6.666666666666667,13.0,13.0,6.666666666666667,1.0,5,1.0,Tier 3 — Low
415,,,10.79265921320984,14.58531842641968,10.333333333333334,2.0,2.0,10.333333333333334,1.0,5,1.0,Tier 3 — Low
416,,,10.712517115764006,13.225034231528014,9.0,7.0,7.0,9.0,1.0,5,1.0,Tier 3 — Low
417,,,10.578768690844548,12.357537381689093,8.666666666666666,9.0,9.0,8.666666666666666,1.0,5,1.0,Tier 3 — Low
418,,,10.546915001506342,13.493830003012684,7.333333333333333,8.0,8.0,7.333333333333333,1.0,5,1.0,Tier 3 — Low
419,,,10.526906573766716,12.653813147533432,7.333333333333333,10.0,10.0,7.333333333333333,0.6,3,0.8,Tier 3 — Low
420,,,10.418664868484925,14.237329736969846,8.333333333333334,4.0,4.0,8.333333333333334,0.8,4,0.9333333333333333,Tier 3 — Low
421,,,10.364869984597851,12.5297399691957,8.333333333333334,8.0,8.0,8.333333333333334,1.0,5,1.0,Tier 3 — Low
422,,,10.347455823316244,14.294911646632487,8.666666666666666,3.0,3.0,8.666666666666666,1.0,5,1.0,Tier 3 — Low
423,,,10.26052461744624,12.12104923489248,6.666666666666667,11.0,11.0,6.666666666666667,1.0,5,1.0,Tier 3 — Low
424,,,10.233150953902099,12.466301907804198,5.333333333333333,12.0,12.0,5.333333333333333,0.8,4,0.9333333333333333,Tier 3 — Low
425,,,10.133584814910629,12.667169629821258,7.333333333333333,8.0,8.0,7.333333333333333,1.0,5,1.0,Tier 3 — Low
426,,,10.024239643683863,11.648479287367728,6.0,12.0,12.0,6.0,0.8,4,0.8,Tier 3 — Low
427,,,9.889801632415105,12.17960326483021,11.333333333333334,2.0,2.0,11.333333333333334,1.0,5,1.0,Tier 3 — Low
428,,,9.851018269225888,11.502036538451774,7.666666666666667,9.0,9.0,7.666666666666667,0.8,4,0.9333333333333333,Tier 3 — Low
429,,,9.751145496129428,12.702290992258858,9.333333333333334,3.0,3.0,9.333333333333334,1.0,5,1.0,Tier 3 — Low
430,,,9.620253702831718,13.240507405663434,3.3333333333333335,10.0,10.0,3.3333333333333335,0.4,2,0.4666666666666667,Tier 3 — Low
431,,,9.47107964652195,12.942159293043902,6.666666666666667,5.0,5.0,6.666666666666667,1.0,5,1.0,Tier 3 — Low
432,,,9.36916356803366,10.538327136067316,5.666666666666667,12.0,12.0,5.666666666666667,0.8,4,0.8,Tier 3 — Low
433,,,9.266954520535215,12.13390904107043,6.666666666666667,6.0,6.0,6.666666666666667,1.0,5,1.0,Tier 3 — Low
434,,,9.214653246755947,12.829306493511895,6.666666666666667,4.0,4.0,6.666666666666667,1.0,5,1.0,Tier 3 — Low
435,,,9.075649290030643,12.751298580061285,6.333333333333333,4.0,4.0,6.333333333333333,1.0,5,1.0,Tier 3 — Low
436,,,8.993940756111922,15.587881512223841,1.3333333333333333,4.0,4.0,1.3333333333333333,0.6,3,0.5333333333333333,Tier 3 — Low
437,,,8.980674270633328,12.961348541266656,3.0,8.0,8.0,3.0,0.4,2,0.5333333333333333,Tier 3 — Low
438,,,8.968231901741447,17.336463803482893,1.0,0.0,0.0,1.0,0.6,3,0.4,Tier 3 — Low
438,,,8.968231901741447,17.336463803482893,1.0,0.0,0.0,1.0,0.6,3,0.4,Tier 3 — Low
440,,,8.960777577891395,10.321555155782791,5.333333333333333,11.0,11.0,5.333333333333333,1.0,5,1.0,Tier 3 — Low
441,,,8.914811118958562,17.229622237917123,1.0,0.0,0.0,1.0,0.6,3,0.4,Tier 3 — Low
442,,,8.887608436610101,10.575216873220201,12.0,0.0,0.0,12.0,0.6,3,0.4666666666666667,Tier 3 — Low
443,,,8.886115179623278,10.972230359246556,4.666666666666667,10.0,10.0,4.666666666666667,0.8,4,0.9333333333333333,Tier 3 — Low
444,,,8.875053347193191,11.750106694386382,5.333333333333333,7.0,7.0,5.333333333333333,1.0,5,1.0,Tier 3 — Low
445,,,8.874845176859898,11.549690353719795,5.666666666666667,7.0,7.0,5.666666666666667,1.0,5,1.0,Tier 3 — Low
446,,,8.841725799503951,11.483451599007902,5.0,8.0,8.0,5.0,1.0,5,1.0,Tier 3 — Low
447,,,8.772514522552514,12.14502904510503,7.666666666666667,2.0,2.0,7.666666666666667,1.0,5,1.0,Tier 3 — Low
448,,,8.697893578081914,11.795787156163827,5.333333333333333,6.0,6.0,5.333333333333333,1.0,5,1.0,Tier 3 — Low
449,,,8.682606001083991,11.165212002167982,5.0,8.0,8.0,5.0,1.0,5,1.0,Tier 3 — Low
450,,,8.658514462118292,10.517028924236586,6.666666666666667,7.0,7.0,6.666666666666667,1.0,5,1.0,Tier 3 — Low
451,,,8.650884377483829,12.301768754967659,3.6666666666666665,7.0,7.0,3.6666666666666665,1.0,5,1.0,Tier 3 — Low
452,,,8.599420860222818,12.598841720445636,5.666666666666667,3.0,3.0,5.666666666666667,1.0,5,1.0,Tier 3 — Low
453,,,8.562955280202187,12.525910560404373,6.333333333333333,2.0,2.0,6.333333333333333,0.8,4,0.8666666666666667,Tier 3 — Low
454,,,8.441386418680885,9.882772837361772,4.333333333333333,11.0,11.0,4.333333333333333,0.8,4,0.7333333333333333,Tier 3 — Low
455,,,8.4023543042056,11.604708608411201,7.333333333333333,2.0,2.0,7.333333333333333,1.0,5,1.0,Tier 3 — Low
456,,,8.327745562693911,11.255491125387824,7.666666666666667,2.0,2.0,7.666666666666667,1.0,5,1.0,Tier 3 — Low
457,,,8.277740100274643,12.755480200549286,4.333333333333333,3.0,3.0,4.333333333333333,1.0,5,1.0,Tier 3 — Low
458,,,8.243906103116613,11.087812206233227,4.333333333333333,7.0,7.0,4.333333333333333,1.0,5,1.0,Tier 3 — Low
459,,,8.11839654902648,11.036793098052959,4.666666666666667,6.0,6.0,4.666666666666667,1.0,5,1.0,Tier 3 — Low
460,,,8.117830433275559,11.835660866551116,4.666666666666667,4.0,4.0,4.666666666666667,0.8,4,0.9333333333333333,Tier 3 — Low
461,,,8.09574083208457,13.19148166416914,1.6666666666666667,5.0,5.0,1.6666666666666667,0.6,3,0.5333333333333333,Tier 3 — Low
462,,,8.083893874056923,15.567787748113844,1.0,0.0,0.0,1.0,0.2,1,0.2,Tier 3 — Low
463,,,8.056853278055257,11.313706556110514,6.666666666666667,2.0,2.0,6.666666666666667,1.0,5,1.0,Tier 3 — Low
464,,,8.049973471768633,10.499946943537266,4.666666666666667,7.0,7.0,4.666666666666667,1.0,5,1.0,Tier 3 — Low
465,,,7.855824756475396,10.311649512950792,3.6666666666666665,8.0,8.0,3.6666666666666665,1.0,5,1.0,Tier 3 — Low
466,,,7.830446464403224,10.060892928806446,4.666666666666667,7.0,7.0,4.666666666666667,0.6,3,0.8,Tier 3 — Low
467,,,7.782747715228354,11.565495430456709,2.6666666666666665,6.0,6.0,2.6666666666666665,0.8,4,0.7333333333333333,Tier 3 — Low
468,,,7.714515213145423,11.629030426290846,3.6666666666666665,4.0,4.0,3.6666666666666665,0.6,3,0.6666666666666666,Tier 3 — Low
469,,,7.7013964919402795,9.80279298388056,3.3333333333333335,9.0,9.0,3.3333333333333335,0.6,3,0.6666666666666666,Tier 3 — Low
470,,,7.575519007803259,10.95103801560652,4.333333333333333,4.0,4.0,4.333333333333333,1.0,5,1.0,Tier 3 — Low
471,,,7.544648472249987,10.089296944499974,7.0,2.0,2.0,7.0,1.0,5,1.0,Tier 3 — Low
472,,,7.537228200707006,9.874456401414013,8.0,1.0,1.0,8.0,0.8,4,0.8,Tier 3 — Low
473,,,7.53652813584835,14.4730562716967,1.0,0.0,0.0,1.0,0.4,2,0.4,Tier 3 — Low
473,,,7.53652813584835,14.4730562716967,1.0,0.0,0.0,1.0,0.4,2,0.4,Tier 3 — Low
475,,,7.534531527950644,10.66906305590129,5.333333333333333,3.0,3.0,5.333333333333333,0.8,4,0.9333333333333333,Tier 3 — Low
476,,,7.515656175119119,12.031312350238238,1.6666666666666667,5.0,5.0,1.6666666666666667,0.6,3,0.5333333333333333,Tier 3 — Low
477,,,7.434359607882058,13.868719215764116,1.6666666666666667,0.0,0.0,1.6666666666666667,0.6,3,0.4,Tier 3 — Low
478,,,7.4167553235072665,11.033510647014532,5.0,2.0,2.0,5.0,1.0,5,1.0,Tier 3 — Low
479,,,7.381305716679398,10.362611433358795,5.333333333333333,3.0,3.0,5.333333333333333,0.8,4,0.9333333333333333,Tier 3 — Low
480,,,7.263164556952792,9.526329113905584,3.6666666666666665,7.0,7.0,3.6666666666666665,1.0,5,1.0,Tier 3 — Low
481,,,7.170377470136685,9.54075494027337,8.0,0.0,0.0,8.0,0.8,4,0.6666666666666666,Tier 3 — Low
482,,,7.166335046034962,9.332670092069923,3.6666666666666665,7.0,7.0,3.6666666666666665,0.6,3,0.8,Tier 3 — Low
483,,,7.157878910824531,10.315757821649061,5.333333333333333,2.0,2.0,5.333333333333333,1.0,5,1.0,Tier 3 — Low
484,,,7.138556900360184,10.877113800720368,4.333333333333333,2.0,2.0,4.333333333333333,0.8,4,0.9333333333333333,Tier 3 — Low
485,,,7.082953104126222,13.165906208252444,1.6666666666666667,0.0,0.0,1.6666666666666667,0.2,1,0.26666666666666666,Tier 3 — Low
486,,,7.043305677478777,9.486611354957555,3.6666666666666665,6.0,6.0,3.6666666666666665,1.0,5,1.0,Tier 3 — Low
487,,,6.9810039818373495,9.562007963674699,3.3333333333333335,6.0,6.0,3.3333333333333335,0.6,3,0.8,Tier 3 — Low
488,,,6.9532182673027485,9.506436534605497,7.333333333333333,0.0,0.0,7.333333333333333,0.4,2,0.3333333333333333,Tier 3 — Low
489,,,6.93886762851281,9.07773525702562,4.0,6.0,6.0,4.0,1.0,5,1.0,Tier 3 — Low
490,,,6.8926070369444865,9.785214073888973,6.0,1.0,1.0,6.0,1.0,5,1.0,Tier 3 — Low
491,,,6.872470426726251,8.9449408534525,4.0,6.0,6.0,4.0,1.0,5,1.0,Tier 3 — Low
492,,,6.791299376700756,8.182598753401512,5.0,6.0,6.0,5.0,1.0,5,1.0,Tier 3 — Low
493,,,6.7792463517562584,10.558492703512517,5.0,0.0,0.0,5.0,0.2,1,0.26666666666666666,Tier 3 — Low
494,,,6.777015280812054,10.754030561624107,4.0,1.0,1.0,4.0,0.8,4,0.9333333333333333,Tier 3 — Low
495,,,6.740005220065078,10.480010440130156,4.333333333333333,1.0,1.0,4.333333333333333,1.0,5,1.0,Tier 3 — Low
496,,,6.567490412643728,9.934980825287456,3.3333333333333335,3.0,3.0,3.3333333333333335,1.0,5,1.0,Tier 3 — Low
497,,,6.490434027546867,11.180868055093734,1.0,3.0,3.0,1.0,0.4,2,0.4666666666666667,Tier 3 — Low
498,,,6.479725073375008,9.359450146750014,4.0,3.0,3.0,4.0,1.0,5,1.0,Tier 3 — Low
499,,,6.45796853950217,12.11593707900434,1.3333333333333333,0.0,0.0,1.3333333333333333,0.8,4,0.6666666666666666,Tier 3 — Low
500,,,6.444131726394487,8.688263452788975,3.0,6.0,6.0,3.0,0.6,3,0.8,Tier 3 — Low
501,,,6.424361900432228,10.648723800864456,3.6666666666666665,0.0,0.0,3.6666666666666665,0.8,4,0.6666666666666666,Tier 3 — Low
502,,,6.398982628590188,8.797965257180376,4.0,4.0,4.0,4.0,1.0,5,1.0,Tier 3 — Low
503,,,6.381852498592092,10.963704997184184,1.0,3.0,3.0,1.0,0.2,1,0.3333333333333333,Tier 3 — Low
504,,,6.353075768399925,8.10615153679985,3.6666666666666665,6.0,6.0,3.6666666666666665,1.0,5,1.0,Tier 3 — Low
505,,,6.2793856310253595,10.75877126205072,1.0,3.0,3.0,1.0,0.2,1,0.3333333333333333,Tier 3 — Low
506,,,6.253025069956251,10.106050139912501,3.3333333333333335,1.0,1.0,3.3333333333333335,1.0,5,1.0,Tier 3 — Low
507,,,6.2348808741732515,9.269761748346502,4.666666666666667,1.0,1.0,4.666666666666667,0.6,3,0.8,Tier 3 — Low
508,,,6.210028531441762,9.020057062883524,2.3333333333333335,5.0,5.0,2.3333333333333335,0.8,4,0.7333333333333333,Tier 3 — Low
509,,,6.179140870841318,10.558281741682634,1.0,3.0,3.0,1.0,0.2,1,0.3333333333333333,Tier 3 — Low
510,,,6.162580276602776,8.525160553205554,6.333333333333333,0.0,0.0,6.333333333333333,0.8,4,0.6666666666666666,Tier 3 — Low
511,,,6.143341980471623,10.286683960943245,1.3333333333333333,3.0,3.0,1.3333333333333333,0.8,4,0.8,Tier 3 — Low
512,,,6.128647119471769,10.657294238943539,2.6666666666666665,0.0,0.0,2.6666666666666665,0.2,1,0.26666666666666666,Tier 3 — Low
513,,,6.097955055502517,8.795910111005034,4.333333333333333,2.0,2.0,4.333333333333333,1.0,5,1.0,Tier 3 — Low
514,,,6.091243793647868,9.582487587295736,2.3333333333333335,3.0,3.0,2.3333333333333335,1.0,5,1.0,Tier 3 — Low
515,,,6.066500390687398,8.133000781374797,6.666666666666667,0.0,0.0,6.666666666666667,0.6,3,0.6,Tier 3 — Low
516,,,6.028715781197184,8.457431562394369,2.6666666666666665,5.0,5.0,2.6666666666666665,0.6,3,0.6666666666666666,Tier 3 — Low
517,,,5.9736544572836,8.5473089145672,5.666666666666667,0.0,0.0,5.666666666666667,0.8,4,0.6666666666666666,Tier 3 — Low
518,,,5.967873482151214,8.735746964302429,2.6666666666666665,4.0,4.0,2.6666666666666665,0.8,4,0.9333333333333333,Tier 3 — Low
519,,,5.9560320121656565,8.312064024331312,4.666666666666667,2.0,2.0,4.666666666666667,0.8,4,0.9333333333333333,Tier 3 — Low
520,,,5.928191190915392,9.256382381830782,2.3333333333333335,3.0,3.0,2.3333333333333335,0.4,2,0.6,Tier 3 — Low
521,,,5.9146617817005485,9.829323563401097,2.6666666666666665,1.0,1.0,2.6666666666666665,0.8,4,0.8666666666666667,Tier 3 — Low
522,,,5.909624523226178,8.219249046452356,4.0,3.0,3.0,4.0,1.0,5,1.0,Tier 3 — Low
523,,,5.855395618853116,9.11079123770623,2.3333333333333335,3.0,3.0,2.3333333333333335,0.8,4,0.9333333333333333,Tier 3 — Low
524,,,5.844611077657506,8.089222155315012,2.6666666666666665,5.0,5.0,2.6666666666666665,0.8,4,0.9333333333333333,Tier 3 — Low
525,,,5.793331367739705,7.986662735479409,3.3333333333333335,4.0,4.0,3.3333333333333335,1.0,5,1.0,Tier 3 — Low
526,,,5.7651826195615365,9.530365239123073,2.6666666666666665,1.0,1.0,2.6666666666666665,1.0,5,1.0,Tier 3 — Low
527,,,5.7556384148526964,8.311276829705394,2.6666666666666665,4.0,4.0,2.6666666666666665,0.8,4,0.7333333333333333,Tier 3 — Low
528,,,5.733992165689367,9.467984331378734,2.6666666666666665,1.0,1.0,2.6666666666666665,1.0,5,1.0,Tier 3 — Low
529,,,5.697156189447371,8.194312378894741,4.0,2.0,2.0,4.0,0.8,4,0.9333333333333333,Tier 3 — Low
530,,,5.685593583230421,8.771187166460843,4.333333333333333,0.0,0.0,4.333333333333333,0.8,4,0.6666666666666666,Tier 3 — Low
531,,,5.6610558271874645,7.922111654374929,3.6666666666666665,3.0,3.0,3.6666666666666665,0.6,3,0.8,Tier 3 — Low
532,,,5.643873012510648,9.287746025021294,1.3333333333333333,3.0,3.0,1.3333333333333333,0.8,4,0.7333333333333333,Tier 3 — Low
533,,,5.627295528575568,9.254591057151137,3.3333333333333335,0.0,0.0,3.3333333333333335,0.8,4,0.6666666666666666,Tier 3 — Low
534,,,5.544346896574426,8.688693793148854,2.0,3.0,3.0,2.0,1.0,5,1.0,Tier 3 — Low
535,,,5.456345852908542,9.512691705817083,2.3333333333333335,0.0,0.0,2.3333333333333335,0.6,3,0.6,Tier 3 — Low
536,,,5.426228321233655,7.85245664246731,4.333333333333333,1.0,1.0,4.333333333333333,0.8,4,0.8,Tier 3 — Low
537,,,5.373492049100472,7.746984098200944,2.3333333333333335,4.0,4.0,2.3333333333333335,1.0,5,1.0,Tier 3 — Low
538,,,5.372390825956353,9.544781651912707,2.0,0.0,0.0,2.0,0.6,3,0.6,Tier 3 — Low
539,,,5.363197760418595,8.72639552083719,3.3333333333333335,0.0,0.0,3.3333333333333335,0.6,3,0.5333333333333333,Tier 3 — Low
540,,,5.2001475219406315,9.400295043881263,1.6666666666666667,0.0,0.0,1.6666666666666667,0.6,3,0.6,Tier 3 — Low
541,,,5.148776122983062,8.097552245966122,1.6666666666666667,3.0,3.0,1.6666666666666667,1.0,5,1.0,Tier 3 — Low
542,,,5.077313261580763,7.754626523161525,2.0,3.0,3.0,2.0,0.8,4,0.8,Tier 3 — Low
543,,,5.0428105669539445,7.885621133907889,3.0,1.0,1.0,3.0,0.8,4,0.8666666666666667,Tier 3 — Low
544,,,4.914231909711292,8.228463819422585,2.0,1.0,1.0,2.0,1.0,5,1.0,Tier 3 — Low
545,,,4.9011201000125775,8.002240200025154,2.3333333333333335,1.0,1.0,2.3333333333333335,1.0,5,1.0,Tier 3 — Low
546,,,4.802649003210748,7.805298006421496,2.3333333333333335,1.0,1.0,2.3333333333333335,1.0,5,1.0,Tier 3 — Low
547,,,4.724614210349103,8.049228420698206,1.6666666666666667,1.0,1.0,1.6666666666666667,0.6,3,0.8,Tier 3 — Low
548,,,4.647991382386947,7.895982764773894,2.3333333333333335,0.0,0.0,2.3333333333333335,0.8,4,0.6666666666666666,Tier 3 — Low
549,,,4.625406145819319,7.650812291638639,2.0,1.0,1.0,2.0,1.0,5,1.0,Tier 3 — Low
550,,,4.548441588140914,7.896883176281829,2.0,0.0,0.0,2.0,0.8,4,0.6666666666666666,Tier 3 — Low
551,,,4.4900394630435,6.980078926087,2.0,2.0,2.0,2.0,1.0,5,1.0,Tier 3 — Low
552,,,4.4600026146156075,7.320005229231214,1.3333333333333333,2.0,2.0,1.3333333333333333,0.8,4,0.8,Tier 3 — Low
553,,,4.15311697978911,6.90623395957822,1.6666666666666667,1.0,1.0,1.6666666666666667,1.0,5,1.0,Tier 3 — Low
554,,,4.082661224958579,6.765322449917157,1.0,2.0,2.0,1.0,0.6,3,0.6666666666666666,Tier 3 — Low
555,,,4.024712410619992,7.049424821239985,1.0,1.0,1.0,1.0,0.8,4,0.9333333333333333,Tier 3 — Low
556,,,4.007650882481223,6.815301764962446,0.6666666666666666,2.0,2.0,0.6666666666666666,0.4,2,0.4666666666666667,Tier 3 — Low
557,,,3.9832675581223604,6.766535116244721,0.6666666666666666,2.0,2.0,0.6666666666666666,0.6,3,0.5333333333333333,Tier 3 — Low
558,,,3.935816317031794,6.471632634063589,1.0,2.0,2.0,1.0,0.4,2,0.5333333333333333,Tier 3 — Low
559,,,3.9149450961154604,6.829890192230921,1.0,1.0,1.0,1.0,0.8,4,0.7333333333333333,Tier 3 — Low
560,,,3.808530755650824,7.217061511301647,0.6666666666666666,0.0,0.0,0.6666666666666666,0.6,3,0.4,Tier 3 — Low
561,,,3.7738702104655686,6.547740420931137,1.0,1.0,1.0,1.0,0.4,2,0.5333333333333333,Tier 3 — Low
562,,,3.6985901575400506,6.5971803150801005,0.6666666666666666,1.0,1.0,0.6666666666666666,0.4,2,0.6,Tier 3 — Low
563,,,3.621374154972641,6.242748309945282,1.0,1.0,1.0,1.0,0.6,3,0.7333333333333333,Tier 3 — Low
564,,,3.5850329034680866,6.5700658069361735,1.0,0.0,0.0,1.0,0.8,4,0.6666666666666666,Tier 3 — Low
565,,,3.5830009725959346,6.766001945191869,0.6666666666666666,0.0,0.0,0.6666666666666666,0.6,3,0.6,Tier 3 — Low
565,,,3.5830009725959346,6.766001945191869,0.6666666666666666,0.0,0.0,0.6666666666666666,0.8,4,0.6666666666666666,Tier 3 — Low
567,,,3.5824073572336355,6.56481471446727,0.3333333333333333,1.0,1.0,0.3333333333333333,0.6,3,0.5333333333333333,Tier 3 — Low
568,,,3.5793450570500567,6.558690114100113,0.3333333333333333,1.0,1.0,0.3333333333333333,0.2,1,0.3333333333333333,Tier 3 — Low
569,,,3.5534470119447037,6.506894023889407,0.3333333333333333,1.0,1.0,0.3333333333333333,0.4,2,0.4,Tier 3 — Low
570,,,3.550503605404959,6.5010072108099175,0.3333333333333333,1.0,1.0,0.3333333333333333,0.4,2,0.4666666666666667,Tier 3 — Low
571,,,3.5119752488579485,6.423950497715897,1.0,0.0,0.0,1.0,0.8,4,0.6666666666666666,Tier 3 — Low
572,,,3.4887949410856756,6.3775898821713515,1.0,0.0,0.0,1.0,0.6,3,0.5333333333333333,Tier 3 — Low
573,,,3.4749244514001876,6.549848902800375,0.6666666666666666,0.0,0.0,0.6666666666666666,0.4,2,0.3333333333333333,Tier 3 — Low
574,,,3.374087529060905,6.34817505812181,0.6666666666666666,0.0,0.0,0.6666666666666666,0.6,3,0.6,Tier 3 — Low
575,,,3.3238916249861914,6.447783249972383,0.3333333333333333,0.0,0.0,0.3333333333333333,0.6,3,0.4,Tier 3 — Low
576,,,3.3119057061982304,6.2238114123964605,0.6666666666666666,0.0,0.0,0.6666666666666666,0.4,2,0.4666666666666667,Tier 3 — Low
577,,,3.2837104423800634,6.367420884760127,0.3333333333333333,0.0,0.0,0.3333333333333333,0.4,2,0.4,Tier 3 — Low
578,,,3.273867252465838,6.547734504931676,0.0,0.0,0.0,0.0,0.4,2,0.2,Tier 3 — Low
578,,,3.273867252465838,6.547734504931676,0.0,0.0,0.0,0.0,0.2,1,0.06666666666666667,Tier 3 — Low
578,,,3.273867252465838,6.547734504931676,0.0,0.0,0.0,0.0,0.2,1,0.06666666666666667,Tier 3 — Low
578,,,3.273867252465838,6.547734504931676,0.0,0.0,0.0,0.0,0.2,1,0.06666666666666667,Tier 3 — Low
578,,,3.273867252465838,6.547734504931676,0.0,0.0,0.0,0.0,0.4,2,0.2,Tier 3 — Low
578,,,3.273867252465838,6.547734504931676,0.0,0.0,0.0,0.0,0.2,1,0.06666666666666667,Tier 3 — Low
578,,,3.273867252465838,6.547734504931676,0.0,0.0,0.0,0.0,0.2,1,0.06666666666666667,Tier 3 — Low
578,,,3.273867252465838,6.547734504931676,0.0,0.0,0.0,0.0,0.2,1,0.06666666666666667,Tier 3 — Low
578,,,3.273867252465838,6.547734504931676,0.0,0.0,0.0,0.0,0.4,2,0.2,Tier 3 — Low
578,,,3.273867252465838,6.547734504931676,0.0,0.0,0.0,0.0,0.2,1,0.06666666666666667,Tier 3 — Low
578,,,3.273867252465838,6.547734504931676,0.0,0.0,0.0,0.0,0.2,1,0.13333333333333333,Tier 3 — Low
578,,,3.273867252465838,6.547734504931676,0.0,0.0,0.0,0.0,0.4,2,0.2,Tier 3 — Low
578,,,3.273867252465838,6.547734504931676,0.0,0.0,0.0,0.0,0.2,1,0.06666666666666667,Tier 3 — Low
578,,,3.273867252465838,6.547734504931676,0.0,0.0,0.0,0.0,0.2,1,0.06666666666666667,Tier 3 — Low
592,,,3.232555591301662,6.265111182603324,0.3333333333333333,0.0,0.0,0.3333333333333333,0.2,1,0.26666666666666666,Tier 3 — Low
592,,,3.232555591301662,6.265111182603324,0.3333333333333333,0.0,0.0,0.3333333333333333,0.4,2,0.3333333333333333,Tier 3 — Low
592,,,3.232555591301662,6.265111182603324,0.3333333333333333,0.0,0.0,0.3333333333333333,0.4,2,0.3333333333333333,Tier 3 — Low
595,,,3.147812607123829,6.295625214247658,0.0,0.0,0.0,0.0,0.0,0,0.0,Tier 3 — Low
595,,,3.147812607123829,6.295625214247658,0.0,0.0,0.0,0.0,0.0,0,0.0,Tier 3 — Low
595,,,3.147812607123829,6.295625214247658,0.0,0.0,0.0,0.0,0.0,0,0.0,Tier 3 — Low
595,,,3.147812607123829,6.295625214247658,0.0,0.0,0.0,0.0,0.0,0,0.0,Tier 3 — Low
595,,,3.147812607123829,6.295625214247658,0.0,0.0,0.0,0.0,0.0,0,0.0,Tier 3 — Low
595,,,3.147812607123829,6.295625214247658,0.0,0.0,0.0,0.0,0.0,0,0.0,Tier 3 — Low
595,,,3.147812607123829,6.295625214247658,0.0,0.0,0.0,0.0,0.0,0,0.0,Tier 3 — Low
595,,,3.147812607123829,6.295625214247658,0.0,0.0,0.0,0.0,0.0,0,0.0,Tier 3 — Low
595,,,3.147812607123829,6.295625214247658,0.0,0.0,0.0,0.0,0.0,0,0.0,Tier 3 — Low
595,,,3.147812607123829,6.295625214247658,0.0,0.0,0.0,0.0,0.0,0,0.0,Tier 3 — Low
595,,,3.147812607123829,6.295625214247658,0.0,0.0,0.0,0.0,0.0,0,0.0,Tier 3 — Low
595,,,3.147812607123829,6.295625214247658,0.0,0.0,0.0,0.0,0.0,0,0.0,Tier 3 — Low
