patrol_rank,spatial_cell_id,forecasted_count,police_station,congestion_risk_score,congestion_risk_category,priority_score,recurrence,cell_lat,cell_lon,stability_class
1,CELL_2595_15515,3181.677861192371,UPPARPET,65.06,CRITICAL,1.200968,1.0,12.977162307899208,77.57721647242356,Persistent
2,CELL_2592_15515,2112.031180957009,CITY MARKET,51.68,CRITICAL,0.797868,1.0,12.964004749282166,77.57688813089085,Persistent
3,CELL_2596_15522,1630.7331064915793,SHIVAJINAGAR,45.82,CRITICAL,0.617526,1.0,12.981733459395604,77.61081055417583,Persistent
4,CELL_2596_15521,1580.463647103298,SHIVAJINAGAR,45.04,CRITICAL,0.597382,1.0,12.981996736941024,77.60771913149708,Persistent
5,CELL_2586_15538,1375.9848583341245,HAL OLD AIRPORT,43.86,CRITICAL,0.441389,1.0,12.933707119560028,77.6909288012431,Volatile
6,CELL_2594_15515,1166.5338665668853,UPPARPET,39.85,CRITICAL,0.44094,1.0,12.973087288459764,77.57830033187822,Persistent
7,CELL_2614_15517,1063.342812810411,KODIGEHALLI,38.42,CRITICAL,0.401181,1.0,13.071087910668217,77.58792705713351,Persistent
8,CELL_2602_15510,974.1395188858244,MALLESHWARAM,37.34,CRITICAL,0.367705,1.0,13.011887136431229,77.55344289247212,Persistent
9,CELL_2595_15514,843.2863974013725,UPPARPET,36.12,CRITICAL,0.320095,1.0,12.9775572119912,77.57293700913091,Persistent
10,CELL_2596_15520,965.4988707937111,SHIVAJINAGAR,37.37,CRITICAL,0.304271,1.0,12.983562947294372,77.60326726861472,Volatile
11,CELL_2594_15509,686.9505858367725,VIJAYANAGARA,33.82,CRITICAL,0.25955,1.0,12.97423549416346,77.54647151257161,Persistent
12,CELL_2599_15509,667.4081674720169,VIJAYANAGARA,33.64,CRITICAL,0.252373,1.0,12.998249071212122,77.54884574886364,Persistent
13,CELL_2592_15516,622.1778874056056,HALASURU GATE,32.97,CRITICAL,0.234928,1.0,12.963902162226328,77.58287736676185,Persistent
14,CELL_2601_15539,539.6791060243742,K.R. PURA,33.22,CRITICAL,0.207239,1.0,13.008243802707277,77.69579203299493,Persistent
15,CELL_2636_15535,534.652707765546,CHIKKAJALA,32.48,CRITICAL,0.203493,1.0,13.184118771163575,77.67965363490724,Persistent
16,CELL_2601_15510,511.2733217666009,MALLESHWARAM,31.47,CRITICAL,0.19274,1.0,13.0084204328594,77.55451193412323,Persistent
17,CELL_2586_15537,489.9734500271584,HAL OLD AIRPORT,34.03,CRITICAL,0.191664,1.0,12.931875639629013,77.68738436654637,Persistent
18,CELL_2593_15515,506.4484713366977,CITY MARKET,31.44,CRITICAL,0.190992,1.0,12.968385393734588,77.57663545386495,Persistent
19,CELL_2607_15517,497.2566036148943,HEBBALA,31.45,CRITICAL,0.187845,1.0,13.035671033213646,77.58911497235188,Persistent
20,CELL_2594_15510,482.7810952983091,MAGADI ROAD,31.2,CRITICAL,0.1822,1.0,12.97359337821101,77.55112304518349,Persistent
21,CELL_2599_15510,452.96180004294393,MALLESHWARAM,30.8,CRITICAL,0.170885,1.0,12.997766326031536,77.55212251938076,Persistent
22,CELL_2596_15519,444.4299471877878,SHIVAJINAGAR,30.95,CRITICAL,0.168221,1.0,12.981306411504423,77.5985006920354,Persistent
23,CELL_2599_15533,428.3281020260257,MAHADEVAPURA,33.34,CRITICAL,0.167698,1.0,12.99619110107414,77.66841120666122,Persistent
24,CELL_2601_15514,423.0528007450262,MALLESHWARAM,30.35,CRITICAL,0.15941,1.0,13.007456024310777,77.57104248471178,Persistent
25,CELL_2600_15535,405.572949221128,MAHADEVAPURA,31.65,CRITICAL,0.15592,1.0,13.000438515437454,77.67714695214083,Persistent
26,CELL_2587_15539,420.7411738652423,HAL OLD AIRPORT,32.94,CRITICAL,0.136736,1.0,12.93948559657898,77.69611288064148,Volatile
27,CELL_2593_15514,337.868866451988,CHAMARAJPET,29.54,CRITICAL,0.127708,1.0,12.967532527733333,77.57428468719999,Persistent
28,CELL_2591_15515,337.8133413642786,CITY MARKET,29.3,CRITICAL,0.127276,1.0,12.95867816735294,77.57688294382353,Persistent
29,CELL_2595_15521,333.6070036388776,SHIVAJINAGAR,29.28,CRITICAL,0.125747,1.0,12.979575086984129,77.60728220666667,Persistent
30,CELL_2595_15516,328.1195132171564,UPPARPET,29.22,CRITICAL,0.12369,1.0,12.977516435314683,77.58084869930069,Persistent
31,CELL_2601_15538,308.5213013950282,K.R. PURA,29.85,CRITICAL,0.117639,1.0,13.008386913348964,77.69401675681266,Persistent
32,CELL_2599_15514,299.52544297505705,MALLESHWARAM,28.78,CRITICAL,0.112775,1.0,12.99837342491228,77.57143470070176,Persistent
33,CELL_2598_15510,294.3142906308357,RAJAJINAGAR,28.76,CRITICAL,0.110866,1.0,12.99289709932886,77.55321315838925,Persistent
34,CELL_2600_15510,264.219232873445,MALLESHWARAM,28.32,CRITICAL,0.099424,1.0,13.001788483075837,77.55067553877642,Persistent
35,CELL_2599_15522,254.08363385652444,PULIKESHINAGAR(F.TOWN),28.35,CRITICAL,0.095804,1.0,12.996906692924528,77.6131779221698,Persistent
36,CELL_2568_15529,252.5111122370211,ELECTRONIC CITY,28.19,CRITICAL,0.09503,1.0,12.84173203713355,77.64680106840392,Persistent
37,CELL_2588_15514,300.45105942954774,BASAVANAGUDI,28.94,CRITICAL,0.094451,1.0,12.94323030235294,77.57131893215687,Volatile
38,CELL_2590_15508,247.5117240736904,BYATARAYANAPURA,28.92,CRITICAL,0.094131,1.0,12.952999495434115,77.54194846645234,Persistent
39,CELL_2637_15536,249.42409693519315,CHIKKAJALA,28.24,CRITICAL,0.093978,1.0,13.187320170881224,77.68040907586207,Persistent
40,CELL_2597_15510,246.8714156072768,RAJAJINAGAR,28.71,CRITICAL,0.093636,1.0,12.98747661304761,77.55265809416206,Persistent
41,CELL_2585_15535,247.7993891897674,BELLANDUR,28.24,CRITICAL,0.093383,1.0,12.926566110270269,77.67793705837838,Persistent
42,CELL_2593_15507,243.0827499264961,VIJAYANAGARA,28.42,CRITICAL,0.091902,1.0,12.96727188047467,77.53671446044065,Persistent
43,CELL_2591_15540,232.6183009934624,HAL OLD AIRPORT,28.21,CRITICAL,0.087842,1.0,12.957448576884422,77.70168362613066,Persistent
44,CELL_2587_15538,224.4359125539985,HAL OLD AIRPORT,28.77,CRITICAL,0.08548,1.0,12.93592184499263,77.69155177939967,Persistent
45,CELL_2598_15532,267.0599799847247,BANASWADI,28.36,CRITICAL,0.083756,1.0,12.993635866081698,77.66292462479798,Volatile
46,CELL_2601_15509,221.1172758917532,RAJAJINAGAR,28.09,CRITICAL,0.083504,1.0,13.007962984738956,77.54860816024096,Persistent
47,CELL_2598_15514,221.2738100493366,SHESHADRIPURAM,27.93,CRITICAL,0.083392,1.0,12.991600403543307,77.57247231929134,Persistent
48,CELL_2596_15514,210.5792176070014,UPPARPET,27.85,CRITICAL,0.079402,1.0,12.98040488992248,77.5744258511628,Persistent
49,CELL_2598_15517,252.79961505796533,HIGH GROUND,28.18,CRITICAL,0.079266,1.0,12.993432524852071,77.58896158106509,Volatile
50,CELL_2592_15543,250.8255153882639,HAL OLD AIRPORT,28.19,CRITICAL,0.078678,1.0,12.963920829530204,77.71741470067114,Volatile
51,CELL_2587_15523,193.6622351838624,ADUGODI,28.25,CRITICAL,0.073593,1.0,12.936369216182571,77.61644822406639,Persistent
52,CELL_2581_15520,231.8435459451325,MICO LAYOUT,27.97,CRITICAL,0.072731,1.0,12.908189314920634,77.6008828879365,Volatile
53,CELL_2597_15507,183.7466572811952,VIJAYANAGARA,28.15,CRITICAL,0.069837,1.0,12.98824197216981,77.53761501509433,Persistent
54,CELL_2597_15514,179.75888532423207,SHESHADRIPURAM,27.31,CRITICAL,0.067609,1.0,12.98816601826923,77.57366785096154,Persistent
55,CELL_2609_15515,213.35002326876088,KODIGEHALLI,27.75,CRITICAL,0.066923,1.0,13.047509024489797,77.57587364040816,Volatile
56,CELL_2595_15512,177.14305243569217,MAGADI ROAD,27.28,CRITICAL,0.066625,1.0,12.975785269226252,77.56133194823231,Persistent
57,CELL_2594_15531,203.95728616242005,JEEVANBHEEMANAGAR,27.86,CRITICAL,0.064157,1.0,12.971689423312885,77.65809814539877,Volatile
58,CELL_2578_15527,166.53154566931977,HULIMAVU,27.34,CRITICAL,0.062775,1.0,12.89284214487107,77.63755882662275,Persistent
59,CELL_2595_15511,164.68980008520583,MAGADI ROAD,27.19,CRITICAL,0.061975,1.0,12.975742545622754,77.55857453848503,Persistent
60,CELL_2591_15529,162.96281186264082,JEEVANBHEEMANAGAR,27.33,CRITICAL,0.061458,1.0,12.95907106250728,77.64711474782608,Persistent
61,CELL_2592_15514,159.88779259839953,CITY MARKET,27.46,CRITICAL,0.060427,1.0,12.963825336220472,77.57345427086615,Persistent
62,CELL_2594_15523,158.82929578376934,HALASUR,27.76,CRITICAL,0.060276,1.0,12.9727042725094,77.61716614542225,Persistent
63,CELL_2605_15514,158.0938923158645,SADASHIVANAGAR,27.5,CRITICAL,0.059797,1.0,13.028346583233532,77.57256341137725,Persistent
64,CELL_2585_15516,190.22852698350144,JAYANAGARA,27.46,CRITICAL,0.059649,1.0,12.928626779475982,77.58155141222707,Volatile
65,CELL_2594_15521,156.58718318606714,ASHOK NAGAR,27.16,CRITICAL,0.058969,1.0,12.973186360294118,77.60696920147059,Persistent
66,CELL_2599_15513,154.79285733111908,MALLESHWARAM,26.99,CRITICAL,0.058173,1.0,12.998431129746836,77.5691183164557,Persistent
67,CELL_2600_15514,154.5073028793247,MALLESHWARAM,27.02,CRITICAL,0.058096,1.0,13.001660532620322,77.57131472834224,Persistent
68,CELL_2589_15539,148.80285992721448,HAL OLD AIRPORT,29.35,CRITICAL,0.057732,1.0,12.94949636895311,77.69953298729361,Persistent
69,CELL_2596_15509,182.3421988024376,MAGADI ROAD,27.35,CRITICAL,0.057156,1.0,12.982453199285716,77.54889756285715,Volatile
70,CELL_2593_15516,144.80137011739873,HALASURU GATE,26.95,CRITICAL,0.054463,1.0,12.966335118691587,77.58318787663552,Persistent
71,CELL_2587_15516,172.96773466724173,WILSON GARDEN,27.19,CRITICAL,0.054181,1.0,12.93912898219697,77.58395649583333,Volatile
72,CELL_2599_15539,166.951851301372,MAHADEVAPURA,29.42,CRITICAL,0.053892,1.0,12.995395294481945,77.69631953541804,Volatile
73,CELL_2594_15522,138.31078359454324,HALASUR,26.81,CRITICAL,0.051974,1.0,12.972883367857142,77.61363470535714,Persistent
74,CELL_2585_15536,164.02629313631948,BELLANDUR,27.81,CRITICAL,0.05187,1.0,12.928134362655143,77.68163623267853,Volatile
75,CELL_2599_15508,163.62304065541628,VIJAYANAGARA,27.15,CRITICAL,0.051295,1.0,12.998441313380283,77.54179816056337,Volatile
76,CELL_2594_15542,161.61453332165058,HAL OLD AIRPORT,27.66,CRITICAL,0.051023,1.0,12.971281993382354,77.7120890264706,Volatile
77,CELL_2600_15509,135.44896888235985,MALLESHWARAM,26.69,HIGH,0.050839,1.0,13.000738970491804,77.54969049945356,Persistent
78,CELL_2582_15527,162.28662996842274,HSR LAYOUT,27.05,CRITICAL,0.050812,1.0,12.912331713861386,77.63666206732674,Volatile
79,CELL_2594_15516,134.67726502921067,UPPARPET,27.03,CRITICAL,0.050777,1.0,12.97288049327731,77.5811688840336,Persistent
80,CELL_2601_15511,161.99773182956363,MALLESHWARAM,27.04,CRITICAL,0.050719,1.0,13.008091263636365,77.55590213846153,Volatile
81,CELL_2581_15525,131.3372712538241,HSR LAYOUT,27.61,CRITICAL,0.049921,1.0,12.90681230687796,77.6289716324656,Persistent
82,CELL_2594_15508,159.06550221896416,VIJAYANAGARA,27.12,CRITICAL,0.049874,1.0,12.974137739252336,77.54407874953272,Volatile
83,CELL_2595_15509,130.7913521570852,VIJAYANAGARA,26.73,HIGH,0.049142,1.0,12.97683586793893,77.5463929648855,Persistent
84,CELL_2596_15515,128.15020479008868,HIGH GROUND,26.72,HIGH,0.04816,1.0,12.982441915625,77.57743037421875,Persistent
85,CELL_2592_15519,153.21535867035618,ASHOK NAGAR,26.98,CRITICAL,0.047988,1.0,12.961910104651162,77.59894113178295,Volatile
86,CELL_2593_15517,125.14388541799568,HALASURU GATE,26.62,HIGH,0.046985,1.0,12.96773364931511,77.5880840191369,Persistent
87,CELL_2568_15528,122.02267736898406,ELECTRONIC CITY,26.6,HIGH,0.045821,1.0,12.842059838235295,77.64433972132352,Persistent
88,CELL_2594_15507,145.22660922618994,VIJAYANAGARA,26.86,CRITICAL,0.045467,1.0,12.972108213632444,77.53771113556719,Volatile
89,CELL_2594_15524,119.48840298144998,HALASUR,26.53,HIGH,0.044841,1.0,12.97347199263158,77.62154244421053,Persistent
90,CELL_2590_15539,114.77134047383969,HAL OLD AIRPORT,29.08,CRITICAL,0.044556,1.0,12.950833070347109,77.69980427717428,Persistent
91,CELL_2596_15511,117.13655276507151,MAGADI ROAD,26.88,CRITICAL,0.044176,1.0,12.98132734242809,77.55800065583249,Persistent
92,CELL_2601_15537,140.10113263232358,K.R. PURA,27.02,CRITICAL,0.043986,1.0,13.005876396,77.686139747,Volatile
93,CELL_2599_15516,115.87367866562836,SHESHADRIPURAM,26.81,CRITICAL,0.043664,1.0,12.997431105442177,77.58305611224489,Persistent
94,CELL_2603_15511,135.36423165041052,YESHWANTHPURA,27.34,CRITICAL,0.042704,1.0,13.018225980063802,77.5568735390424,Volatile
95,CELL_2591_15503,111.22884546289576,BYATARAYANAPURA,27.28,CRITICAL,0.042199,1.0,12.957132331111112,77.51860903703704,Persistent
96,CELL_2590_15543,129.54404051310104,WHITEFIELD,29.67,CRITICAL,0.042155,1.0,12.951371877396694,77.71748590250091,Volatile
97,CELL_2601_15513,134.70172500336236,MALLESHWARAM,26.72,HIGH,0.042148,1.0,13.005840286597936,77.56863917319588,Volatile
98,CELL_2619_15519,134.3669119749442,YELAHANKA,26.79,HIGH,0.042085,1.0,13.097183283143204,77.59949064674849,Volatile
99,CELL_2594_15519,131.96028014335457,CUBBON PARK,26.97,CRITICAL,0.041442,1.0,12.9715233852071,77.59761876804734,Volatile
100,CELL_2591_15517,109.36392415656267,WILSON GARDEN,26.4,HIGH,0.041017,1.0,12.956891089908256,77.5861763706422,Persistent
101,CELL_2586_15526,128.68217806205263,ADUGODI,27.69,CRITICAL,0.040818,1.0,12.932359226865673,77.6317698858209,Volatile
102,CELL_2599_15512,108.34341390383273,SHESHADRIPURAM,26.38,HIGH,0.04063,1.0,12.996411542857144,77.56311455612244,Persistent
103,CELL_2592_15507,127.4013828753196,VIJAYANAGARA,26.64,HIGH,0.03986,1.0,12.964813296969698,77.53893614545454,Volatile
104,CELL_2599_15538,120.877248141708,MAHADEVAPURA,28.6,CRITICAL,0.038837,1.0,12.995975354003727,77.69434991855002,Volatile
105,CELL_2591_15543,120.22569050498818,HAL OLD AIRPORT,27.16,CRITICAL,0.03791,1.0,12.958040841836736,77.71613270510204,Volatile
106,CELL_2638_15529,115.89548164159478,CHIKKAJALA,28.16,CRITICAL,0.037046,1.0,13.1910879125,77.64602871704545,Volatile
107,CELL_2637_15535,113.92091144607612,CHIKKAJALA,27.25,CRITICAL,0.035988,1.0,13.18585163173077,77.679861975,Volatile
108,CELL_2592_15510,93.91847820888988,MAGADI ROAD,27.08,CRITICAL,0.035597,1.0,12.964259594791663,77.55273395729166,Persistent
109,CELL_2586_15516,93.427986130088,JAYANAGARA,26.31,HIGH,0.035055,1.0,12.931783001639346,77.58339286885247,Persistent
110,CELL_2587_15503,89.95908628958631,BYATARAYANAPURA,26.45,HIGH,0.033827,1.0,12.936053594230769,77.5181332625,Persistent
111,CELL_2594_15529,106.04985962005892,JEEVANBHEEMANAGAR,27.52,CRITICAL,0.033653,1.0,12.970863171449343,77.6466258823962,Volatile
112,CELL_2583_15514,88.70742433764048,JAYANAGARA,26.4,HIGH,0.033334,1.0,12.916853741068536,77.57324956111164,Persistent
113,CELL_2606_15507,84.58530563049074,YESHWANTHPURA,28.88,CRITICAL,0.032844,1.0,13.030787372856718,77.5360387108134,Persistent
114,CELL_2585_15517,86.08025679131958,JAYANAGARA,26.61,HIGH,0.032446,1.0,12.927793571910112,77.5859653505618,Persistent
115,CELL_2579_15535,86.13371740217642,BELLANDUR,26.09,HIGH,0.032241,1.0,12.896499899999998,77.6757094755102,Persistent
116,CELL_2575_15519,85.72374423241655,HULIMAVU,26.07,HIGH,0.03208,1.0,12.876041862222223,77.59608916333333,Persistent
117,CELL_2612_15517,102.3578695000168,KODIGEHALLI,26.51,HIGH,0.032063,1.0,13.063376260416668,77.58745944791666,Volatile
118,CELL_2592_15528,83.3607076491821,JEEVANBHEEMANAGAR,26.62,HIGH,0.03143,1.0,12.961088203607638,77.64300494966193,Persistent
119,CELL_2593_15528,99.42524290956194,JEEVANBHEEMANAGAR,26.41,HIGH,0.031109,1.0,12.968840956150926,77.64138238150866,Volatile
120,CELL_2600_15522,81.27261914762201,PULIKESHINAGAR(F.TOWN),27.62,CRITICAL,0.031051,1.0,13.000344656923078,77.61126191076923,Persistent
121,CELL_2597_15511,96.83092766562464,RAJAJINAGAR,26.38,HIGH,0.030294,1.0,12.98700075376344,77.55623868709678,Volatile
122,CELL_2597_15519,80.51979906510888,SHIVAJINAGAR,26.28,HIGH,0.030227,1.0,12.988870414545454,77.59899249818183,Persistent
123,CELL_2597_15521,79.62762342172633,SHIVAJINAGAR,26.26,HIGH,0.029885,1.0,12.986494435106383,77.60727411382979,Persistent
124,CELL_2606_15517,95.3902823071792,HEBBALA,26.26,HIGH,0.029801,1.0,13.03425586707317,77.5887052609756,Volatile
125,CELL_2595_15508,78.77547819979692,MAGADI ROAD,26.23,HIGH,0.029557,1.0,12.97822425099796,77.54311210136318,Persistent
126,CELL_2577_15528,94.6004384668328,HULIMAVU,26.18,HIGH,0.029524,1.0,12.886853168816073,77.64124596745953,Volatile
127,CELL_2605_15508,78.49094568087718,YESHWANTHPURA,26.28,HIGH,0.029468,1.0,13.027653120481926,77.54257735903614,Persistent
128,CELL_2582_15525,78.47664384444151,HSR LAYOUT,26.06,HIGH,0.029379,1.0,12.912292747222224,77.62586138472221,Persistent
129,CELL_2589_15514,92.88278244881025,BASAVANAGUDI,26.52,HIGH,0.029123,1.0,12.945979847146086,77.5713826978723,Volatile
130,CELL_2614_15518,74.13111369553008,KODIGEHALLI,26.01,HIGH,0.027739,1.0,13.071662168571429,77.59204346571428,Persistent
131,CELL_2592_15529,72.82356445051681,JEEVANBHEEMANAGAR,25.97,HIGH,0.027238,1.0,12.96070905,77.64782604102564,Persistent
132,CELL_2612_15518,72.54807648720559,KODIGEHALLI,25.96,HIGH,0.027129,1.0,13.06347067356322,77.59102796551724,Persistent
133,CELL_2589_15519,86.39876331140967,WILSON GARDEN,26.11,HIGH,0.026959,1.0,12.947672073770493,77.59704280491803,Volatile
134,CELL_2597_15546,83.74617825746938,WHITEFIELD,27.58,CRITICAL,0.026646,1.0,12.986664489705882,77.73396194705883,Volatile
135,CELL_2603_15506,82.22595866879652,RAJAJINAGAR,27.96,CRITICAL,0.026294,1.0,13.018015961702128,77.53175697872341,Volatile
136,CELL_2596_15510,83.70943584077703,RAJAJINAGAR,26.4,HIGH,0.026226,1.0,12.9830471,77.553665292,Volatile
137,CELL_2594_15514,81.94899114405855,UPPARPET,26.52,HIGH,0.025718,1.0,12.973665684042553,77.5741115787234,Volatile
138,CELL_2577_15512,68.41130533298211,THALAGATTAPURA,25.91,HIGH,0.025569,1.0,12.88849165254699,77.56245391577421,Persistent
139,CELL_2582_15526,68.19403530545222,HSR LAYOUT,25.85,HIGH,0.025467,1.0,12.912782317241378,77.63366845517243,Persistent
140,CELL_2576_15528,67.13936715196456,HULIMAVU,25.84,HIGH,0.025069,1.0,12.884156681427148,77.64187035573333,Persistent
141,CELL_2586_15521,78.31919322240432,MICO LAYOUT,26.6,HIGH,0.02461,1.0,12.931065286046511,77.60875497906977,Volatile
142,CELL_2611_15518,65.11171670901751,KODIGEHALLI,26.26,HIGH,0.024449,1.0,13.05842566170213,77.59219639999999,Persistent
143,CELL_2591_15516,78.14797582900201,CITY MARKET,26.11,HIGH,0.024396,1.0,12.9576291172043,77.5815308795699,Volatile
144,CELL_2596_15512,64.51251195985292,MAGADI ROAD,26.02,HIGH,0.024148,1.0,12.982370063548387,77.56237751396198,Persistent
145,CELL_2575_15529,64.41432141820857,HULIMAVU,25.8,HIGH,0.024041,1.0,12.87612098,77.64776783733333,Persistent
146,CELL_2597_15520,76.88271915677299,SHIVAJINAGAR,26.11,HIGH,0.024003,1.0,12.988453707142858,77.60264090612246,Volatile
147,CELL_2618_15518,75.9051098175331,YELAHANKA,25.95,HIGH,0.023647,1.0,13.09395686875,77.59425824374999,Volatile
148,CELL_2609_15501,63.08491468841269,CHIKKABANAVARA,25.92,HIGH,0.023582,1.0,13.045760343037974,77.50753951898734,Persistent
149,CELL_2605_15517,62.39183697729111,R.T. NAGAR,25.88,HIGH,0.023312,1.0,13.027600183928572,77.5860999267857,Persistent
150,CELL_2595_15522,62.19547719886069,SHIVAJINAGAR,25.8,HIGH,0.023213,1.0,12.979385250943396,77.61383418679246,Persistent
151,CELL_2585_15523,74.12980572697346,MADIWALA,25.95,HIGH,0.023097,1.0,12.926213963636364,77.61842020545454,Volatile
152,CELL_2586_15522,71.7487717676826,ADUGODI,27.16,CRITICAL,0.022719,1.0,12.93365827142857,77.6124833632653,Volatile
153,CELL_2592_15511,70.61534605599434,MAGADI ROAD,27.85,CRITICAL,0.02256,1.0,12.962820204444446,77.55676003333333,Volatile
154,CELL_2605_15515,71.57364671013117,SADASHIVANAGAR,26.08,HIGH,0.02234,1.0,13.027273684615386,77.57718959384616,Volatile
155,CELL_2584_15533,70.70434371346911,BELLANDUR,26.0,HIGH,0.022046,1.0,12.92136159053445,77.66675498907038,Volatile
156,CELL_2583_15534,58.27610777902574,BELLANDUR,26.1,HIGH,0.021835,1.0,12.91699096142857,77.67273497428572,Persistent
157,CELL_2595_15518,56.73071199377376,CUBBON PARK,26.16,HIGH,0.02127,1.0,12.977409150684933,77.59106230684932,Persistent
158,CELL_2636_15536,67.93049513158896,CHIKKAJALA,25.87,HIGH,0.021147,1.0,13.183817628571427,77.68212808571428,Volatile
159,CELL_2595_15527,64.69520981282137,JEEVANBHEEMANAGAR,28.99,CRITICAL,0.020977,1.0,12.978151553333332,77.63877397,Volatile
160,CELL_2588_15513,66.90912561519188,BASAVANAGUDI,25.93,HIGH,0.020845,1.0,12.941640557039904,77.5670990385082,Volatile
161,CELL_2592_15508,55.85462046054478,VIJAYANAGARA,25.69,HIGH,0.020812,1.0,12.964341509090907,77.54166084545454,Persistent
162,CELL_2587_15522,65.56426588847737,ADUGODI,26.43,HIGH,0.020563,1.0,12.935768385542168,77.61259061927711,Volatile
163,CELL_2595_15525,50.31610299681649,HALASUR,32.02,CRITICAL,0.02032,1.0,12.978069514705885,77.62820258823528,Persistent
164,CELL_2582_15514,64.97691883554101,J.P. NAGAR,25.9,HIGH,0.020237,1.0,12.911375313541669,77.57329210833333,Volatile
165,CELL_2592_15527,53.49433241559066,HALASUR,25.79,HIGH,0.019955,1.0,12.961131218333332,77.63699344,Persistent
166,CELL_2598_15507,63.56514936791408,VIJAYANAGARA,26.2,HIGH,0.019875,1.0,12.99174101234568,77.53836417037037,Volatile
167,CELL_2595_15539,60.81268768908646,MAHADEVAPURA,29.37,CRITICAL,0.019813,1.0,12.979034173469389,77.69547827755102,Volatile
168,CELL_2597_15518,52.84045770891577,HIGH GROUND,25.72,HIGH,0.019691,1.0,12.987185195161292,77.59282452096775,Persistent
169,CELL_2598_15522,62.49483910710796,PULIKESHINAGAR(F.TOWN),25.85,HIGH,0.019449,1.0,12.992269418604652,77.61165019069767,Volatile
170,CELL_2595_15510,51.20434605821245,MAGADI ROAD,25.76,HIGH,0.019091,1.0,12.977623250943395,77.55347390377358,Persistent
171,CELL_2597_15500,58.469741183153616,KAMAKSHIPALYA,26.05,HIGH,0.018243,1.0,12.989427677941178,77.50100085882353,Volatile
172,CELL_2598_15518,58.257739982759816,HIGH GROUND,25.72,HIGH,0.018099,1.0,12.992011282051282,77.59402468461539,Volatile
173,CELL_2590_15540,56.24319808770685,HAL OLD AIRPORT,28.31,CRITICAL,0.018074,1.0,12.952258216149255,77.70012339426552,Volatile
174,CELL_2594_15528,56.003976807479695,JEEVANBHEEMANAGAR,26.68,HIGH,0.01762,1.0,12.970278748484848,77.64288219242424,Volatile
175,CELL_2600_15513,46.97927717264657,MALLESHWARAM,25.7,HIGH,0.017491,1.0,13.000931226923075,77.56937255384615,Persistent
176,CELL_2598_15521,54.84580467633921,PULIKESHINAGAR(F.TOWN),27.07,CRITICAL,0.017342,1.0,12.992903174074074,77.60786127407408,Volatile
177,CELL_2604_15516,46.04001803070419,R.T. NAGAR,26.06,HIGH,0.017223,1.0,13.02287791707317,77.58455389512196,Persistent
178,CELL_2587_15515,54.152508621655805,BASAVANAGUDI,25.72,HIGH,0.016819,1.0,12.938075476789008,77.57721383974265,Volatile
179,CELL_2582_15517,53.80551011160144,J.P. NAGAR,25.91,HIGH,0.016753,1.0,12.912749114492756,77.58622013913043,Volatile
180,CELL_2591_15514,52.32852885410149,V.V.PURAM (C.PET),26.0,HIGH,0.016311,1.0,12.9581777703125,77.57260883125,Volatile
181,CELL_2584_15523,51.50284045268131,MADIWALA,25.75,HIGH,0.016,1.0,12.924523816718938,77.61854425499999,Volatile
182,CELL_2601_15505,50.25885887901086,RAJAJINAGAR,27.37,CRITICAL,0.015948,1.0,13.0075974125,77.52676509166666,Volatile
183,CELL_2568_15535,49.48244858644857,ELECTRONIC CITY,28.56,CRITICAL,0.015942,1.0,12.840329253846154,77.67684993076924,Volatile
184,CELL_2592_15517,50.90859826688381,HALASURU GATE,26.1,HIGH,0.015887,1.0,12.96194535,77.58778709761904,Volatile
185,CELL_2584_15524,50.755910096598846,MADIWALA,25.98,HIGH,0.015814,1.0,12.921769691795694,77.6219940176544,Volatile
186,CELL_2592_15502,50.30047245801053,JNANABHARATHI,26.11,HIGH,0.0157,1.0,12.961049411538465,77.51156221538461,Volatile
187,CELL_2581_15526,50.342851938083214,HSR LAYOUT,25.62,HIGH,0.015611,1.0,12.9063404,77.63083893529412,Volatile
188,CELL_2585_15538,48.45326592399083,BELLANDUR,28.53,CRITICAL,0.015603,1.0,12.927649370731707,77.69474812195122,Volatile
189,CELL_2586_15523,41.85439449179074,ADUGODI,25.52,MODERATE,0.015531,1.0,12.934422241860466,77.61644125581395,Persistent
190,CELL_2602_15539,49.19243549301722,K.R. PURA,26.62,HIGH,0.015455,1.0,13.010609169565216,77.69773913260869,Volatile
191,CELL_2598_15520,48.17743167871309,SHIVAJINAGAR,25.65,HIGH,0.014942,1.0,12.990918651923076,77.60138720384614,Volatile
192,CELL_2598_15523,39.39660297942541,PULIKESHINAGAR(F.TOWN),27.12,CRITICAL,0.014922,1.0,12.994517342,77.61566753999999,Persistent
193,CELL_2597_15523,39.6041141946167,PULIKESHINAGAR(F.TOWN),25.85,HIGH,0.014752,1.0,12.987610266666666,77.61844256666666,Persistent
194,CELL_2594_15518,47.05385743942702,HALASURU GATE,26.24,HIGH,0.014705,1.0,12.9713134125,77.593370340625,Volatile
195,CELL_2585_15526,46.32692300805487,ADUGODI,26.78,HIGH,0.014579,1.0,12.927071864788733,77.63342198309859,Volatile
196,CELL_2610_15510,38.4169885590823,JALAHALLI,26.67,HIGH,0.014461,1.0,13.051018404545454,77.55263526136365,Persistent
197,CELL_2602_15509,38.68356388750224,MALLESHWARAM,25.52,MODERATE,0.014342,1.0,13.010872931578948,77.54908930789473,Persistent
198,CELL_2587_15517,45.00995948426631,WILSON GARDEN,25.56,MODERATE,0.013934,1.0,12.937530937931037,77.5851137586207,Volatile
199,CELL_2591_15513,44.30267558258162,V.V.PURAM (C.PET),26.28,HIGH,0.013845,1.0,12.957109857575755,77.56828673030303,Volatile
200,CELL_2593_15531,42.584267073065554,JEEVANBHEEMANAGAR,17.85,LOW,0.01358,0.6666666666666666,12.9668149721519,77.65829778227848,Volatile
201,CELL_2610_15518,43.15617558963005,KODIGEHALLI,25.68,HIGH,0.013377,1.0,13.051292573809524,77.5929919047619,Volatile
202,CELL_2597_15515,35.81245670922413,SHESHADRIPURAM,25.44,MODERATE,0.013252,1.0,12.988238969444446,77.57696616666667,Persistent
203,CELL_2592_15540,40.189380963300366,HAL OLD AIRPORT,26.61,HIGH,0.012604,1.0,12.960806554216598,77.70161360573026,Volatile
204,CELL_2595_15520,40.5221054097823,SHIVAJINAGAR,25.64,HIGH,0.012547,1.0,12.97832526744186,77.6025408627907,Volatile
205,CELL_2599_15534,32.901379034223915,BANASWADI,26.73,HIGH,0.012368,1.0,12.998743465139254,77.67291826618185,Persistent
206,CELL_2586_15539,31.912101089956145,HAL OLD AIRPORT,29.12,CRITICAL,0.012365,1.0,12.931953848275862,77.69571242068966,Persistent
207,CELL_2592_15512,39.84389929237965,CHAMARAJPET,25.82,HIGH,0.012364,1.0,12.960926891935484,77.56153248064517,Volatile
208,CELL_2599_15523,39.581408487008176,PULIKESHINAGAR(F.TOWN),25.95,HIGH,0.012303,1.0,12.997334023076922,77.6180887102564,Volatile
209,CELL_2597_15509,39.20945953901485,VIJAYANAGARA,25.77,HIGH,0.012158,1.0,12.98746233548387,77.54962878709678,Volatile
210,CELL_2599_15524,39.30030028124129,PULIKESHINAGAR(F.TOWN),20.49,LOW,0.01214,0.8333333333333334,12.9989532,77.62393617241379,Volatile
211,CELL_2599_15511,38.84085456019964,MALLESHWARAM,25.48,MODERATE,0.011995,1.0,12.998250988333332,77.55739157666667,Volatile
212,CELL_2592_15546,36.63311378199459,WHITEFIELD,23.93,MODERATE,0.011824,0.8333333333333334,12.963370231578947,77.73305184473683,Volatile
213,CELL_2582_15521,37.896939146650304,MICO LAYOUT,25.54,MODERATE,0.01171,1.0,12.913789182926829,77.60767663658537,Volatile
214,CELL_2594_15501,31.027567280481016,JNANABHARATHI,26.44,HIGH,0.011608,1.0,12.972300314705883,77.50800321764706,Persistent
215,CELL_2597_15516,37.24009252384101,HIGH GROUND,26.07,HIGH,0.011585,1.0,12.986890590625,77.580407384375,Volatile
216,CELL_2595_15538,33.66709815412703,MAHADEVAPURA,32.74,CRITICAL,0.011381,1.0,12.979183034042554,77.69467203191489,Volatile
217,CELL_2605_15507,30.36425599284042,YESHWANTHPURA,26.37,HIGH,0.011344,1.0,13.02926989032258,77.53847691935484,Persistent
218,CELL_2604_15527,30.665720233490315,BANASWADI,25.38,MODERATE,0.01131,1.0,13.022479207142856,77.63845583571428,Persistent
219,CELL_2583_15516,30.41006457892402,JAYANAGARA,25.72,HIGH,0.011265,1.0,12.919346662857144,77.58239325714287,Persistent
220,CELL_2583_15515,30.40379886158076,JAYANAGARA,25.68,HIGH,0.011258,1.0,12.917485793103449,77.57801981034483,Persistent
221,CELL_2589_15515,36.12198639223512,V.V.PURAM (C.PET),25.45,MODERATE,0.01114,1.0,12.948526531707316,77.57826435853659,Volatile
222,CELL_2603_15510,29.871466372843805,YESHWANTHPURA,26.01,HIGH,0.011105,1.0,13.017874814285715,77.55242276428571,Persistent
223,CELL_2587_15525,35.877107832139984,ADUGODI,25.53,MODERATE,0.011077,1.0,12.937831570509678,77.62645219136927,Volatile
224,CELL_2590_15518,35.752977878260694,WILSON GARDEN,25.57,HIGH,0.011043,1.0,12.952870104166664,77.59226712499999,Volatile
225,CELL_2584_15516,35.679872111369235,JAYANAGARA,25.67,HIGH,0.011035,1.0,12.922181590029288,77.58216271201808,Volatile
226,CELL_2590_15517,35.65775049556458,WILSON GARDEN,25.44,MODERATE,0.010994,1.0,12.954558632142858,77.58565837857144,Volatile
227,CELL_2590_15521,35.47126620425296,ASHOK NAGAR,20.57,LOW,0.010955,0.8333333333333334,12.95153231764706,77.60748918823529,Volatile
228,CELL_2593_15518,35.29578326098492,HALASURU GATE,25.44,MODERATE,0.010881,1.0,12.967799993333331,77.59266200333333,Volatile
229,CELL_2609_15550,29.17483213385304,K.R. PURA,25.86,HIGH,0.010819,1.0,13.045917785185184,77.7503258925926,Persistent
230,CELL_2574_15530,34.97600316439231,ELECTRONIC CITY,25.47,MODERATE,0.010786,1.0,12.870645762857142,77.65325012571428,Volatile
231,CELL_2589_15517,34.70090887960602,WILSON GARDEN,25.43,MODERATE,0.010694,1.0,12.946190449180328,77.58787740983607,Volatile
232,CELL_2608_15503,28.519653463186927,CHIKKABANAVARA,26.59,HIGH,0.010674,1.0,13.040496853846154,77.51861949230769,Persistent
233,CELL_2624_15526,33.810547056359646,CHIKKAJALA,27.24,CRITICAL,0.010667,1.0,13.122023571304346,77.63095099782609,Volatile
234,CELL_2587_15520,27.967739925457803,MICO LAYOUT,27.22,CRITICAL,0.01055,1.0,12.936896925,77.60173033,Persistent
235,CELL_2580_15535,33.96306652585564,BELLANDUR,25.52,MODERATE,0.010475,1.0,12.902189070967742,77.67570309354838,Volatile
236,CELL_2576_15519,33.72100079777619,J.P. NAGAR,25.47,MODERATE,0.010393,1.0,12.882077078200782,77.59605077183757,Volatile
237,CELL_2609_15518,33.293865769447144,HEBBALA,25.41,MODERATE,0.010251,1.0,13.048801645,77.59276650000001,Volatile
238,CELL_2588_15505,32.99605202543837,BYATARAYANAPURA,25.96,HIGH,0.010233,1.0,12.94344709142857,77.52664254857143,Volatile
239,CELL_2597_15503,32.77487914708907,KAMAKSHIPALYA,25.4,MODERATE,0.010088,1.0,12.987333501802295,77.51928182874116,Volatile
240,CELL_2588_15524,27.144156478258225,ADUGODI,25.56,MODERATE,0.010012,1.0,12.941296220000002,77.62124924,Persistent
241,CELL_2585_15510,31.85761362423807,BANASHANKARI,26.99,CRITICAL,0.010009,1.0,12.926649741304349,77.55085684347827,Volatile
242,CELL_2587_15518,31.35179881004332,WILSON GARDEN,25.39,MODERATE,0.009641,1.0,12.938133163888889,77.59264482222221,Volatile
243,CELL_2594_15513,30.892071585081027,MAGADI ROAD,25.53,MODERATE,0.009515,1.0,12.97325092,77.56685718571428,Volatile
244,CELL_2595_15517,30.37084286292582,CUBBON PARK,26.77,HIGH,0.009507,1.0,12.97718154,77.58905987333334,Volatile
245,CELL_2574_15531,30.331418842649924,ELECTRONIC CITY,25.49,MODERATE,0.009334,1.0,12.8706167,77.65657837307693,Volatile
246,CELL_2577_15527,24.618100076498823,HSR LAYOUT,25.3,MODERATE,0.009029,1.0,12.889157662509792,77.63956644827157,Persistent
247,CELL_2593_15540,28.624728133922183,HAL OLD AIRPORT,27.31,CRITICAL,0.009013,1.0,12.968923159901706,77.7010090082162,Volatile
248,CELL_2599_15537,28.697361090722225,MAHADEVAPURA,26.75,HIGH,0.008971,1.0,12.998602006666664,77.68836458666667,Volatile
249,CELL_2609_15514,28.9689007468795,KODIGEHALLI,25.36,MODERATE,0.008892,1.0,13.047230354545457,77.57384395,Volatile
250,CELL_2593_15513,28.568630254684905,CHAMARAJPET,25.81,HIGH,0.008819,1.0,12.967601044444445,77.567691775,Volatile
251,CELL_2595_15528,26.84038986430244,JEEVANBHEEMANAGAR,30.3,CRITICAL,0.008767,1.0,12.97845144375,77.64102630000001,Volatile
252,CELL_2582_15536,23.59115029987664,BELLANDUR,25.29,MODERATE,0.008641,1.0,12.912192463636364,77.68146296363636,Persistent
253,CELL_2587_15506,27.997506836595942,BANASHANKARI,25.41,MODERATE,0.008594,1.0,12.938064115555555,77.53320507111111,Volatile
254,CELL_2601_15515,27.768500022177623,SADASHIVANAGAR,26.0,HIGH,0.008589,1.0,13.007151545454546,77.57916775454545,Volatile
255,CELL_2590_15514,27.90664697827415,V.V.PURAM (C.PET),25.45,MODERATE,0.00857,1.0,12.953678807142856,77.57289239285714,Volatile
256,CELL_2601_15518,27.67877919131928,R.T. NAGAR,25.38,MODERATE,0.00849,1.0,13.00665387,77.5927619775,Volatile
257,CELL_2587_15540,27.55289055201088,HAL OLD AIRPORT,25.55,MODERATE,0.008471,1.0,12.937189471428573,77.70205968571429,Volatile
258,CELL_2604_15506,27.038868738555465,RAJAJINAGAR,26.83,CRITICAL,0.008451,1.0,13.021404846666666,77.53191100000001,Volatile
259,CELL_2600_15505,22.45421437329304,RAJAJINAGAR,26.86,CRITICAL,0.008386,1.0,13.001788905882352,77.5260012235294,Persistent
260,CELL_2596_15528,26.10884145392575,JEEVANBHEEMANAGAR,28.01,CRITICAL,0.008279,1.0,12.98387288235294,77.64064355294119,Volatile
261,CELL_2609_15499,21.86262190415027,CHIKKABANAVARA,27.24,CRITICAL,0.008199,1.0,13.04886094736842,77.49781970701754,Persistent
262,CELL_2581_15514,26.451948648199096,J.P. NAGAR,25.76,HIGH,0.008147,1.0,12.907904557894735,77.57298325263157,Volatile
263,CELL_2582_15535,26.411121087555173,BELLANDUR,25.32,MODERATE,0.008088,1.0,12.91333873,77.67794178,Volatile
264,CELL_2591_15509,26.217651789461364,BYATARAYANAPURA,25.88,HIGH,0.008086,1.0,12.9559554,77.54635412592592,Volatile
265,CELL_2599_15521,26.062214498542875,PULIKESHINAGAR(F.TOWN),25.46,MODERATE,0.007993,1.0,12.997548742857145,77.60751701904762,Volatile
266,CELL_2586_15517,25.98084623749158,JAYANAGARA,25.42,MODERATE,0.007963,1.0,12.931807186666669,77.58605152666665,Volatile
267,CELL_2619_15517,25.649474555570382,YELAHANKA,25.6,HIGH,0.007878,1.0,13.099327912500002,77.58817075,Volatile
268,CELL_2608_15502,25.181917725260007,PEENYA,26.77,HIGH,0.007851,1.0,13.041848386111113,77.514503975,Volatile
269,CELL_2583_15530,21.446273010302967,HSR LAYOUT,25.26,MODERATE,0.007832,1.0,12.917223944444444,77.65174584444443,Persistent
270,CELL_2593_15521,25.56803620960013,ASHOK NAGAR,25.31,MODERATE,0.007823,1.0,12.969945546666668,77.60676634666667,Volatile
271,CELL_2596_15517,25.384569684800745,CUBBON PARK,25.31,MODERATE,0.007765,1.0,12.9812264,77.58809358333333,Volatile
272,CELL_2588_15521,24.64775157508301,ADUGODI,26.48,HIGH,0.007651,1.0,12.94208495945946,77.60845341891893,Volatile
273,CELL_2583_15517,24.8912264155143,J.P. NAGAR,25.69,HIGH,0.007649,1.0,12.916397631428572,77.58619326857142,Volatile
274,CELL_2583_15527,20.88402073804049,HSR LAYOUT,25.4,MODERATE,0.007635,1.0,12.916352344999998,77.63709734,Persistent
275,CELL_2588_15549,20.34313344787666,WHITEFIELD,27.21,CRITICAL,0.00761,1.0,12.942843466666666,77.74822827222222,Persistent
276,CELL_2587_15521,24.724060199037705,MICO LAYOUT,25.6,HIGH,0.007587,1.0,12.93757655,77.60770555,Volatile
277,CELL_2588_15504,24.53897697115945,BYATARAYANAPURA,20.99,LOW,0.007568,0.8333333333333334,12.940470238461538,77.5245410076923,Volatile
278,CELL_2579_15519,24.691399838619542,J.P. NAGAR,25.34,MODERATE,0.007551,1.0,12.895089082051282,77.59923589230769,Volatile
279,CELL_2594_15525,24.673053963889505,HALASUR,25.3,MODERATE,0.007541,1.0,12.97336850625,77.6261612375,Volatile
280,CELL_2600_15551,24.610535379670992,MAHADEVAPURA,25.3,MODERATE,0.007522,1.0,13.002772969553194,77.75714509206836,Volatile
281,CELL_2599_15535,24.265968824339623,MAHADEVAPURA,26.39,HIGH,0.007521,1.0,12.999781018181816,77.67631873636364,Volatile
282,CELL_2593_15527,24.200730297402007,JEEVANBHEEMANAGAR,26.42,HIGH,0.007504,1.0,12.968697183333337,77.63698558,Volatile
283,CELL_2583_15524,24.343882063392364,MADIWALA,25.81,HIGH,0.007488,1.0,12.918787667857144,77.62183574642857,Volatile
284,CELL_2598_15519,24.29016205028145,HIGH GROUND,25.41,MODERATE,0.007432,1.0,12.991192407692306,77.5986948,Volatile
285,CELL_2611_15509,24.19613806478184,JALAHALLI,25.38,MODERATE,0.0074,1.0,13.057144064705884,77.54699047647058,Volatile
286,CELL_2583_15519,23.791117975441264,JAYANAGARA,25.59,HIGH,0.007293,1.0,12.91702314,77.59655932000001,Volatile
287,CELL_2613_15518,23.77302368742757,KODIGEHALLI,25.47,MODERATE,0.007276,1.0,13.067929094067214,77.59316625690583,Volatile
288,CELL_2589_15518,19.864945803399824,WILSON GARDEN,25.24,MODERATE,0.007236,1.0,12.94598486,77.59346054666666,Persistent
289,CELL_2580_15540,23.57093863484204,BELLANDUR,25.29,MODERATE,0.007195,1.0,12.903839525440866,77.70361857664258,Volatile
290,CELL_2601_15516,22.91088865283552,SADASHIVANAGAR,26.05,HIGH,0.007059,1.0,13.006539848387096,77.58127052580645,Volatile
291,CELL_2582_15496,22.85645809573031,KENGERI,26.22,HIGH,0.007057,1.0,12.91264280745303,77.48095001114739,Volatile
292,CELL_2585_15537,21.899597273292024,HAL OLD AIRPORT,28.42,CRITICAL,0.00695,1.0,12.92986791824396,77.68530647391596,Volatile
293,CELL_2594_15527,22.6969566606166,JEEVANBHEEMANAGAR,25.35,MODERATE,0.006926,1.0,12.970092368181817,77.63929870454545,Volatile
294,CELL_2591_15531,21.919266563399383,JEEVANBHEEMANAGAR,27.88,CRITICAL,0.006908,1.0,12.958931255396967,77.65897500609994,Volatile
295,CELL_2590_15519,22.40864769114558,WILSON GARDEN,25.33,MODERATE,0.006834,1.0,12.95128112962963,77.59664065555555,Volatile
296,CELL_2600_15523,22.290469056107813,PULIKESHINAGAR(F.TOWN),25.27,MODERATE,0.006792,1.0,13.000923306666667,77.61823317333332,Volatile
297,CELL_2578_15519,22.126433754546937,J.P. NAGAR,25.27,MODERATE,0.006741,1.0,12.89410778125,77.59908448125,Volatile
298,CELL_2600_15544,21.181431728309207,MAHADEVAPURA,28.26,CRITICAL,0.006701,1.0,13.003272066666668,77.72348603333333,Volatile
299,CELL_2598_15511,21.87863231453627,RAJAJINAGAR,25.27,MODERATE,0.006663,1.0,12.992299755555557,77.55606221111111,Volatile
300,CELL_2563_15537,20.842970299245227,ELECTRONIC CITY,29.0,CRITICAL,0.006654,1.0,12.818638866666667,77.68915073333334,Volatile
301,CELL_2584_15534,21.398282722319284,BELLANDUR,26.85,CRITICAL,0.00665,1.0,12.923482052273044,77.67272472871991,Volatile
302,CELL_2595_15524,21.603873048925703,HALASUR,25.26,MODERATE,0.006576,1.0,12.975449533333334,77.62070564444444,Volatile
303,CELL_2588_15519,21.41552674006661,WILSON GARDEN,20.26,LOW,0.006517,0.8333333333333334,12.944413025925927,77.59714395925927,Volatile
304,CELL_2604_15517,21.342879057709887,R.T. NAGAR,25.26,MODERATE,0.006494,1.0,13.02452595625,77.58513856875,Volatile
305,CELL_2598_15500,21.129893527681507,KAMAKSHIPALYA,25.95,HIGH,0.006487,1.0,12.99017793846154,77.5037628423077,Volatile
306,CELL_2585_15521,20.72509435310817,MICO LAYOUT,26.66,HIGH,0.006419,1.0,12.927253876470589,77.60907632352941,Volatile
307,CELL_2610_15501,17.58851543070667,CHIKKABANAVARA,25.31,MODERATE,0.006385,1.0,13.0527272125,77.507733025,Persistent
308,CELL_2591_15510,20.2246324285235,CHAMARAJPET,27.57,CRITICAL,0.006333,1.0,12.957770027586209,77.55315033103447,Volatile
309,CELL_2581_15527,20.761104613353545,HSR LAYOUT,25.25,MODERATE,0.006311,1.0,12.906325214285715,77.63807061428572,Volatile
310,CELL_2598_15539,20.20854715730872,MAHADEVAPURA,25.92,HIGH,0.006193,1.0,12.99478750332256,77.69796619607928,Volatile
311,CELL_2588_15512,20.357724623155583,BASAVANAGUDI,15.25,LOW,0.006185,0.6666666666666666,12.941576251515151,77.56248498484848,Volatile
312,CELL_2601_15551,16.93389734989293,MAHADEVAPURA,25.3,MODERATE,0.006138,1.0,13.006856025,77.7571354375,Persistent
313,CELL_2601_15524,20.157162123946268,PULIKESHINAGAR(F.TOWN),15.24,LOW,0.006122,0.6666666666666666,13.007102172222222,77.62158913055555,Volatile
314,CELL_2596_15550,20.07832310527344,WHITEFIELD,25.49,MODERATE,0.006116,1.0,12.983271912903223,77.75208036129031,Volatile
315,CELL_2579_15543,20.05343332493169,WHITEFIELD,25.38,MODERATE,0.0061,1.0,12.896721727272729,77.71996253181818,Volatile
316,CELL_2596_15526,18.40033024181076,HALASUR,31.45,CRITICAL,0.006032,1.0,12.981205645,77.63142509000001,Volatile
317,CELL_2628_15523,19.85071865980228,CHIKKAJALA,25.24,MODERATE,0.006025,1.0,13.1441455625,77.6178419,Volatile
318,CELL_2607_15503,19.6548719299236,PEENYA,25.99,HIGH,0.006023,1.0,13.03914014,77.51875593999999,Volatile
319,CELL_2611_15501,16.534848929781635,CHIKKABANAVARA,25.63,HIGH,0.006014,1.0,13.055176121428572,77.50757162142858,Persistent
320,CELL_2601_15508,19.747570941460403,RAJAJINAGAR,25.24,MODERATE,0.005993,1.0,13.00824829090909,77.5433434909091,Volatile
321,CELL_2599_15525,19.589528851275457,PULIKESHINAGAR(F.TOWN),20.4,LOW,0.005956,0.8333333333333334,12.999481784210523,77.62548221578948,Volatile
322,CELL_2575_15508,16.238100275919926,THALAGATTAPURA,26.01,HIGH,0.005931,1.0,12.876535940406084,77.54405254155915,Persistent
323,CELL_2591_15518,16.079730344302277,WILSON GARDEN,25.19,MODERATE,0.005808,1.0,12.957319023529411,77.59248202352941,Persistent
324,CELL_2582_15510,18.380435315553363,K.S. LAYOUT,28.17,CRITICAL,0.005781,1.0,12.911299097788472,77.55191073385602,Volatile
325,CELL_2571_15517,19.050704490332794,HULIMAVU,25.23,MODERATE,0.005774,1.0,12.857248267857145,77.58899398214285,Volatile
326,CELL_2591_15530,15.25929049802403,JEEVANBHEEMANAGAR,28.71,CRITICAL,0.005757,1.0,12.95758492339214,77.6536331258992,Persistent
327,CELL_2591_15541,18.81294274490461,HAL OLD AIRPORT,15.32,LOW,0.005706,0.6666666666666666,12.95656088125,77.70831035625,Volatile
328,CELL_2586_15524,18.801943009436844,ADUGODI,25.23,MODERATE,0.005696,1.0,12.932930496,77.62307061599999,Volatile
329,CELL_2588_15518,18.75054082269753,WILSON GARDEN,25.23,MODERATE,0.005679,1.0,12.9448649418592,77.59486058142858,Volatile
330,CELL_2581_15539,18.69763977715791,BELLANDUR,25.23,MODERATE,0.005663,1.0,12.9066457,77.69757487894736,Volatile
331,CELL_2595_15519,18.51798660473837,CUBBON PARK,20.44,LOW,0.005622,0.8333333333333334,12.978308542857144,77.59913122857142,Volatile
332,CELL_2603_15541,17.5198481256292,K.R. PURA,27.55,CRITICAL,0.005458,1.0,13.01785056,77.708889024,Volatile
333,CELL_2619_15516,17.578712676961587,YELAHANKA,20.31,LOW,0.005318,0.8333333333333334,13.097804941935484,77.58428148387097,Volatile
334,CELL_2602_15506,17.30755778371374,RAJAJINAGAR,16.37,LOW,0.005307,0.6666666666666666,13.01401444137931,77.53261210344829,Volatile
335,CELL_2568_15530,17.423669852218215,ELECTRONIC CITY,25.37,MODERATE,0.005273,1.0,12.840613079166667,77.65122078750001,Volatile
336,CELL_2593_15529,17.272344700718776,JEEVANBHEEMANAGAR,25.75,HIGH,0.005253,1.0,12.969192403319154,77.6477263090806,Volatile
337,CELL_2596_15541,17.31915143677631,MAHADEVAPURA,25.44,MODERATE,0.005245,1.0,12.983780253846154,77.70826181538462,Volatile
338,CELL_2581_15509,17.147957492721055,K.S. LAYOUT,25.84,HIGH,0.005219,1.0,12.90759746035711,77.54679664189875,Volatile
339,CELL_2588_15516,17.248570391558015,WILSON GARDEN,20.21,LOW,0.005207,0.8333333333333334,12.941321934615384,77.58341495384614,Volatile
340,CELL_2580_15528,16.66586250694482,HSR LAYOUT,15.48,LOW,0.005043,0.6666666666666666,12.90346303818331,77.64202971590503,Volatile
341,CELL_2613_15517,16.704322705536377,KODIGEHALLI,25.2,MODERATE,0.005036,1.0,13.06979043076923,77.58726172307692,Volatile
342,CELL_2611_15515,16.578311831528993,KODIGEHALLI,25.2,MODERATE,0.004996,1.0,13.059737148361515,77.57679063865714,Volatile
343,CELL_2608_15517,16.444868257693898,HEBBALA,25.57,HIGH,0.004979,1.0,13.04109335,77.58963545,Volatile
344,CELL_2593_15549,16.1659952771522,WHITEFIELD,26.69,HIGH,0.004964,1.0,12.968099733333334,77.74960820476191,Volatile
345,CELL_2584_15520,16.33837135194627,MICO LAYOUT,20.38,LOW,0.004933,0.8333333333333334,12.920920179166666,77.60066349166667,Volatile
346,CELL_2607_15547,15.314625810909934,K.R. PURA,29.97,CRITICAL,0.004892,1.0,13.0357895125,77.73542194375,Volatile
347,CELL_2598_15543,15.108980757808167,MAHADEVAPURA,27.48,CRITICAL,0.004674,1.0,12.993226766666668,77.71726454666667,Volatile
348,CELL_2580_15525,15.404483210618093,MADIWALA,25.25,MODERATE,0.004631,1.0,12.9031488375,77.6263206,Volatile
349,CELL_2581_15508,12.88723378977008,K.S. LAYOUT,25.15,MODERATE,0.004603,1.0,12.906071738461538,77.54212806923077,Persistent
350,CELL_2584_15522,15.075188998356207,MICO LAYOUT,26.26,HIGH,0.004589,1.0,12.920834416666668,77.61047713333333,Volatile
351,CELL_2583_15523,15.046586777835216,MICO LAYOUT,10.18,LOW,0.004515,0.5,12.915464933333332,77.61574725833333,Volatile
352,CELL_2598_15515,12.60911438871891,SHESHADRIPURAM,25.15,MODERATE,0.004498,1.0,12.993667785714283,77.57723842857142,Persistent
353,CELL_2587_15549,14.290340909582858,WHITEFIELD,27.63,CRITICAL,0.004417,1.0,12.938039981206758,77.7469895695641,Volatile
354,CELL_2594_15520,14.61598919206139,CUBBON PARK,25.18,MODERATE,0.00438,1.0,12.9719155,77.60142675,Volatile
355,CELL_2597_15541,14.002667264837797,MAHADEVAPURA,23.17,MODERATE,0.004354,0.8333333333333334,12.985881621428572,77.70851807857142,Volatile
356,CELL_2602_15525,14.45053329416978,BANASWADI,25.28,MODERATE,0.004334,1.0,13.01319382857143,77.62658378571429,Volatile
357,CELL_2597_15501,14.361352111680116,KAMAKSHIPALYA,25.17,MODERATE,0.0043,1.0,12.98902978,77.50783982,Volatile
358,CELL_2600_15518,14.360418937627912,R.T. NAGAR,20.17,LOW,0.004299,0.8333333333333334,13.0033634,77.593999815,Volatile
359,CELL_2604_15510,14.17942819857771,YESHWANTHPURA,21.07,LOW,0.004293,0.8333333333333334,13.021910915,77.55248128000001,Volatile
360,CELL_2581_15518,14.222628706859364,J.P. NAGAR,25.52,MODERATE,0.004276,1.0,12.906250088235296,77.59180526470588,Volatile
361,CELL_2598_15513,11.682493020148398,SHESHADRIPURAM,26.64,HIGH,0.004232,1.0,12.992700742857142,77.56713382857143,Persistent
362,CELL_2582_15528,14.0756546005345,HSR LAYOUT,25.17,MODERATE,0.00421,1.0,12.912003026666666,77.64421184,Volatile
363,CELL_2583_15533,14.04269864174003,BELLANDUR,25.34,MODERATE,0.004209,1.0,12.918759576470588,77.66963048235294,Volatile
364,CELL_2600_15526,13.73556743968945,BANASWADI,26.36,HIGH,0.004168,1.0,13.00218574618106,77.63309944073481,Volatile
365,CELL_2585_15519,13.61550822223864,JAYANAGARA,26.56,HIGH,0.004141,1.0,12.927866257142856,77.59866755714286,Volatile
366,CELL_2585_15524,13.79772566840082,MADIWALA,20.16,LOW,0.004122,0.8333333333333334,12.927130166666666,77.62098472666666,Volatile
367,CELL_2587_15504,13.452008742725116,BYATARAYANAPURA,21.25,LOW,0.004072,0.8333333333333334,12.939037363636364,77.52295333636363,Volatile
368,CELL_2581_15517,13.449550009623266,J.P. NAGAR,25.41,MODERATE,0.004026,1.0,12.90585625,77.58581703333333,Volatile
369,CELL_2593_15520,13.429437116165673,ASHOK NAGAR,25.16,MODERATE,0.004007,1.0,12.9682084,77.60203856666666,Volatile
370,CELL_2588_15517,13.26275440752591,WILSON GARDEN,25.39,MODERATE,0.003966,1.0,12.94315666923077,77.58568713076923,Volatile
371,CELL_2584_15530,13.292516139309177,HSR LAYOUT,25.16,MODERATE,0.003964,1.0,12.923089833333334,77.65141836666668,Volatile
372,CELL_2592_15509,13.188181767965713,MAGADI ROAD,25.16,MODERATE,0.003931,1.0,12.964183028571428,77.54940185714285,Volatile
373,CELL_2591_15546,12.877235526829574,WHITEFIELD,26.84,CRITICAL,0.003919,1.0,12.956311567011324,77.73144363123667,Volatile
374,CELL_2592_15513,12.982078862808464,CHAMARAJPET,26.05,HIGH,0.003912,1.0,12.96286306,77.56713944666667,Volatile
375,CELL_2600_15542,13.121841921029572,K.R. PURA,25.16,MODERATE,0.00391,1.0,13.004373986666668,77.71087831333334,Volatile
376,CELL_2589_15505,12.95883298591863,BYATARAYANAPURA,25.49,MODERATE,0.003876,1.0,12.945781088888888,77.52893174444445,Volatile
377,CELL_2596_15529,12.661142768114802,JEEVANBHEEMANAGAR,15.34,LOW,0.003774,0.6666666666666666,12.9811812625,77.64630708125,Volatile
378,CELL_2616_15509,12.38130020604148,YELAHANKA,26.25,HIGH,0.003731,1.0,13.081716947813,77.54821112299005,Volatile
379,CELL_2573_15530,12.490890530763831,ELECTRONIC CITY,20.15,LOW,0.003712,0.8333333333333334,12.869769241666669,77.65334454166667,Volatile
380,CELL_2607_15513,12.448692816271336,KODIGEHALLI,25.15,MODERATE,0.003698,1.0,13.03665132222222,77.5666581,Volatile
381,CELL_2580_15518,10.469571864854384,J.P. NAGAR,25.12,MODERATE,0.003691,1.0,12.901919975,77.59406885,Persistent
382,CELL_2593_15519,12.222442695556502,ASHOK NAGAR,25.9,HIGH,0.003663,1.0,12.966025075,77.59739772500001,Volatile
383,CELL_2600_15524,12.27229908832943,PULIKESHINAGAR(F.TOWN),15.22,LOW,0.003646,0.6666666666666666,13.00059401,77.621780065,Volatile
384,CELL_2591_15539,11.944573329195451,HAL OLD AIRPORT,27.14,CRITICAL,0.003634,1.0,12.9564368,77.6962281,Volatile
385,CELL_2581_15535,10.229519513711065,BELLANDUR,25.12,MODERATE,0.003601,1.0,12.907429613333331,77.67604415333334,Persistent
386,CELL_2610_15552,11.229801826691716,K.R. PURA,30.1,CRITICAL,0.003535,1.0,13.053531325,77.761881475,Volatile
387,CELL_2583_15522,11.76470018845892,MICO LAYOUT,25.36,MODERATE,0.003493,1.0,12.917594305882352,77.6104972235294,Volatile
388,CELL_2587_15498,11.429075096803048,JNANABHARATHI,25.14,MODERATE,0.003378,1.0,12.939518675,77.49303325,Volatile
389,CELL_2606_15506,10.7519993513555,YESHWANTHPURA,27.59,CRITICAL,0.003269,1.0,13.033927295238096,77.53098560476191,Volatile
390,CELL_2602_15501,11.054717696777791,PEENYA,25.13,MODERATE,0.00326,1.0,13.011322592307693,77.50600183846154,Volatile
391,CELL_2609_15508,10.341311027681408,JALAHALLI,29.55,CRITICAL,0.003215,1.0,13.04809142,77.54277838,Volatile
392,CELL_2589_15516,10.716979404771353,WILSON GARDEN,20.13,LOW,0.003154,0.8333333333333334,12.94783383125,77.5800509375,Volatile
393,CELL_2597_15495,10.577685582487872,KAMAKSHIPALYA,25.92,HIGH,0.003143,1.0,12.986141026666669,77.47805287333334,Volatile
394,CELL_2601_15522,9.00847110264181,K.G. HALLI,25.1,MODERATE,0.00314,1.0,13.008122266666668,77.61320246666666,Persistent
395,CELL_2597_15542,10.609775380501524,MAHADEVAPURA,25.12,MODERATE,0.00312,1.0,12.9886065,77.7108473,Volatile
396,CELL_2591_15549,10.587093207886134,WHITEFIELD,25.12,MODERATE,0.003113,1.0,12.957454842857144,77.74599228571428,Volatile
397,CELL_2602_15513,10.532904886358107,MALLESHWARAM,25.12,MODERATE,0.003096,1.0,13.011905213333334,77.56904125999999,Volatile
398,CELL_2602_15516,10.30611383974439,SADASHIVANAGAR,26.17,HIGH,0.003067,1.0,13.011346066666666,77.58359946,Volatile
399,CELL_2619_15515,10.105966072823351,YELAHANKA,25.12,MODERATE,0.002962,1.0,13.09952175,77.57772655,Volatile
400,CELL_2587_15514,9.952635486015684,BASAVANAGUDI,25.12,MODERATE,0.002914,1.0,12.9369147,77.57343003333334,Volatile
401,CELL_2579_15514,9.861590847101716,K.S. LAYOUT,25.12,MODERATE,0.002885,1.0,12.897564509540912,77.5714008237706,Volatile
402,CELL_2584_15515,9.845206094983244,JAYANAGARA,25.12,MODERATE,0.00288,1.0,12.9201217,77.5777017,Volatile
403,CELL_2596_15506,9.764827579562334,KAMAKSHIPALYA,25.11,MODERATE,0.002855,1.0,12.982220640783249,77.53225141294853,Volatile
404,CELL_2589_15513,9.648789419929606,BASAVANAGUDI,25.11,MODERATE,0.002818,1.0,12.94668861,77.56732196,Volatile
405,CELL_2593_15530,9.583400148367751,JEEVANBHEEMANAGAR,25.49,MODERATE,0.002812,1.0,12.96813945,77.651461375,Volatile
406,CELL_2589_15507,9.20767032654431,BYATARAYANAPURA,28.11,CRITICAL,0.002787,1.0,12.948986775,77.536592775,Volatile
407,CELL_2580_15541,9.429124414951474,WHITEFIELD,16.05,LOW,0.002783,0.6666666666666666,12.9013004,77.7086893,Volatile
408,CELL_2576_15509,9.487532188820404,THALAGATTAPURA,25.11,MODERATE,0.002767,1.0,12.882569501148872,77.54793554554848,Volatile
409,CELL_2582_15530,9.418878996090363,HSR LAYOUT,25.11,MODERATE,0.002746,1.0,12.91283655,77.65159700000001,Volatile
410,CELL_2596_15516,9.12980669693476,HIGH GROUND,26.32,HIGH,0.002698,1.0,12.9811609,77.5811267875,Volatile
411,CELL_2595_15550,7.7293526380455155,WHITEFIELD,25.09,MODERATE,0.002658,1.0,12.9794667,77.75131016666667,Persistent
412,CELL_2582_15520,8.99547884126661,MICO LAYOUT,25.1,MODERATE,0.002613,1.0,12.91351835,77.60362285,Volatile
413,CELL_2592_15549,7.263955055707211,WHITEFIELD,27.52,CRITICAL,0.002563,1.0,12.961114125,77.74754105,Persistent
414,CELL_2608_15522,8.720402512070878,HEBBALA,25.1,MODERATE,0.002526,1.0,13.0421095375,77.613583075,Volatile
415,CELL_2602_15507,8.559211180610918,RAJAJINAGAR,26.6,HIGH,0.002525,1.0,13.011436845454543,77.53565676363637,Volatile
416,CELL_2587_15519,8.674166025445999,WILSON GARDEN,20.1,LOW,0.002512,0.8333333333333334,12.938257758333334,77.59833634166667,Volatile
417,CELL_2578_15531,8.61175313731164,BELLANDUR,25.31,MODERATE,0.002499,1.0,12.894271842857142,77.65719607142857,Volatile
418,CELL_2596_15505,8.604922796954602,KAMAKSHIPALYA,25.1,MODERATE,0.00249,1.0,12.983845268119254,77.52884086917926,Volatile
419,CELL_2584_15517,8.523760421101391,JAYANAGARA,25.1,MODERATE,0.002464,1.0,12.9229177625,77.5857594125,Volatile
420,CELL_2578_15514,8.398549669006048,THALAGATTAPURA,20.1,LOW,0.002425,0.8333333333333334,12.892389991666668,77.5719947,Volatile
421,CELL_2575_15527,8.321276345494544,ELECTRONIC CITY,20.1,LOW,0.002401,0.8333333333333334,12.876469833333331,77.6388998,Volatile
422,CELL_2582_15497,8.018872639948368,KENGERI,23.09,LOW,0.002398,0.8333333333333334,12.913973341666669,77.48678985,Volatile
423,CELL_2578_15513,8.295188515423366,K.S. LAYOUT,25.1,MODERATE,0.002393,1.0,12.893847075,77.5676795625,Volatile
424,CELL_2605_15504,7.893860350844594,PEENYA,18.77,LOW,0.002377,0.6666666666666666,13.02693199,77.52032405,Volatile
425,CELL_2624_15522,7.893694778232251,YELAHANKA,25.28,MODERATE,0.002272,1.0,13.122414125,77.6107394875,Volatile
426,CELL_2619_15520,7.805404740303093,YELAHANKA,25.09,MODERATE,0.002239,1.0,13.095507,77.60043495,Volatile
427,CELL_2583_15508,7.550264066917042,BANASHANKARI,27.27,CRITICAL,0.002221,1.0,12.919148154545455,77.5421144,Volatile
428,CELL_2570_15517,6.5243012204776845,THALAGATTAPURA,25.07,MODERATE,0.002203,1.0,12.852091857142856,77.58832414285715,Persistent
429,CELL_2611_15494,7.613658679587482,NO POLICE STATION,25.91,HIGH,0.002202,1.0,13.05731058,77.47292084,Volatile
430,CELL_2597_15504,7.546436933734586,KAMAKSHIPALYA,21.59,LOW,0.0022,0.8333333333333334,12.9863306,77.5216713,Volatile
431,CELL_2608_15518,7.54347148134125,HEBBALA,26.09,HIGH,0.002185,1.0,13.042299433333334,77.59280220000001,Volatile
432,CELL_2591_15544,7.126056536603037,WHITEFIELD,27.96,CRITICAL,0.002103,1.0,12.955824183333334,77.72164945,Volatile
433,CELL_2599_15520,6.990309957553851,PULIKESHINAGAR(F.TOWN),29.2,CRITICAL,0.002091,1.0,12.9950191,77.60345530000001,Volatile
434,CELL_2594_15502,6.183278499263972,JNANABHARATHI,25.07,MODERATE,0.002074,1.0,12.9729233,77.51222966,Persistent
435,CELL_2590_15524,7.275492282186965,ASHOK NAGAR,25.08,MODERATE,0.002072,1.0,12.95398288888889,77.62229742222222,Volatile
436,CELL_2609_15525,7.118994155990127,HENNURU,15.25,LOW,0.002023,0.6666666666666666,13.045964502127658,77.62744678829787,Volatile
437,CELL_2599_15515,7.059547056129889,SHESHADRIPURAM,20.38,LOW,0.002012,0.8333333333333334,12.99660542,77.57594279,Volatile
438,CELL_2606_15513,6.93170128544252,SADASHIVANAGAR,26.36,HIGH,0.001998,1.0,13.03387242857143,77.56865498571429,Volatile
439,CELL_2597_15496,6.925764954350796,KAMAKSHIPALYA,10.23,LOW,0.001966,0.5,12.98528556,77.48062692,Volatile
440,CELL_2618_15519,6.669165792047914,YELAHANKA,23.35,MODERATE,0.001963,0.8333333333333334,13.092651663636362,77.5964736090909,Volatile
441,CELL_2603_15508,6.920577604210362,RAJAJINAGAR,25.08,MODERATE,0.00196,1.0,13.015988685714284,77.5438752,Volatile
442,CELL_2596_15513,6.845444093050656,SHESHADRIPURAM,25.51,MODERATE,0.001948,1.0,12.982861657142855,77.56809015714285,Volatile
443,CELL_2605_15503,6.549049124555743,PEENYA,24.2,MODERATE,0.001945,0.8333333333333334,13.02806705,77.51939544999999,Volatile
444,CELL_2589_15521,6.670121729528011,ADUGODI,25.08,MODERATE,0.001882,1.0,12.9492744125,77.60592820000001,Volatile
445,CELL_2599_15505,6.477062396253508,RAJAJINAGAR,26.57,HIGH,0.001857,1.0,12.999821825,77.5255831625,Volatile
446,CELL_2592_15501,5.553065104679298,JNANABHARATHI,25.06,MODERATE,0.001837,1.0,12.960746433333334,77.50815601666666,Persistent
447,CELL_2591_15512,6.220217757924308,CHAMARAJPET,27.86,CRITICAL,0.001805,1.0,12.958496328571428,77.56249911428571,Volatile
448,CELL_2605_15526,6.3037605506806935,K.G. HALLI,25.07,MODERATE,0.001767,1.0,13.026047675,77.6308611,Volatile
449,CELL_2593_15511,5.257249789013041,MAGADI ROAD,26.06,HIGH,0.001748,1.0,12.968988366666666,77.55784806666666,Persistent
450,CELL_2606_15514,6.143053759117783,KODIGEHALLI,25.57,HIGH,0.001727,1.0,13.033305633333333,77.572349,Volatile
451,CELL_2608_15516,6.03619561466498,KODIGEHALLI,15.71,LOW,0.001697,0.6666666666666666,13.043625885714286,77.58395572857144,Volatile
452,CELL_2610_15497,5.778491157378546,NO POLICE STATION,28.44,CRITICAL,0.001673,1.0,13.0526668,77.48636045,Volatile
453,CELL_2609_15509,5.663604227253786,JALAHALLI,29.56,CRITICAL,0.001659,1.0,13.0490484,77.5476523,Volatile
454,CELL_2602_15511,5.850579361870178,MALLESHWARAM,21.56,LOW,0.001657,0.8333333333333334,13.0129931,77.555224125,Volatile
455,CELL_2596_15507,5.950402832830866,KAMAKSHIPALYA,25.07,MODERATE,0.001655,1.0,12.98459835,77.5370015,Volatile
456,CELL_2609_15504,5.893387990874702,JALAHALLI,25.07,MODERATE,0.001638,1.0,13.045982714285714,77.52226901428571,Volatile
457,CELL_2594_15512,5.857696804430335,MAGADI ROAD,20.07,LOW,0.001626,0.8333333333333334,12.97474335,77.56264999999999,Volatile
458,CELL_2580_15514,5.724511461296611,J.P. NAGAR,15.23,LOW,0.001588,0.6666666666666666,12.90375268888889,77.57333002222222,Volatile
459,CELL_2569_15534,5.698724418426583,ELECTRONIC CITY,15.23,LOW,0.001576,0.6666666666666666,12.846979988121593,77.67198543041256,Volatile
460,CELL_2604_15509,5.64042780713384,YESHWANTHPURA,20.06,LOW,0.001558,0.8333333333333334,13.023684,77.5492782,Volatile
461,CELL_2603_15523,5.53508134486367,K.G. HALLI,25.31,MODERATE,0.00153,1.0,13.019684933333332,77.61886506666666,Volatile
462,CELL_2581_15538,5.529561625365708,BELLANDUR,25.06,MODERATE,0.001523,1.0,12.90783575,77.6936503,Volatile
463,CELL_2588_15523,5.459677991843071,ADUGODI,15.7,LOW,0.001514,0.6666666666666666,12.940510014285715,77.61926917142857,Volatile
464,CELL_2584_15526,5.464477155904294,ADUGODI,20.06,LOW,0.001503,0.8333333333333334,12.924782833333332,77.63257786666667,Volatile
465,CELL_2600_15516,5.379755586101898,SADASHIVANAGAR,25.56,MODERATE,0.001486,1.0,13.004078300000002,77.58274031666666,Volatile
466,CELL_2598_15540,5.281375177221241,MAHADEVAPURA,26.56,HIGH,0.001474,1.0,12.9939119,77.7019981,Volatile
467,CELL_2614_15520,5.1776225853004085,HEBBALA,11.93,LOW,0.001448,0.5,13.0727524375,77.6037586625,Volatile
467,CELL_2600_15537,5.172142261720053,MAHADEVAPURA,22.06,LOW,0.001448,0.8333333333333334,13.00021,77.68510166666667,Volatile
469,CELL_2581_15516,4.495273275861234,J.P. NAGAR,25.42,MODERATE,0.001445,1.0,12.906258625,77.581502825,Persistent
470,CELL_2596_15535,5.25477764297373,BANASWADI,20.23,LOW,0.001437,0.8333333333333334,12.983596533333332,77.67977713333333,Volatile
471,CELL_2583_15526,5.204628838996643,HSR LAYOUT,25.06,MODERATE,0.001421,1.0,12.9166263,77.6349555,Volatile
472,CELL_2597_15494,5.08115940988698,KAMAKSHIPALYA,26.31,HIGH,0.001405,1.0,12.988409666666668,77.47314146666666,Volatile
473,CELL_2606_15527,5.1161190752347325,HENNURU,25.48,MODERATE,0.001401,1.0,13.0328065,77.63709259999999,Volatile
474,CELL_2575_15509,5.135793124936887,THALAGATTAPURA,25.06,MODERATE,0.001399,1.0,12.879118666666663,77.54555135,Volatile
475,CELL_2603_15512,5.02394164862314,YESHWANTHPURA,16.18,LOW,0.001385,0.6666666666666666,13.017248225,77.560517675,Volatile
476,CELL_2595_15507,4.3275506776534645,VIJAYANAGARA,25.55,MODERATE,0.001383,1.0,12.9769466,77.53656536666666,Persistent
477,CELL_2600_15508,4.931648110506514,VIJAYANAGARA,15.05,LOW,0.001335,0.6666666666666666,13.000697033333331,77.54148391666666,Volatile
478,CELL_2584_15512,4.9059996206430725,BANASHANKARI,25.05,MODERATE,0.001327,1.0,12.92424765,77.5623496,Volatile
479,CELL_2573_15507,4.8514475755631015,THALAGATTAPURA,25.05,MODERATE,0.00131,1.0,12.868297,77.5358895,Volatile
480,CELL_2582_15522,4.67943400136585,MICO LAYOUT,15.05,LOW,0.001256,0.6666666666666666,12.9117199,77.61003869999999,Volatile
481,CELL_2584_15529,4.658385754587148,HSR LAYOUT,25.05,MODERATE,0.001249,1.0,12.921881125,77.6451357,Volatile
482,CELL_2605_15525,4.621325892496159,K.G. HALLI,25.05,MODERATE,0.001238,1.0,13.0257608,77.62799101666667,Volatile
482,CELL_2604_15512,4.6229325855031735,YESHWANTHPURA,10.22,LOW,0.001238,0.5,13.022730146511629,77.56293202093023,Volatile
484,CELL_2602_15518,4.596560709862392,R.T. NAGAR,20.3,LOW,0.001234,0.8333333333333334,13.01206835,77.59189115,Volatile
485,CELL_2613_15525,4.50932504080658,HENNURU,25.05,MODERATE,0.001202,1.0,13.06885,77.62603,Volatile
486,CELL_2598_15542,4.334563147188529,MAHADEVAPURA,20.05,LOW,0.001147,0.8333333333333334,12.9920135,77.7139775,Volatile
487,CELL_2612_15514,4.324322747368733,KODIGEHALLI,15.05,LOW,0.001144,0.6666666666666666,13.0633011,77.5724723,Volatile
488,CELL_2599_15504,4.283337416028032,PEENYA,20.22,LOW,0.001131,0.8333333333333334,12.998485482142856,77.52385688214285,Volatile
489,CELL_2611_15511,4.248449371352013,JALAHALLI,15.04,LOW,0.00112,0.6666666666666666,13.0584114,77.55909755,Volatile
490,CELL_2602_15514,4.185033347573072,SADASHIVANAGAR,15.64,LOW,0.001109,0.6666666666666666,13.01457284,77.5742658,Volatile
491,CELL_2583_15518,4.102807813897327,JAYANAGARA,15.21,LOW,0.001075,0.6666666666666666,12.917011088,77.594062744,Volatile
492,CELL_2610_15507,4.056637700284195,JALAHALLI,20.04,LOW,0.00106,0.8333333333333334,13.0547074,77.5366156,Volatile
493,CELL_2605_15532,4.052970451682487,BANASWADI,20.21,LOW,0.001059,0.8333333333333334,13.028380807901971,77.66327212902249,Volatile
494,CELL_2598_15544,3.919668933325172,MAHADEVAPURA,15.04,LOW,0.001017,0.6666666666666666,12.991476733333334,77.72084073333333,Volatile
495,CELL_2611_15493,3.8594661504641454,NO POLICE STATION,26.04,HIGH,0.001011,1.0,13.0585337,77.4661401,Volatile
496,CELL_2579_15517,3.8145300732156446,J.P. NAGAR,20.64,LOW,0.000992,0.8333333333333334,12.89682766,77.58605722,Volatile
497,CELL_2608_15524,3.8029220446082768,HENNURU,25.04,MODERATE,0.00098,1.0,13.04038355,77.62409285000001,Volatile
498,CELL_2604_15552,3.79314665650148,MAHADEVAPURA,15.04,LOW,0.000977,0.6666666666666666,13.02067564,77.76217598000001,Volatile
499,CELL_2597_15522,3.7792585166005264,PULIKESHINAGAR(F.TOWN),20.04,LOW,0.000973,0.8333333333333334,12.98946905,77.61331390000001,Volatile
500,CELL_2593_15502,3.7613639624573576,JNANABHARATHI,15.04,LOW,0.000967,0.6666666666666666,12.968485,77.5101833,Volatile
501,CELL_2609_15549,3.756950866409966,K.R. PURA,25.04,MODERATE,0.000966,1.0,13.045420533333331,77.74983016666667,Volatile
502,CELL_2610_15526,3.474298822663761,HENNURU,5.21,LOW,0.000965,0.3333333333333333,13.050490351219512,77.63042513170733,Emerging
503,CELL_2601_15501,3.723331070522721,PEENYA,25.04,MODERATE,0.000955,1.0,13.009825125,77.50612545,Volatile
504,CELL_2581_15522,3.692242699919682,MICO LAYOUT,20.04,LOW,0.000946,0.8333333333333334,12.906654466666666,77.61239463333334,Volatile
505,CELL_2614_15526,3.668113882477252,HENNURU,25.04,MODERATE,0.000938,1.0,13.0722034,77.6336907,Volatile
506,CELL_2586_15508,3.612411766055584,BANASHANKARI,10.04,LOW,0.00092,0.5,12.931717666666666,77.54473343333333,Volatile
507,CELL_2603_15518,3.60532138927371,R.T. NAGAR,20.04,LOW,0.000918,0.8333333333333334,13.0150317,77.5926895,Volatile
508,CELL_2592_15526,3.59840333025196,HALASUR,20.04,LOW,0.000916,0.8333333333333334,12.961512525,77.634962275,Volatile
509,CELL_2603_15530,3.5782073582996707,BANASWADI,20.04,LOW,0.00091,0.8333333333333334,13.01839302,77.65399032,Volatile
510,CELL_2587_15537,3.5448087490188653,HAL OLD AIRPORT,20.04,LOW,0.000899,0.8333333333333334,12.9354304,77.6888858,Volatile
511,CELL_2588_15515,3.531258660009131,BASAVANAGUDI,25.04,MODERATE,0.000895,1.0,12.943592725,77.57848394999999,Volatile
512,CELL_2585_15518,3.2207171142869604,JAYANAGARA,5.03,LOW,0.000877,0.3333333333333333,12.9271354,77.5927247,Emerging
513,CELL_2597_15517,3.370175361901969,HIGH GROUND,25.03,MODERATE,0.000844,1.0,12.9893173,77.5888587,Volatile
514,CELL_2608_15510,3.367615700831581,JALAHALLI,20.03,LOW,0.000843,0.8333333333333334,13.0440913,77.5543982,Volatile
515,CELL_2593_15523,3.329345201749832,HALASUR,20.2,LOW,0.000831,0.8333333333333334,12.96896063076923,77.61738021025641,Volatile
516,CELL_2605_15516,3.17840990807854,KODIGEHALLI,20.2,LOW,0.000784,0.8333333333333334,13.02806497719298,77.58103262105263,Volatile
517,CELL_2585_15513,3.142112268610929,BANASHANKARI,21.03,LOW,0.000783,0.8333333333333334,12.9297608,77.56662623333334,Volatile
518,CELL_2609_15498,3.081595158590797,PEENYA,11.78,LOW,0.000771,0.5,13.049581566666667,77.4940805,Volatile
519,CELL_2600_15515,2.804784583520642,SADASHIVANAGAR,8.53,LOW,0.000767,0.3333333333333333,13.001825466666666,77.57728546666668,Emerging
520,CELL_2573_15506,3.116072018920804,THALAGATTAPURA,20.03,LOW,0.000764,0.8333333333333334,12.8669062,77.5347441,Volatile
520,CELL_2588_15522,3.115006512300228,ADUGODI,20.2,LOW,0.000764,0.8333333333333334,12.9414231,77.613652225,Volatile
522,CELL_2604_15503,2.884273046196771,PEENYA,5.2,LOW,0.000761,0.3333333333333333,13.024851616666666,77.51982385000001,Emerging
523,CELL_2584_15514,3.0408054674721225,BANASHANKARI,26.53,HIGH,0.000756,1.0,12.922205,77.5701383,Volatile
524,CELL_2588_15509,2.9935081891482684,BANASHANKARI,22.03,LOW,0.000745,0.8333333333333334,12.942332466666665,77.54842483333333,Volatile
525,CELL_2612_15530,3.0032625619570323,HENNURU,20.2,LOW,0.000729,0.8333333333333334,13.061674817525772,77.65177290824742,Volatile
526,CELL_2612_15492,2.985519440526661,NO POLICE STATION,15.2,LOW,0.000723,0.6666666666666666,13.060786964102563,77.46124334102565,Volatile
527,CELL_2605_15502,2.8883776551954257,PEENYA,26.03,HIGH,0.000702,1.0,13.025189666666668,77.51106848888888,Volatile
528,CELL_2587_15510,2.850645552269552,BASAVANAGUDI,25.78,HIGH,0.000688,1.0,12.938443866666669,77.5542635,Volatile
529,CELL_2584_15525,2.847846420821411,ADUGODI,20.03,LOW,0.00068,0.8333333333333334,12.924341245959472,77.62874665403645,Volatile
530,CELL_2582_15511,2.8208017882220124,K.S. LAYOUT,20.03,LOW,0.000672,0.8333333333333334,12.911705255975743,77.55641200637305,Volatile
531,CELL_2576_15510,2.78195338258562,THALAGATTAPURA,25.53,MODERATE,0.000664,1.0,12.884013084797218,77.55065985354135,Volatile
532,CELL_2584_15502,2.587917548560631,KENGERI,5.02,LOW,0.000658,0.3333333333333333,12.921978866666668,77.51446776666667,Emerging
533,CELL_2587_15512,2.750348184391069,BASAVANAGUDI,25.03,MODERATE,0.000649,1.0,12.9398948,77.56426895,Volatile
534,CELL_2600_15532,2.6914144003170186,BANASWADI,25.03,MODERATE,0.000631,1.0,13.0045929,77.6601883,Volatile
535,CELL_2587_15513,2.6814283423383376,BASAVANAGUDI,25.03,MODERATE,0.000628,1.0,12.9396507,77.566609,Volatile
536,CELL_2596_15538,2.3263766317778845,MAHADEVAPURA,40.02,CRITICAL,0.000619,1.0,12.9803938,77.6939244,Volatile
537,CELL_2586_15520,2.5409611973128343,MICO LAYOUT,15.19,LOW,0.000584,0.6666666666666666,12.931976653125,77.6025679375,Volatile
538,CELL_2611_15530,2.4605644315406767,HENNURU,28.02,CRITICAL,0.000581,1.0,13.0589687,77.6516915,Volatile
539,CELL_2585_15515,2.418692746582103,JAYANAGARA,23.77,MODERATE,0.000572,0.8333333333333334,12.9271587,77.5779022,Volatile
540,CELL_2609_15526,2.330473191430768,HENNURU,5.19,LOW,0.000569,0.3333333333333333,13.049769753846157,77.63010884615385,Emerging
541,CELL_2607_15500,2.484950348655735,PEENYA,15.19,LOW,0.000566,0.6666666666666666,13.037112585714286,77.5043846,Volatile
542,CELL_2598_15541,2.44017821784044,MAHADEVAPURA,15.19,LOW,0.000552,0.6666666666666666,12.992662445,77.706727435,Volatile
543,CELL_2609_15511,2.304949421670344,JALAHALLI,15.19,LOW,0.000509,0.6666666666666666,13.04577398,77.55652706666666,Volatile
544,CELL_2594_15526,2.2474765202325484,HALASUR,25.02,MODERATE,0.000491,1.0,12.9700097,77.6313015,Volatile
545,CELL_2600_15541,2.132156395514272,K.R. PURA,10.19,LOW,0.000455,0.5,13.0043759625,77.708950825,Volatile
545,CELL_2583_15539,2.132156395514272,BELLANDUR,10.19,LOW,0.000455,0.5,12.915556585714286,77.69870577142856,Volatile
547,CELL_2627_15523,2.1056517782095767,CHIKKAJALA,15.19,LOW,0.000447,0.6666666666666666,13.139504156666668,77.61776573916667,Volatile
548,CELL_2584_15511,2.090066320488839,BANASHANKARI,15.02,LOW,0.000442,0.6666666666666666,12.9230133,77.5563983,Volatile
549,CELL_2579_15530,2.083574905094532,HSR LAYOUT,20.19,LOW,0.00044,0.8333333333333334,12.8988311,77.65118196875,Volatile
550,CELL_2594_15530,2.017901568147752,JEEVANBHEEMANAGAR,15.19,LOW,0.000419,0.6666666666666666,12.97319374074074,77.65344741851851,Volatile
551,CELL_2585_15509,2.01455000550051,BANASHANKARI,25.02,MODERATE,0.000418,1.0,12.9265452,77.5483858,Volatile
552,CELL_2602_15515,1.9373505536293243,SADASHIVANAGAR,10.02,LOW,0.000394,0.5,13.012757,77.57953470000001,Volatile
553,CELL_2602_15517,1.865093987118359,R.T. NAGAR,16.89,LOW,0.00038,0.6666666666666666,13.01383595,77.58676435000001,Volatile
554,CELL_2563_15538,1.758452520568544,ELECTRONIC CITY,5.18,LOW,0.000371,0.3333333333333333,12.81798315,77.69011405,Emerging
555,CELL_2575_15511,1.7882241056480286,THALAGATTAPURA,10.01,LOW,0.000347,0.5,12.878776,77.5552469,Volatile
556,CELL_2614_15521,1.6774454004450463,HEBBALA,5.18,LOW,0.000343,0.3333333333333333,13.0717547,77.60667333636364,Emerging
556,CELL_2579_15490,1.6774454004450463,KENGERI,5.18,LOW,0.000343,0.3333333333333333,12.8966295,77.45373495,Emerging
556,CELL_2612_15500,1.6774454004450463,CHIKKABANAVARA,5.18,LOW,0.000343,0.3333333333333333,13.061839683333334,77.50352326666666,Emerging
556,CELL_2611_15495,1.6774454004450463,NO POLICE STATION,5.18,LOW,0.000343,0.3333333333333333,13.05666442222222,77.47653137777777,Emerging
556,CELL_2612_15501,1.6774454004450463,CHIKKABANAVARA,5.18,LOW,0.000343,0.3333333333333333,13.06093564,77.50628256,Emerging
556,CELL_2598_15506,1.6774454004450463,VIJAYANAGARA,5.18,LOW,0.000343,0.3333333333333333,12.992934,77.53378695,Emerging
556,CELL_2597_15533,1.6774454004450463,BANASWADI,5.18,LOW,0.000343,0.3333333333333333,12.98527545,77.6672633,Emerging
556,CELL_2610_15496,1.6774454004450463,NO POLICE STATION,5.18,LOW,0.000343,0.3333333333333333,13.054328670588236,77.48208012352941,Emerging
564,CELL_2583_15513,1.6728158109351616,BANASHANKARI,5.01,LOW,0.000342,0.3333333333333333,12.9186262,77.5664381,Emerging
565,CELL_2607_15504,1.6873745007688656,PEENYA,16.51,LOW,0.000322,0.6666666666666666,13.0383353,77.5217925,Volatile
566,CELL_2584_15521,1.6675634697620263,MICO LAYOUT,23.01,LOW,0.000321,0.8333333333333334,12.924138,77.6094198,Volatile
567,CELL_2617_15527,1.623801615066064,HENNURU,10.18,LOW,0.000295,0.5,13.08695158,77.63518858500001,Volatile
567,CELL_2611_15529,1.623801615066064,HENNURU,10.18,LOW,0.000295,0.5,13.05706866875,77.64824039375,Volatile
567,CELL_2606_15510,1.623801615066064,YESHWANTHPURA,10.18,LOW,0.000295,0.5,13.03270975,77.5540141125,Volatile
567,CELL_2602_15527,1.623801615066064,BANASWADI,10.18,LOW,0.000295,0.5,13.0139964,77.63843308,Volatile
571,CELL_2594_15540,1.5793811519870309,HAL OLD AIRPORT,23.01,LOW,0.000293,0.8333333333333334,12.9704248,77.7000586,Volatile
572,CELL_2586_15515,1.5965964530235732,BANASHANKARI,10.01,LOW,0.000287,0.5,12.9307753,77.5753485,Volatile
573,CELL_2610_15529,1.5950076548524157,HENNURU,20.18,LOW,0.000286,0.8333333333333334,13.052797066666669,77.64612534,Volatile
574,CELL_2581_15537,1.586449010695469,BELLANDUR,15.18,LOW,0.000284,0.6666666666666666,12.909633144736842,77.68748898947369,Volatile
575,CELL_2575_15489,1.4687758479823405,KENGERI,13.01,LOW,0.000256,0.5,12.8784438,77.4452977,Volatile
576,CELL_2589_15511,1.6774454004450463,BASAVANAGUDI,5.18,LOW,0.00025,0.3333333333333333,12.948161616666669,77.55920059444445,Declining
576,CELL_2614_15500,1.6774454004450463,CHIKKABANAVARA,5.18,LOW,0.00025,0.3333333333333333,13.072180033333332,77.50343091333335,Declining
578,CELL_2583_15512,1.4026813111202387,BANASHANKARI,13.01,LOW,0.000235,0.5,12.9191406,77.5637899,Volatile
579,CELL_2593_15547,1.418358066688644,WHITEFIELD,20.18,LOW,0.000231,0.8333333333333334,12.969324964874607,77.73605062244013,Volatile
580,CELL_2576_15508,1.3686417198239544,THALAGATTAPURA,11.51,LOW,0.000219,0.5,12.8802255,77.5441106,Volatile
581,CELL_2607_15512,1.325081379612893,KODIGEHALLI,15.01,LOW,0.000201,0.6666666666666666,13.0382835,77.564995,Volatile
582,CELL_2596_15536,1.2307492660628898,BANASWADI,15.01,LOW,0.000172,0.6666666666666666,12.9829852,77.6803243,Volatile
583,CELL_2584_15510,1.1819311693940746,BANASHANKARI,10.18,LOW,0.000156,0.5,12.92363656433432,77.55291962568546,Volatile
584,CELL_2608_15511,1.1365817578838473,JALAHALLI,15.18,LOW,0.000142,0.6666666666666666,13.04214178888889,77.55725885555556,Volatile
585,CELL_2606_15546,1.1305353499562645,K.R. PURA,20.18,LOW,0.00014,0.8333333333333334,13.034379261764704,77.73379411764707,Volatile
586,CELL_2608_15501,1.06244967531014,PEENYA,15.17,LOW,0.000119,0.6666666666666666,13.044089416666669,77.5079119,Volatile
587,CELL_2616_15526,1.048984942365367,HENNURU,20.17,LOW,0.000115,0.8333333333333334,13.083690985714286,77.6345301857143,Volatile
588,CELL_2594_15499,0.9325382127316608,JNANABHARATHI,15.17,LOW,7.8e-05,0.6666666666666666,12.97008624,77.49658268,Volatile
589,CELL_2581_15540,0.911232178975772,BELLANDUR,10.17,LOW,7.1e-05,0.5,12.90726048763294,77.70264144316461,Volatile
590,CELL_2594_15539,0.8846223398723291,MAHADEVAPURA,10.17,LOW,6.3e-05,0.5,12.973396240653898,77.69865629896144,Volatile
591,CELL_2578_15518,0.865590331523543,J.P. NAGAR,10.17,LOW,5.7e-05,0.5,12.8912012,77.59424759999999,Volatile
592,CELL_2594_15546,0.8629892486136932,WHITEFIELD,10.17,LOW,5.6e-05,0.5,12.9700965,77.73180673333333,Volatile
593,CELL_2594_15534,0.8431194792446196,BANASWADI,15.17,LOW,5e-05,0.6666666666666666,12.9738068,77.67350815,Volatile
594,CELL_2596_15542,0.8179081347439082,MAHADEVAPURA,0.17,LOW,4.2e-05,0.1666666666666666,12.9810025,77.7123049,Volatile
594,CELL_2576_15500,0.8179081347439082,THALAGATTAPURA,0.17,LOW,4.2e-05,0.1666666666666666,12.8838377,77.5019219,Volatile
594,CELL_2602_15528,0.8179081347439082,BANASWADI,0.17,LOW,4.2e-05,0.1666666666666666,13.014018366666669,77.64158613333333,Volatile
594,CELL_2585_15512,0.8179081347439082,BANASHANKARI,0.17,LOW,4.2e-05,0.1666666666666666,12.925322833333333,77.56441536666667,Volatile
594,CELL_2591_15499,0.8179081347439082,JNANABHARATHI,0.17,LOW,4.2e-05,0.1666666666666666,12.958585,77.495605,Volatile
594,CELL_2601_15523,0.8179081347439082,PULIKESHINAGAR(F.TOWN),0.17,LOW,4.2e-05,0.1666666666666666,13.0051,77.6197433,Volatile
594,CELL_2606_15516,0.8179081347439082,KODIGEHALLI,0.17,LOW,4.2e-05,0.1666666666666666,13.030523033333331,77.58098297777778,Volatile
594,CELL_2611_15510,0.8179081347439082,JALAHALLI,0.17,LOW,4.2e-05,0.1666666666666666,13.0573201,77.5513413,Volatile
594,CELL_2611_15526,0.8179081347439082,HENNURU,0.17,LOW,4.2e-05,0.1666666666666666,13.056069263636363,77.63249125454546,Volatile
594,CELL_2580_15489,0.8179081347439082,KENGERI,0.17,LOW,4.2e-05,0.1666666666666666,12.9035725,77.4498397,Volatile
594,CELL_2611_15496,0.8179081347439082,NO POLICE STATION,0.17,LOW,4.2e-05,0.1666666666666666,13.0550263,77.4810676,Volatile
594,CELL_2572_15529,0.8179081347439082,ELECTRONIC CITY,0.17,LOW,4.2e-05,0.1666666666666666,12.8605424,77.6475206,Volatile
606,CELL_2612_15526,0.6844989477134804,HENNURU,5.17,LOW,0.0,0.3333333333333333,13.06216425,77.63337680000001,Emerging
