spatial_cell_id,latitude,longitude,priority_score,forecasted_count,police_station,stability_class
CELL_2595_15515,12.977162307899208,77.57721647242356,1.200968,3181.677861192371,UPPARPET,Persistent
CELL_2592_15515,12.964004749282166,77.57688813089085,0.797868,2112.031180957009,CITY MARKET,Persistent
CELL_2596_15522,12.981733459395604,77.61081055417583,0.617526,1630.7331064915793,SHIVAJINAGAR,Persistent
CELL_2596_15521,12.981996736941024,77.60771913149708,0.597382,1580.463647103298,SHIVAJINAGAR,Persistent
CELL_2586_15538,12.933707119560028,77.6909288012431,0.441389,1375.9848583341245,HAL OLD AIRPORT,Volatile
CELL_2594_15515,12.973087288459764,77.57830033187822,0.44094,1166.5338665668853,UPPARPET,Persistent
CELL_2614_15517,13.071087910668217,77.58792705713351,0.401181,1063.342812810411,KODIGEHALLI,Persistent
CELL_2602_15510,13.011887136431227,77.55344289247212,0.367705,974.1395188858245,MALLESHWARAM,Persistent
CELL_2595_15514,12.977557211991199,77.57293700913091,0.320095,843.2863974013725,UPPARPET,Persistent
CELL_2596_15520,12.983562947294372,77.60326726861472,0.304271,965.4988707937111,SHIVAJINAGAR,Volatile
CELL_2594_15509,12.974235494163459,77.54647151257161,0.25955,686.9505858367725,VIJAYANAGARA,Persistent
CELL_2599_15509,12.998249071212122,77.54884574886364,0.252373,667.4081674720169,VIJAYANAGARA,Persistent
CELL_2592_15516,12.963902162226328,77.58287736676185,0.234928,622.1778874056056,HALASURU GATE,Persistent
CELL_2601_15539,13.008243802707275,77.69579203299493,0.207239,539.6791060243742,K.R. PURA,Persistent
CELL_2636_15535,13.184118771163575,77.67965363490724,0.203493,534.652707765546,CHIKKAJALA,Persistent
CELL_2601_15510,13.008420432859399,77.55451193412323,0.19274,511.27332176660093,MALLESHWARAM,Persistent
CELL_2586_15537,12.931875639629013,77.68738436654637,0.191664,489.97345002715844,HAL OLD AIRPORT,Persistent
CELL_2593_15515,12.968385393734588,77.57663545386495,0.190992,506.4484713366977,CITY MARKET,Persistent
CELL_2607_15517,13.035671033213646,77.58911497235188,0.187845,497.2566036148943,HEBBALA,Persistent
CELL_2594_15510,12.97359337821101,77.55112304518349,0.1822,482.7810952983091,MAGADI ROAD,Persistent
CELL_2599_15510,12.997766326031536,77.55212251938076,0.170885,452.96180004294393,MALLESHWARAM,Persistent
CELL_2596_15519,12.981306411504423,77.5985006920354,0.168221,444.4299471877878,SHIVAJINAGAR,Persistent
CELL_2599_15533,12.996191101074139,77.66841120666122,0.167698,428.32810202602565,MAHADEVAPURA,Persistent
CELL_2601_15514,13.007456024310777,77.57104248471178,0.15941,423.0528007450262,MALLESHWARAM,Persistent
CELL_2600_15535,13.000438515437454,77.67714695214083,0.15592,405.572949221128,MAHADEVAPURA,Persistent
CELL_2587_15539,12.93948559657898,77.69611288064148,0.136736,420.7411738652423,HAL OLD AIRPORT,Volatile
CELL_2593_15514,12.967532527733333,77.57428468719999,0.127708,337.868866451988,CHAMARAJPET,Persistent
CELL_2591_15515,12.958678167352941,77.57688294382353,0.127276,337.8133413642786,CITY MARKET,Persistent
CELL_2595_15521,12.979575086984127,77.60728220666667,0.125747,333.6070036388776,SHIVAJINAGAR,Persistent
CELL_2595_15516,12.977516435314685,77.58084869930069,0.12369,328.1195132171564,UPPARPET,Persistent
CELL_2601_15538,13.008386913348964,77.69401675681266,0.117639,308.5213013950282,K.R. PURA,Persistent
CELL_2599_15514,12.99837342491228,77.57143470070176,0.112775,299.52544297505705,MALLESHWARAM,Persistent
CELL_2598_15510,12.992897099328859,77.55321315838925,0.110866,294.3142906308357,RAJAJINAGAR,Persistent
CELL_2600_15510,13.001788483075835,77.55067553877642,0.099424,264.219232873445,MALLESHWARAM,Persistent
CELL_2599_15522,12.996906692924528,77.6131779221698,0.095804,254.08363385652444,PULIKESHINAGAR(F.TOWN),Persistent
CELL_2568_15529,12.84173203713355,77.64680106840392,0.09503,252.5111122370211,ELECTRONIC CITY,Persistent
CELL_2588_15514,12.94323030235294,77.57131893215687,0.094451,300.45105942954774,BASAVANAGUDI,Volatile
CELL_2590_15508,12.952999495434115,77.54194846645234,0.094131,247.5117240736904,BYATARAYANAPURA,Persistent
CELL_2637_15536,13.187320170881225,77.68040907586207,0.093978,249.42409693519315,CHIKKAJALA,Persistent
CELL_2597_15510,12.98747661304761,77.55265809416206,0.093636,246.87141560727676,RAJAJINAGAR,Persistent
CELL_2585_15535,12.926566110270269,77.67793705837838,0.093383,247.7993891897674,BELLANDUR,Persistent
CELL_2593_15507,12.96727188047467,77.53671446044065,0.091902,243.08274992649618,VIJAYANAGARA,Persistent
CELL_2591_15540,12.957448576884422,77.70168362613066,0.087842,232.61830099346236,HAL OLD AIRPORT,Persistent
CELL_2587_15538,12.93592184499263,77.69155177939967,0.08548,224.43591255399858,HAL OLD AIRPORT,Persistent
CELL_2598_15532,12.993635866081698,77.66292462479798,0.083756,267.0599799847247,BANASWADI,Volatile
CELL_2601_15509,13.007962984738956,77.54860816024096,0.083504,221.1172758917532,RAJAJINAGAR,Persistent
CELL_2598_15514,12.991600403543307,77.57247231929134,0.083392,221.2738100493366,SHESHADRIPURAM,Persistent
CELL_2596_15514,12.98040488992248,77.5744258511628,0.079402,210.5792176070014,UPPARPET,Persistent
CELL_2598_15517,12.993432524852071,77.58896158106509,0.079266,252.79961505796535,HIGH GROUND,Volatile
CELL_2592_15543,12.963920829530203,77.71741470067114,0.078678,250.8255153882639,HAL OLD AIRPORT,Volatile
CELL_2587_15523,12.936369216182573,77.61644822406639,0.073593,193.6622351838624,ADUGODI,Persistent
CELL_2581_15520,12.908189314920634,77.6008828879365,0.072731,231.84354594513246,MICO LAYOUT,Volatile
CELL_2597_15507,12.98824197216981,77.53761501509433,0.069837,183.7466572811952,VIJAYANAGARA,Persistent
CELL_2597_15514,12.98816601826923,77.57366785096154,0.067609,179.75888532423207,SHESHADRIPURAM,Persistent
CELL_2609_15515,13.047509024489795,77.57587364040816,0.066923,213.35002326876088,KODIGEHALLI,Volatile
CELL_2595_15512,12.975785269226252,77.56133194823231,0.066625,177.14305243569217,MAGADI ROAD,Persistent
CELL_2594_15531,12.971689423312885,77.65809814539877,0.064157,203.95728616242005,JEEVANBHEEMANAGAR,Volatile
CELL_2578_15527,12.89284214487107,77.63755882662275,0.062775,166.53154566931977,HULIMAVU,Persistent
CELL_2595_15511,12.975742545622754,77.55857453848503,0.061975,164.68980008520583,MAGADI ROAD,Persistent
CELL_2591_15529,12.95907106250728,77.64711474782608,0.061458,162.96281186264082,JEEVANBHEEMANAGAR,Persistent
CELL_2592_15514,12.963825336220472,77.57345427086615,0.060427,159.88779259839953,CITY MARKET,Persistent
CELL_2594_15523,12.9727042725094,77.61716614542225,0.060276,158.82929578376934,HALASUR,Persistent
CELL_2605_15514,13.028346583233533,77.57256341137725,0.059797,158.0938923158645,SADASHIVANAGAR,Persistent
CELL_2585_15516,12.928626779475982,77.58155141222707,0.059649,190.22852698350144,JAYANAGARA,Volatile
CELL_2594_15521,12.973186360294118,77.60696920147059,0.058969,156.58718318606714,ASHOK NAGAR,Persistent
CELL_2599_15513,12.998431129746836,77.5691183164557,0.058173,154.79285733111908,MALLESHWARAM,Persistent
CELL_2600_15514,13.001660532620322,77.57131472834224,0.058096,154.5073028793247,MALLESHWARAM,Persistent
CELL_2589_15539,12.94949636895311,77.69953298729361,0.057732,148.80285992721448,HAL OLD AIRPORT,Persistent
CELL_2596_15509,12.982453199285715,77.54889756285715,0.057156,182.34219880243757,MAGADI ROAD,Volatile
CELL_2593_15516,12.966335118691589,77.58318787663552,0.054463,144.80137011739873,HALASURU GATE,Persistent
CELL_2587_15516,12.93912898219697,77.58395649583333,0.054181,172.96773466724173,WILSON GARDEN,Volatile
CELL_2599_15539,12.995395294481943,77.69631953541804,0.053892,166.951851301372,MAHADEVAPURA,Volatile
CELL_2594_15522,12.972883367857142,77.61363470535714,0.051974,138.31078359454324,HALASUR,Persistent
CELL_2585_15536,12.928134362655145,77.68163623267853,0.05187,164.02629313631948,BELLANDUR,Volatile
CELL_2599_15508,12.998441313380283,77.54179816056337,0.051295,163.62304065541628,VIJAYANAGARA,Volatile
CELL_2594_15542,12.971281993382354,77.7120890264706,0.051023,161.61453332165058,HAL OLD AIRPORT,Volatile
CELL_2600_15509,13.000738970491803,77.54969049945356,0.050839,135.44896888235985,MALLESHWARAM,Persistent
CELL_2582_15527,12.912331713861386,77.63666206732674,0.050812,162.28662996842274,HSR LAYOUT,Volatile
CELL_2594_15516,12.97288049327731,77.5811688840336,0.050777,134.67726502921067,UPPARPET,Persistent
CELL_2601_15511,13.008091263636363,77.55590213846153,0.050719,161.99773182956363,MALLESHWARAM,Volatile
CELL_2581_15525,12.90681230687796,77.6289716324656,0.049921,131.3372712538241,HSR LAYOUT,Persistent
CELL_2594_15508,12.974137739252336,77.54407874953272,0.049874,159.06550221896416,VIJAYANAGARA,Volatile
CELL_2595_15509,12.97683586793893,77.5463929648855,0.049142,130.79135215708519,VIJAYANAGARA,Persistent
CELL_2596_15515,12.982441915625,77.57743037421875,0.04816,128.15020479008868,HIGH GROUND,Persistent
CELL_2592_15519,12.961910104651162,77.59894113178295,0.047988,153.21535867035618,ASHOK NAGAR,Volatile
CELL_2593_15517,12.96773364931511,77.5880840191369,0.046985,125.14388541799568,HALASURU GATE,Persistent
CELL_2568_15528,12.842059838235295,77.64433972132352,0.045821,122.02267736898406,ELECTRONIC CITY,Persistent
CELL_2594_15507,12.972108213632445,77.53771113556719,0.045467,145.22660922618994,VIJAYANAGARA,Volatile
CELL_2594_15524,12.97347199263158,77.62154244421053,0.044841,119.48840298144998,HALASUR,Persistent
CELL_2590_15539,12.950833070347107,77.69980427717428,0.044556,114.77134047383967,HAL OLD AIRPORT,Persistent
CELL_2596_15511,12.98132734242809,77.55800065583249,0.044176,117.13655276507151,MAGADI ROAD,Persistent
CELL_2601_15537,13.005876396000001,77.686139747,0.043986,140.10113263232358,K.R. PURA,Volatile
CELL_2599_15516,12.997431105442177,77.58305611224489,0.043664,115.87367866562836,SHESHADRIPURAM,Persistent
CELL_2603_15511,13.018225980063802,77.5568735390424,0.042704,135.36423165041052,YESHWANTHPURA,Volatile
CELL_2591_15503,12.957132331111112,77.51860903703704,0.042199,111.22884546289575,BYATARAYANAPURA,Persistent
CELL_2590_15543,12.951371877396694,77.71748590250091,0.042155,129.54404051310104,WHITEFIELD,Volatile
CELL_2601_15513,13.005840286597937,77.56863917319588,0.042148,134.70172500336236,MALLESHWARAM,Volatile
CELL_2619_15519,13.097183283143204,77.59949064674849,0.042085,134.3669119749442,YELAHANKA,Volatile
CELL_2594_15519,12.971523385207101,77.59761876804734,0.041442,131.96028014335457,CUBBON PARK,Volatile
CELL_2591_15517,12.956891089908257,77.5861763706422,0.041017,109.36392415656267,WILSON GARDEN,Persistent
CELL_2586_15526,12.932359226865671,77.6317698858209,0.040818,128.68217806205263,ADUGODI,Volatile
CELL_2599_15512,12.996411542857143,77.56311455612244,0.04063,108.34341390383271,SHESHADRIPURAM,Persistent
CELL_2592_15507,12.964813296969698,77.53893614545454,0.03986,127.40138287531961,VIJAYANAGARA,Volatile
CELL_2599_15538,12.995975354003727,77.69434991855002,0.038837,120.877248141708,MAHADEVAPURA,Volatile
CELL_2591_15543,12.958040841836736,77.71613270510204,0.03791,120.22569050498818,HAL OLD AIRPORT,Volatile
CELL_2638_15529,13.1910879125,77.64602871704545,0.037046,115.89548164159478,CHIKKAJALA,Volatile
CELL_2637_15535,13.18585163173077,77.679861975,0.035988,113.92091144607612,CHIKKAJALA,Volatile
CELL_2592_15510,12.964259594791665,77.55273395729166,0.035597,93.91847820888988,MAGADI ROAD,Persistent
CELL_2586_15516,12.931783001639346,77.58339286885247,0.035055,93.427986130088,JAYANAGARA,Persistent
CELL_2587_15503,12.936053594230769,77.5181332625,0.033827,89.95908628958631,BYATARAYANAPURA,Persistent
CELL_2594_15529,12.970863171449343,77.6466258823962,0.033653,106.04985962005892,JEEVANBHEEMANAGAR,Volatile
CELL_2583_15514,12.916853741068536,77.57324956111164,0.033334,88.70742433764048,JAYANAGARA,Persistent
CELL_2606_15507,13.030787372856718,77.5360387108134,0.032844,84.58530563049074,YESHWANTHPURA,Persistent
CELL_2585_15517,12.927793571910113,77.5859653505618,0.032446,86.08025679131958,JAYANAGARA,Persistent
CELL_2579_15535,12.896499899999998,77.6757094755102,0.032241,86.13371740217642,BELLANDUR,Persistent
CELL_2575_15519,12.876041862222223,77.59608916333333,0.03208,85.72374423241655,HULIMAVU,Persistent
CELL_2612_15517,13.063376260416668,77.58745944791666,0.032063,102.35786950001679,KODIGEHALLI,Volatile
CELL_2592_15528,12.961088203607638,77.64300494966193,0.03143,83.3607076491821,JEEVANBHEEMANAGAR,Persistent
CELL_2593_15528,12.968840956150926,77.64138238150866,0.031109,99.42524290956194,JEEVANBHEEMANAGAR,Volatile
CELL_2600_15522,13.000344656923078,77.61126191076923,0.031051,81.27261914762201,PULIKESHINAGAR(F.TOWN),Persistent
CELL_2597_15511,12.987000753763441,77.55623868709678,0.030294,96.83092766562464,RAJAJINAGAR,Volatile
CELL_2597_15519,12.988870414545454,77.59899249818183,0.030227,80.51979906510888,SHIVAJINAGAR,Persistent
CELL_2597_15521,12.986494435106383,77.60727411382979,0.029885,79.62762342172633,SHIVAJINAGAR,Persistent
CELL_2606_15517,13.03425586707317,77.5887052609756,0.029801,95.39028230717919,HEBBALA,Volatile
CELL_2595_15508,12.978224250997961,77.54311210136318,0.029557,78.77547819979692,MAGADI ROAD,Persistent
CELL_2577_15528,12.886853168816073,77.64124596745953,0.029524,94.6004384668328,HULIMAVU,Volatile
CELL_2605_15508,13.027653120481926,77.54257735903614,0.029468,78.49094568087718,YESHWANTHPURA,Persistent
CELL_2582_15525,12.912292747222223,77.62586138472221,0.029379,78.47664384444151,HSR LAYOUT,Persistent
CELL_2589_15514,12.945979847146086,77.5713826978723,0.029123,92.88278244881025,BASAVANAGUDI,Volatile
CELL_2614_15518,13.071662168571429,77.59204346571428,0.027739,74.13111369553008,KODIGEHALLI,Persistent
CELL_2592_15529,12.96070905,77.64782604102564,0.027238,72.82356445051681,JEEVANBHEEMANAGAR,Persistent
CELL_2612_15518,13.06347067356322,77.59102796551724,0.027129,72.54807648720559,KODIGEHALLI,Persistent
CELL_2589_15519,12.947672073770491,77.59704280491803,0.026959,86.39876331140967,WILSON GARDEN,Volatile
CELL_2597_15546,12.986664489705882,77.73396194705883,0.026646,83.74617825746938,WHITEFIELD,Volatile
CELL_2603_15506,13.018015961702128,77.53175697872341,0.026294,82.22595866879652,RAJAJINAGAR,Volatile
CELL_2596_15510,12.9830471,77.553665292,0.026226,83.70943584077703,RAJAJINAGAR,Volatile
CELL_2594_15514,12.973665684042553,77.5741115787234,0.025718,81.94899114405855,UPPARPET,Volatile
CELL_2577_15512,12.88849165254699,77.56245391577421,0.025569,68.41130533298211,THALAGATTAPURA,Persistent
CELL_2582_15526,12.912782317241378,77.63366845517243,0.025467,68.19403530545222,HSR LAYOUT,Persistent
CELL_2576_15528,12.884156681427148,77.64187035573333,0.025069,67.13936715196456,HULIMAVU,Persistent
CELL_2586_15521,12.931065286046511,77.60875497906977,0.02461,78.31919322240432,MICO LAYOUT,Volatile
CELL_2611_15518,13.05842566170213,77.59219639999999,0.024449,65.11171670901751,KODIGEHALLI,Persistent
CELL_2591_15516,12.9576291172043,77.5815308795699,0.024396,78.14797582900201,CITY MARKET,Volatile
CELL_2596_15512,12.982370063548387,77.56237751396198,0.024148,64.51251195985292,MAGADI ROAD,Persistent
CELL_2575_15529,12.876120980000001,77.64776783733333,0.024041,64.41432141820857,HULIMAVU,Persistent
CELL_2597_15520,12.988453707142858,77.60264090612246,0.024003,76.88271915677299,SHIVAJINAGAR,Volatile
CELL_2618_15518,13.09395686875,77.59425824374999,0.023647,75.9051098175331,YELAHANKA,Volatile
CELL_2609_15501,13.045760343037974,77.50753951898734,0.023582,63.08491468841269,CHIKKABANAVARA,Persistent
CELL_2605_15517,13.027600183928572,77.5860999267857,0.023312,62.39183697729111,R.T. NAGAR,Persistent
CELL_2595_15522,12.979385250943396,77.61383418679246,0.023213,62.19547719886069,SHIVAJINAGAR,Persistent
CELL_2585_15523,12.926213963636364,77.61842020545454,0.023097,74.12980572697346,MADIWALA,Volatile
CELL_2586_15522,12.93365827142857,77.6124833632653,0.022719,71.7487717676826,ADUGODI,Volatile
CELL_2592_15511,12.962820204444446,77.55676003333333,0.02256,70.61534605599434,MAGADI ROAD,Volatile
CELL_2605_15515,13.027273684615386,77.57718959384616,0.02234,71.57364671013117,SADASHIVANAGAR,Volatile
CELL_2584_15533,12.92136159053445,77.66675498907038,0.022046,70.70434371346911,BELLANDUR,Volatile
CELL_2583_15534,12.91699096142857,77.67273497428572,0.021835,58.27610777902574,BELLANDUR,Persistent
CELL_2595_15518,12.977409150684931,77.59106230684932,0.02127,56.73071199377376,CUBBON PARK,Persistent
CELL_2636_15536,13.183817628571429,77.68212808571428,0.021147,67.93049513158896,CHIKKAJALA,Volatile
CELL_2595_15527,12.978151553333333,77.63877397,0.020977,64.69520981282137,JEEVANBHEEMANAGAR,Volatile
CELL_2588_15513,12.941640557039904,77.5670990385082,0.020845,66.90912561519188,BASAVANAGUDI,Volatile
CELL_2592_15508,12.964341509090907,77.54166084545454,0.020812,55.85462046054478,VIJAYANAGARA,Persistent
CELL_2587_15522,12.935768385542168,77.61259061927711,0.020563,65.56426588847737,ADUGODI,Volatile
CELL_2595_15525,12.978069514705883,77.62820258823528,0.02032,50.31610299681649,HALASUR,Persistent
CELL_2582_15514,12.911375313541667,77.57329210833333,0.020237,64.97691883554101,J.P. NAGAR,Volatile
CELL_2592_15527,12.961131218333332,77.63699344,0.019955,53.49433241559066,HALASUR,Persistent
CELL_2598_15507,12.99174101234568,77.53836417037037,0.019875,63.56514936791408,VIJAYANAGARA,Volatile
CELL_2595_15539,12.979034173469389,77.69547827755102,0.019813,60.81268768908646,MAHADEVAPURA,Volatile
CELL_2597_15518,12.987185195161292,77.59282452096775,0.019691,52.84045770891577,HIGH GROUND,Persistent
CELL_2598_15522,12.992269418604652,77.61165019069767,0.019449,62.49483910710796,PULIKESHINAGAR(F.TOWN),Volatile
CELL_2595_15510,12.977623250943397,77.55347390377358,0.019091,51.204346058212444,MAGADI ROAD,Persistent
CELL_2597_15500,12.989427677941178,77.50100085882353,0.018243,58.469741183153616,KAMAKSHIPALYA,Volatile
CELL_2598_15518,12.992011282051282,77.59402468461539,0.018099,58.257739982759816,HIGH GROUND,Volatile
CELL_2590_15540,12.952258216149257,77.70012339426552,0.018074,56.243198087706844,HAL OLD AIRPORT,Volatile
CELL_2594_15528,12.970278748484848,77.64288219242424,0.01762,56.003976807479695,JEEVANBHEEMANAGAR,Volatile
CELL_2600_15513,13.000931226923077,77.56937255384615,0.017491,46.97927717264657,MALLESHWARAM,Persistent
CELL_2598_15521,12.992903174074074,77.60786127407408,0.017342,54.84580467633921,PULIKESHINAGAR(F.TOWN),Volatile
CELL_2604_15516,13.02287791707317,77.58455389512196,0.017223,46.04001803070419,R.T. NAGAR,Persistent
CELL_2587_15515,12.938075476789008,77.57721383974265,0.016819,54.152508621655805,BASAVANAGUDI,Volatile
CELL_2582_15517,12.912749114492755,77.58622013913043,0.016753,53.805510111601436,J.P. NAGAR,Volatile
CELL_2591_15514,12.9581777703125,77.57260883125,0.016311,52.32852885410149,V.V.PURAM (C.PET),Volatile
CELL_2584_15523,12.924523816718938,77.61854425499999,0.016,51.50284045268131,MADIWALA,Volatile
CELL_2601_15505,13.0075974125,77.52676509166666,0.015948,50.25885887901086,RAJAJINAGAR,Volatile
CELL_2568_15535,12.840329253846154,77.67684993076924,0.015942,49.48244858644857,ELECTRONIC CITY,Volatile
CELL_2592_15517,12.961945349999999,77.58778709761904,0.015887,50.908598266883814,HALASURU GATE,Volatile
CELL_2584_15524,12.921769691795694,77.6219940176544,0.015814,50.755910096598846,MADIWALA,Volatile
CELL_2592_15502,12.961049411538463,77.51156221538461,0.0157,50.30047245801053,JNANABHARATHI,Volatile
CELL_2581_15526,12.9063404,77.63083893529412,0.015611,50.342851938083214,HSR LAYOUT,Volatile
CELL_2585_15538,12.927649370731707,77.69474812195122,0.015603,48.45326592399083,BELLANDUR,Volatile
CELL_2586_15523,12.934422241860466,77.61644125581395,0.015531,41.85439449179074,ADUGODI,Persistent
CELL_2602_15539,13.010609169565216,77.69773913260869,0.015455,49.19243549301722,K.R. PURA,Volatile
CELL_2598_15520,12.990918651923076,77.60138720384614,0.014942,48.17743167871309,SHIVAJINAGAR,Volatile
CELL_2598_15523,12.994517342,77.61566753999999,0.014922,39.39660297942541,PULIKESHINAGAR(F.TOWN),Persistent
CELL_2597_15523,12.987610266666666,77.61844256666666,0.014752,39.6041141946167,PULIKESHINAGAR(F.TOWN),Persistent
CELL_2594_15518,12.9713134125,77.593370340625,0.014705,47.05385743942702,HALASURU GATE,Volatile
CELL_2585_15526,12.927071864788731,77.63342198309859,0.014579,46.32692300805487,ADUGODI,Volatile
CELL_2610_15510,13.051018404545454,77.55263526136365,0.014461,38.4169885590823,JALAHALLI,Persistent
CELL_2602_15509,13.010872931578948,77.54908930789473,0.014342,38.68356388750224,MALLESHWARAM,Persistent
CELL_2587_15517,12.937530937931035,77.5851137586207,0.013934,45.00995948426631,WILSON GARDEN,Volatile
CELL_2591_15513,12.957109857575757,77.56828673030303,0.013845,44.30267558258162,V.V.PURAM (C.PET),Volatile
CELL_2593_15531,12.9668149721519,77.65829778227848,0.01358,42.584267073065554,JEEVANBHEEMANAGAR,Volatile
CELL_2610_15518,13.051292573809524,77.5929919047619,0.013377,43.15617558963005,KODIGEHALLI,Volatile
CELL_2597_15515,12.988238969444446,77.57696616666667,0.013252,35.81245670922413,SHESHADRIPURAM,Persistent
CELL_2592_15540,12.960806554216598,77.70161360573026,0.012604,40.189380963300366,HAL OLD AIRPORT,Volatile
CELL_2595_15520,12.978325267441859,77.6025408627907,0.012547,40.5221054097823,SHIVAJINAGAR,Volatile
CELL_2599_15534,12.998743465139254,77.67291826618185,0.012368,32.901379034223915,BANASWADI,Persistent
CELL_2586_15539,12.931953848275862,77.69571242068966,0.012365,31.912101089956145,HAL OLD AIRPORT,Persistent
CELL_2592_15512,12.960926891935483,77.56153248064517,0.012364,39.84389929237965,CHAMARAJPET,Volatile
CELL_2599_15523,12.997334023076922,77.6180887102564,0.012303,39.581408487008176,PULIKESHINAGAR(F.TOWN),Volatile
CELL_2597_15509,12.98746233548387,77.54962878709678,0.012158,39.209459539014844,VIJAYANAGARA,Volatile
CELL_2599_15524,12.998953199999999,77.62393617241379,0.01214,39.30030028124129,PULIKESHINAGAR(F.TOWN),Volatile
CELL_2599_15511,12.998250988333332,77.55739157666667,0.011995,38.84085456019964,MALLESHWARAM,Volatile
CELL_2592_15546,12.963370231578947,77.73305184473683,0.011824,36.63311378199459,WHITEFIELD,Volatile
CELL_2582_15521,12.913789182926829,77.60767663658537,0.01171,37.896939146650304,MICO LAYOUT,Volatile
CELL_2594_15501,12.972300314705883,77.50800321764706,0.011608,31.027567280481016,JNANABHARATHI,Persistent
CELL_2597_15516,12.986890590625,77.580407384375,0.011585,37.240092523841014,HIGH GROUND,Volatile
CELL_2595_15538,12.979183034042554,77.69467203191489,0.011381,33.66709815412703,MAHADEVAPURA,Volatile
CELL_2605_15507,13.02926989032258,77.53847691935484,0.011344,30.36425599284042,YESHWANTHPURA,Persistent
CELL_2604_15527,13.022479207142856,77.63845583571428,0.01131,30.665720233490315,BANASWADI,Persistent
CELL_2583_15516,12.919346662857143,77.58239325714287,0.011265,30.41006457892402,JAYANAGARA,Persistent
CELL_2583_15515,12.917485793103447,77.57801981034483,0.011258,30.403798861580754,JAYANAGARA,Persistent
CELL_2589_15515,12.948526531707316,77.57826435853659,0.01114,36.121986392235115,V.V.PURAM (C.PET),Volatile
CELL_2603_15510,13.017874814285715,77.55242276428571,0.011105,29.871466372843805,YESHWANTHPURA,Persistent
CELL_2587_15525,12.937831570509678,77.62645219136927,0.011077,35.877107832139984,ADUGODI,Volatile
CELL_2590_15518,12.952870104166665,77.59226712499999,0.011043,35.752977878260694,WILSON GARDEN,Volatile
CELL_2584_15516,12.922181590029288,77.58216271201808,0.011035,35.679872111369235,JAYANAGARA,Volatile
CELL_2590_15517,12.954558632142858,77.58565837857144,0.010994,35.65775049556458,WILSON GARDEN,Volatile
CELL_2590_15521,12.95153231764706,77.60748918823529,0.010955,35.47126620425296,ASHOK NAGAR,Volatile
CELL_2593_15518,12.967799993333333,77.59266200333333,0.010881,35.29578326098492,HALASURU GATE,Volatile
CELL_2609_15550,13.045917785185184,77.7503258925926,0.010819,29.174832133853034,K.R. PURA,Persistent
CELL_2574_15530,12.870645762857142,77.65325012571428,0.010786,34.97600316439231,ELECTRONIC CITY,Volatile
CELL_2589_15517,12.946190449180328,77.58787740983607,0.010694,34.70090887960602,WILSON GARDEN,Volatile
CELL_2608_15503,13.040496853846154,77.51861949230769,0.010674,28.519653463186927,CHIKKABANAVARA,Persistent
CELL_2624_15526,13.122023571304346,77.63095099782609,0.010667,33.810547056359646,CHIKKAJALA,Volatile
CELL_2587_15520,12.936896925,77.60173033,0.01055,27.967739925457803,MICO LAYOUT,Persistent
CELL_2580_15535,12.902189070967742,77.67570309354838,0.010475,33.96306652585564,BELLANDUR,Volatile
CELL_2576_15519,12.882077078200782,77.59605077183757,0.010393,33.72100079777619,J.P. NAGAR,Volatile
CELL_2609_15518,13.048801645000001,77.59276650000001,0.010251,33.293865769447144,HEBBALA,Volatile
CELL_2588_15505,12.94344709142857,77.52664254857143,0.010233,32.99605202543837,BYATARAYANAPURA,Volatile
CELL_2597_15503,12.987333501802297,77.51928182874116,0.010088,32.77487914708907,KAMAKSHIPALYA,Volatile
CELL_2588_15524,12.941296220000002,77.62124924,0.010012,27.144156478258225,ADUGODI,Persistent
CELL_2585_15510,12.926649741304347,77.55085684347827,0.010009,31.85761362423807,BANASHANKARI,Volatile
CELL_2587_15518,12.938133163888889,77.59264482222221,0.009641,31.35179881004332,WILSON GARDEN,Volatile
CELL_2594_15513,12.97325092,77.56685718571428,0.009515,30.892071585081027,MAGADI ROAD,Volatile
CELL_2595_15517,12.97718154,77.58905987333334,0.009507,30.37084286292582,CUBBON PARK,Volatile
CELL_2574_15531,12.8706167,77.65657837307693,0.009334,30.331418842649924,ELECTRONIC CITY,Volatile
CELL_2577_15527,12.889157662509792,77.63956644827157,0.009029,24.618100076498823,HSR LAYOUT,Persistent
CELL_2593_15540,12.968923159901706,77.7010090082162,0.009013,28.624728133922186,HAL OLD AIRPORT,Volatile
CELL_2599_15537,12.998602006666665,77.68836458666667,0.008971,28.697361090722225,MAHADEVAPURA,Volatile
CELL_2609_15514,13.047230354545455,77.57384395,0.008892,28.9689007468795,KODIGEHALLI,Volatile
CELL_2593_15513,12.967601044444443,77.567691775,0.008819,28.568630254684905,CHAMARAJPET,Volatile
CELL_2595_15528,12.97845144375,77.64102630000001,0.008767,26.84038986430244,JEEVANBHEEMANAGAR,Volatile
CELL_2582_15536,12.912192463636364,77.68146296363636,0.008641,23.59115029987664,BELLANDUR,Persistent
CELL_2587_15506,12.938064115555555,77.53320507111111,0.008594,27.997506836595942,BANASHANKARI,Volatile
CELL_2601_15515,13.007151545454546,77.57916775454545,0.008589,27.768500022177626,SADASHIVANAGAR,Volatile
CELL_2590_15514,12.953678807142856,77.57289239285714,0.00857,27.90664697827415,V.V.PURAM (C.PET),Volatile
CELL_2601_15518,13.00665387,77.5927619775,0.00849,27.67877919131928,R.T. NAGAR,Volatile
CELL_2587_15540,12.937189471428571,77.70205968571429,0.008471,27.552890552010876,HAL OLD AIRPORT,Volatile
CELL_2604_15506,13.021404846666666,77.53191100000001,0.008451,27.038868738555465,RAJAJINAGAR,Volatile
CELL_2600_15505,13.001788905882352,77.5260012235294,0.008386,22.454214373293038,RAJAJINAGAR,Persistent
CELL_2596_15528,12.98387288235294,77.64064355294119,0.008279,26.10884145392575,JEEVANBHEEMANAGAR,Volatile
CELL_2609_15499,13.048860947368421,77.49781970701754,0.008199,21.86262190415027,CHIKKABANAVARA,Persistent
CELL_2581_15514,12.907904557894737,77.57298325263157,0.008147,26.451948648199096,J.P. NAGAR,Volatile
CELL_2582_15535,12.913338730000001,77.67794178,0.008088,26.411121087555173,BELLANDUR,Volatile
CELL_2591_15509,12.9559554,77.54635412592592,0.008086,26.217651789461364,BYATARAYANAPURA,Volatile
CELL_2599_15521,12.997548742857143,77.60751701904762,0.007993,26.062214498542875,PULIKESHINAGAR(F.TOWN),Volatile
CELL_2586_15517,12.931807186666667,77.58605152666665,0.007963,25.98084623749158,JAYANAGARA,Volatile
CELL_2619_15517,13.099327912500002,77.58817075,0.007878,25.649474555570382,YELAHANKA,Volatile
CELL_2608_15502,13.041848386111111,77.514503975,0.007851,25.181917725260007,PEENYA,Volatile
CELL_2583_15530,12.917223944444444,77.65174584444443,0.007832,21.446273010302967,HSR LAYOUT,Persistent
CELL_2593_15521,12.969945546666668,77.60676634666667,0.007823,25.56803620960013,ASHOK NAGAR,Volatile
CELL_2596_15517,12.981226399999999,77.58809358333333,0.007765,25.384569684800745,CUBBON PARK,Volatile
CELL_2588_15521,12.942084959459459,77.60845341891893,0.007651,24.64775157508301,ADUGODI,Volatile
CELL_2583_15517,12.916397631428572,77.58619326857142,0.007649,24.8912264155143,J.P. NAGAR,Volatile
CELL_2583_15527,12.916352344999998,77.63709734,0.007635,20.88402073804049,HSR LAYOUT,Persistent
CELL_2588_15549,12.942843466666666,77.74822827222222,0.00761,20.34313344787666,WHITEFIELD,Persistent
CELL_2587_15521,12.93757655,77.60770555,0.007587,24.724060199037705,MICO LAYOUT,Volatile
CELL_2588_15504,12.940470238461538,77.5245410076923,0.007568,24.538976971159446,BYATARAYANAPURA,Volatile
CELL_2579_15519,12.895089082051282,77.59923589230769,0.007551,24.691399838619546,J.P. NAGAR,Volatile
CELL_2594_15525,12.973368506249999,77.6261612375,0.007541,24.673053963889505,HALASUR,Volatile
CELL_2600_15551,13.002772969553194,77.75714509206836,0.007522,24.610535379670992,MAHADEVAPURA,Volatile
CELL_2599_15535,12.999781018181817,77.67631873636364,0.007521,24.265968824339623,MAHADEVAPURA,Volatile
CELL_2593_15527,12.968697183333335,77.63698558,0.007504,24.200730297402007,JEEVANBHEEMANAGAR,Volatile
CELL_2583_15524,12.918787667857144,77.62183574642857,0.007488,24.343882063392364,MADIWALA,Volatile
CELL_2598_15519,12.991192407692306,77.5986948,0.007432,24.290162050281452,HIGH GROUND,Volatile
CELL_2611_15509,13.057144064705883,77.54699047647058,0.0074,24.196138064781838,JALAHALLI,Volatile
CELL_2583_15519,12.917023140000001,77.59655932000001,0.007293,23.791117975441264,JAYANAGARA,Volatile
CELL_2613_15518,13.067929094067214,77.59316625690583,0.007276,23.773023687427575,KODIGEHALLI,Volatile
CELL_2589_15518,12.945984860000001,77.59346054666666,0.007236,19.864945803399824,WILSON GARDEN,Persistent
CELL_2580_15540,12.903839525440866,77.70361857664258,0.007195,23.57093863484204,BELLANDUR,Volatile
CELL_2601_15516,13.006539848387096,77.58127052580645,0.007059,22.910888652835517,SADASHIVANAGAR,Volatile
CELL_2582_15496,12.91264280745303,77.48095001114739,0.007057,22.85645809573031,KENGERI,Volatile
CELL_2585_15537,12.929867918243959,77.68530647391596,0.00695,21.899597273292024,HAL OLD AIRPORT,Volatile
CELL_2594_15527,12.970092368181817,77.63929870454545,0.006926,22.696956660616596,JEEVANBHEEMANAGAR,Volatile
CELL_2591_15531,12.958931255396969,77.65897500609994,0.006908,21.919266563399383,JEEVANBHEEMANAGAR,Volatile
CELL_2590_15519,12.95128112962963,77.59664065555555,0.006834,22.40864769114558,WILSON GARDEN,Volatile
CELL_2600_15523,13.000923306666667,77.61823317333332,0.006792,22.290469056107813,PULIKESHINAGAR(F.TOWN),Volatile
CELL_2578_15519,12.89410778125,77.59908448125,0.006741,22.126433754546937,J.P. NAGAR,Volatile
CELL_2600_15544,13.003272066666668,77.72348603333333,0.006701,21.181431728309207,MAHADEVAPURA,Volatile
CELL_2598_15511,12.992299755555555,77.55606221111111,0.006663,21.87863231453627,RAJAJINAGAR,Volatile
CELL_2563_15537,12.818638866666667,77.68915073333334,0.006654,20.842970299245227,ELECTRONIC CITY,Volatile
CELL_2584_15534,12.923482052273043,77.67272472871991,0.00665,21.398282722319284,BELLANDUR,Volatile
CELL_2595_15524,12.975449533333334,77.62070564444444,0.006576,21.603873048925706,HALASUR,Volatile
CELL_2588_15519,12.944413025925927,77.59714395925927,0.006517,21.41552674006661,WILSON GARDEN,Volatile
CELL_2604_15517,13.02452595625,77.58513856875,0.006494,21.342879057709887,R.T. NAGAR,Volatile
CELL_2598_15500,12.990177938461539,77.5037628423077,0.006487,21.129893527681507,KAMAKSHIPALYA,Volatile
CELL_2585_15521,12.927253876470589,77.60907632352941,0.006419,20.72509435310817,MICO LAYOUT,Volatile
CELL_2610_15501,13.0527272125,77.507733025,0.006385,17.58851543070667,CHIKKABANAVARA,Persistent
CELL_2591_15510,12.957770027586207,77.55315033103447,0.006333,20.2246324285235,CHAMARAJPET,Volatile
CELL_2581_15527,12.906325214285715,77.63807061428572,0.006311,20.761104613353545,HSR LAYOUT,Volatile
CELL_2598_15539,12.994787503322561,77.69796619607928,0.006193,20.208547157308722,MAHADEVAPURA,Volatile
CELL_2588_15512,12.941576251515151,77.56248498484848,0.006185,20.357724623155583,BASAVANAGUDI,Volatile
CELL_2601_15551,13.006856025,77.7571354375,0.006138,16.93389734989293,MAHADEVAPURA,Persistent
CELL_2601_15524,13.007102172222222,77.62158913055555,0.006122,20.157162123946268,PULIKESHINAGAR(F.TOWN),Volatile
CELL_2596_15550,12.983271912903225,77.75208036129031,0.006116,20.078323105273437,WHITEFIELD,Volatile
CELL_2579_15543,12.896721727272727,77.71996253181818,0.0061,20.053433324931692,WHITEFIELD,Volatile
CELL_2596_15526,12.981205645,77.63142509000001,0.006032,18.400330241810753,HALASUR,Volatile
CELL_2628_15523,13.1441455625,77.6178419,0.006025,19.850718659802276,CHIKKAJALA,Volatile
CELL_2607_15503,13.03914014,77.51875593999999,0.006023,19.654871929923598,PEENYA,Volatile
CELL_2611_15501,13.055176121428572,77.50757162142858,0.006014,16.534848929781635,CHIKKABANAVARA,Persistent
CELL_2601_15508,13.00824829090909,77.5433434909091,0.005993,19.747570941460403,RAJAJINAGAR,Volatile
CELL_2599_15525,12.999481784210525,77.62548221578948,0.005956,19.589528851275457,PULIKESHINAGAR(F.TOWN),Volatile
CELL_2575_15508,12.876535940406084,77.54405254155915,0.005931,16.238100275919926,THALAGATTAPURA,Persistent
CELL_2591_15518,12.957319023529411,77.59248202352941,0.005808,16.079730344302277,WILSON GARDEN,Persistent
CELL_2582_15510,12.911299097788472,77.55191073385602,0.005781,18.380435315553363,K.S. LAYOUT,Volatile
CELL_2571_15517,12.857248267857143,77.58899398214285,0.005774,19.050704490332794,HULIMAVU,Volatile
CELL_2591_15530,12.957584923392139,77.6536331258992,0.005757,15.25929049802403,JEEVANBHEEMANAGAR,Persistent
CELL_2591_15541,12.95656088125,77.70831035625,0.005706,18.81294274490461,HAL OLD AIRPORT,Volatile
CELL_2586_15524,12.932930495999999,77.62307061599999,0.005696,18.801943009436844,ADUGODI,Volatile
CELL_2588_15518,12.944864941859201,77.59486058142858,0.005679,18.750540822697534,WILSON GARDEN,Volatile
CELL_2581_15539,12.906645699999999,77.69757487894736,0.005663,18.69763977715791,BELLANDUR,Volatile
CELL_2595_15519,12.978308542857144,77.59913122857142,0.005622,18.517986604738375,CUBBON PARK,Volatile
CELL_2603_15541,13.01785056,77.708889024,0.005458,17.5198481256292,K.R. PURA,Volatile
CELL_2619_15516,13.097804941935483,77.58428148387097,0.005318,17.578712676961587,YELAHANKA,Volatile
CELL_2602_15506,13.01401444137931,77.53261210344829,0.005307,17.30755778371374,RAJAJINAGAR,Volatile
CELL_2568_15530,12.840613079166667,77.65122078750001,0.005273,17.423669852218215,ELECTRONIC CITY,Volatile
CELL_2593_15529,12.969192403319154,77.6477263090806,0.005253,17.272344700718776,JEEVANBHEEMANAGAR,Volatile
CELL_2596_15541,12.983780253846154,77.70826181538462,0.005245,17.31915143677631,MAHADEVAPURA,Volatile
CELL_2581_15509,12.90759746035711,77.54679664189875,0.005219,17.147957492721055,K.S. LAYOUT,Volatile
CELL_2588_15516,12.941321934615384,77.58341495384614,0.005207,17.248570391558015,WILSON GARDEN,Volatile
CELL_2580_15528,12.90346303818331,77.64202971590503,0.005043,16.66586250694482,HSR LAYOUT,Volatile
CELL_2613_15517,13.06979043076923,77.58726172307692,0.005036,16.704322705536377,KODIGEHALLI,Volatile
CELL_2611_15515,13.059737148361515,77.57679063865714,0.004996,16.578311831528993,KODIGEHALLI,Volatile
CELL_2608_15517,13.04109335,77.58963545,0.004979,16.444868257693898,HEBBALA,Volatile
CELL_2593_15549,12.968099733333334,77.74960820476191,0.004964,16.1659952771522,WHITEFIELD,Volatile
CELL_2584_15520,12.920920179166666,77.60066349166667,0.004933,16.33837135194627,MICO LAYOUT,Volatile
CELL_2607_15547,13.0357895125,77.73542194375,0.004892,15.314625810909934,K.R. PURA,Volatile
CELL_2598_15543,12.993226766666668,77.71726454666667,0.004674,15.108980757808169,MAHADEVAPURA,Volatile
CELL_2580_15525,12.9031488375,77.6263206,0.004631,15.404483210618091,MADIWALA,Volatile
CELL_2581_15508,12.906071738461538,77.54212806923077,0.004603,12.887233789770079,K.S. LAYOUT,Persistent
CELL_2584_15522,12.920834416666667,77.61047713333333,0.004589,15.075188998356209,MICO LAYOUT,Volatile
CELL_2583_15523,12.915464933333332,77.61574725833333,0.004515,15.046586777835216,MICO LAYOUT,Volatile
CELL_2598_15515,12.993667785714285,77.57723842857142,0.004498,12.60911438871891,SHESHADRIPURAM,Persistent
CELL_2587_15549,12.938039981206758,77.7469895695641,0.004417,14.290340909582858,WHITEFIELD,Volatile
CELL_2594_15520,12.9719155,77.60142675,0.00438,14.61598919206139,CUBBON PARK,Volatile
CELL_2597_15541,12.985881621428572,77.70851807857142,0.004354,14.002667264837797,MAHADEVAPURA,Volatile
CELL_2602_15525,13.01319382857143,77.62658378571429,0.004334,14.45053329416978,BANASWADI,Volatile
CELL_2597_15501,12.98902978,77.50783982,0.0043,14.361352111680116,KAMAKSHIPALYA,Volatile
CELL_2600_15518,13.003363400000001,77.593999815,0.004299,14.360418937627912,R.T. NAGAR,Volatile
CELL_2604_15510,13.021910915000001,77.55248128000001,0.004293,14.17942819857771,YESHWANTHPURA,Volatile
CELL_2581_15518,12.906250088235295,77.59180526470588,0.004276,14.222628706859364,J.P. NAGAR,Volatile
CELL_2598_15513,12.992700742857142,77.56713382857143,0.004232,11.682493020148398,SHESHADRIPURAM,Persistent
CELL_2582_15528,12.912003026666666,77.64421184,0.00421,14.0756546005345,HSR LAYOUT,Volatile
CELL_2583_15533,12.918759576470588,77.66963048235294,0.004209,14.04269864174003,BELLANDUR,Volatile
CELL_2600_15526,13.002185746181059,77.63309944073481,0.004168,13.73556743968945,BANASWADI,Volatile
CELL_2585_15519,12.927866257142856,77.59866755714286,0.004141,13.61550822223864,JAYANAGARA,Volatile
CELL_2585_15524,12.927130166666666,77.62098472666666,0.004122,13.797725668400819,MADIWALA,Volatile
CELL_2587_15504,12.939037363636363,77.52295333636363,0.004072,13.452008742725116,BYATARAYANAPURA,Volatile
CELL_2581_15517,12.90585625,77.58581703333333,0.004026,13.449550009623266,J.P. NAGAR,Volatile
CELL_2593_15520,12.9682084,77.60203856666666,0.004007,13.429437116165673,ASHOK NAGAR,Volatile
CELL_2588_15517,12.94315666923077,77.58568713076923,0.003966,13.26275440752591,WILSON GARDEN,Volatile
CELL_2584_15530,12.923089833333334,77.65141836666668,0.003964,13.292516139309175,HSR LAYOUT,Volatile
CELL_2592_15509,12.964183028571428,77.54940185714285,0.003931,13.188181767965713,MAGADI ROAD,Volatile
CELL_2591_15546,12.956311567011324,77.73144363123667,0.003919,12.877235526829574,WHITEFIELD,Volatile
CELL_2592_15513,12.96286306,77.56713944666667,0.003912,12.982078862808464,CHAMARAJPET,Volatile
CELL_2600_15542,13.004373986666668,77.71087831333334,0.00391,13.121841921029572,K.R. PURA,Volatile
CELL_2589_15505,12.945781088888888,77.52893174444445,0.003876,12.95883298591863,BYATARAYANAPURA,Volatile
CELL_2596_15529,12.9811812625,77.64630708125,0.003774,12.661142768114802,JEEVANBHEEMANAGAR,Volatile
CELL_2616_15509,13.081716947813,77.54821112299005,0.003731,12.38130020604148,YELAHANKA,Volatile
CELL_2573_15530,12.869769241666667,77.65334454166667,0.003712,12.490890530763831,ELECTRONIC CITY,Volatile
CELL_2607_15513,13.036651322222221,77.5666581,0.003698,12.448692816271336,KODIGEHALLI,Volatile
CELL_2580_15518,12.901919975,77.59406885,0.003691,10.469571864854384,J.P. NAGAR,Persistent
CELL_2593_15519,12.966025075000001,77.59739772500001,0.003663,12.222442695556502,ASHOK NAGAR,Volatile
CELL_2600_15524,13.00059401,77.621780065,0.003646,12.27229908832943,PULIKESHINAGAR(F.TOWN),Volatile
CELL_2591_15539,12.9564368,77.6962281,0.003634,11.944573329195451,HAL OLD AIRPORT,Volatile
CELL_2581_15535,12.907429613333333,77.67604415333334,0.003601,10.229519513711063,BELLANDUR,Persistent
CELL_2610_15552,13.053531325,77.761881475,0.003535,11.229801826691716,K.R. PURA,Volatile
CELL_2583_15522,12.917594305882353,77.6104972235294,0.003493,11.76470018845892,MICO LAYOUT,Volatile
CELL_2587_15498,12.939518675,77.49303325,0.003378,11.429075096803048,JNANABHARATHI,Volatile
CELL_2606_15506,13.033927295238096,77.53098560476191,0.003269,10.7519993513555,YESHWANTHPURA,Volatile
CELL_2602_15501,13.011322592307693,77.50600183846154,0.00326,11.054717696777793,PEENYA,Volatile
CELL_2609_15508,13.04809142,77.54277838,0.003215,10.341311027681408,JALAHALLI,Volatile
CELL_2589_15516,12.94783383125,77.5800509375,0.003154,10.716979404771353,WILSON GARDEN,Volatile
CELL_2597_15495,12.986141026666667,77.47805287333334,0.003143,10.577685582487872,KAMAKSHIPALYA,Volatile
CELL_2601_15522,13.008122266666668,77.61320246666666,0.00314,9.00847110264181,K.G. HALLI,Persistent
CELL_2597_15542,12.988606500000001,77.7108473,0.00312,10.609775380501524,MAHADEVAPURA,Volatile
CELL_2591_15549,12.957454842857143,77.74599228571428,0.003113,10.587093207886134,WHITEFIELD,Volatile
CELL_2602_15513,13.011905213333334,77.56904125999999,0.003096,10.532904886358109,MALLESHWARAM,Volatile
CELL_2602_15516,13.011346066666666,77.58359946,0.003067,10.30611383974439,SADASHIVANAGAR,Volatile
CELL_2619_15515,13.09952175,77.57772655,0.002962,10.105966072823351,YELAHANKA,Volatile
CELL_2587_15514,12.9369147,77.57343003333334,0.002914,9.952635486015685,BASAVANAGUDI,Volatile
CELL_2579_15514,12.897564509540912,77.5714008237706,0.002885,9.861590847101715,K.S. LAYOUT,Volatile
CELL_2584_15515,12.9201217,77.5777017,0.00288,9.845206094983245,JAYANAGARA,Volatile
CELL_2596_15506,12.982220640783249,77.53225141294853,0.002855,9.764827579562334,KAMAKSHIPALYA,Volatile
CELL_2589_15513,12.94668861,77.56732196,0.002818,9.648789419929606,BASAVANAGUDI,Volatile
CELL_2593_15530,12.968139449999999,77.651461375,0.002812,9.583400148367751,JEEVANBHEEMANAGAR,Volatile
CELL_2589_15507,12.948986775,77.536592775,0.002787,9.20767032654431,BYATARAYANAPURA,Volatile
CELL_2580_15541,12.9013004,77.7086893,0.002783,9.429124414951474,WHITEFIELD,Volatile
CELL_2576_15509,12.882569501148872,77.54793554554848,0.002767,9.487532188820403,THALAGATTAPURA,Volatile
CELL_2582_15530,12.91283655,77.65159700000001,0.002746,9.418878996090365,HSR LAYOUT,Volatile
CELL_2596_15516,12.981160899999999,77.5811267875,0.002698,9.129806696934759,HIGH GROUND,Volatile
CELL_2595_15550,12.979466700000001,77.75131016666667,0.002658,7.7293526380455155,WHITEFIELD,Persistent
CELL_2582_15520,12.91351835,77.60362285,0.002613,8.99547884126661,MICO LAYOUT,Volatile
CELL_2592_15549,12.961114125,77.74754105,0.002563,7.263955055707211,WHITEFIELD,Persistent
CELL_2608_15522,13.0421095375,77.613583075,0.002526,8.720402512070878,HEBBALA,Volatile
CELL_2602_15507,13.011436845454545,77.53565676363637,0.002525,8.559211180610918,RAJAJINAGAR,Volatile
CELL_2587_15519,12.938257758333334,77.59833634166667,0.002512,8.674166025445999,WILSON GARDEN,Volatile
CELL_2578_15531,12.894271842857142,77.65719607142857,0.002499,8.61175313731164,BELLANDUR,Volatile
CELL_2596_15505,12.983845268119254,77.52884086917926,0.00249,8.604922796954602,KAMAKSHIPALYA,Volatile
CELL_2584_15517,12.9229177625,77.5857594125,0.002464,8.523760421101391,JAYANAGARA,Volatile
CELL_2578_15514,12.892389991666667,77.5719947,0.002425,8.398549669006048,THALAGATTAPURA,Volatile
CELL_2575_15527,12.876469833333333,77.6388998,0.002401,8.321276345494544,ELECTRONIC CITY,Volatile
CELL_2582_15497,12.913973341666667,77.48678985,0.002398,8.018872639948368,KENGERI,Volatile
CELL_2578_15513,12.893847075,77.5676795625,0.002393,8.295188515423366,K.S. LAYOUT,Volatile
CELL_2605_15504,13.02693199,77.52032405,0.002377,7.893860350844594,PEENYA,Volatile
CELL_2624_15522,13.122414125,77.6107394875,0.002272,7.893694778232251,YELAHANKA,Volatile
CELL_2619_15520,13.095507000000001,77.60043495,0.002239,7.805404740303093,YELAHANKA,Volatile
CELL_2583_15508,12.919148154545455,77.5421144,0.002221,7.550264066917042,BANASHANKARI,Volatile
CELL_2570_15517,12.852091857142856,77.58832414285715,0.002203,6.5243012204776845,THALAGATTAPURA,Persistent
CELL_2611_15494,13.057310580000001,77.47292084,0.002202,7.613658679587482,NO POLICE STATION,Volatile
CELL_2597_15504,12.986330599999999,77.5216713,0.0022,7.546436933734586,KAMAKSHIPALYA,Volatile
CELL_2608_15518,13.042299433333334,77.59280220000001,0.002185,7.54347148134125,HEBBALA,Volatile
CELL_2591_15544,12.955824183333334,77.72164945,0.002103,7.126056536603037,WHITEFIELD,Volatile
CELL_2599_15520,12.9950191,77.60345530000001,0.002091,6.990309957553851,PULIKESHINAGAR(F.TOWN),Volatile
CELL_2594_15502,12.9729233,77.51222966,0.002074,6.183278499263972,JNANABHARATHI,Persistent
CELL_2590_15524,12.95398288888889,77.62229742222222,0.002072,7.275492282186965,ASHOK NAGAR,Volatile
CELL_2599_15515,12.99660542,77.57594279,0.002012,7.059547056129889,SHESHADRIPURAM,Volatile
CELL_2606_15513,13.03387242857143,77.56865498571429,0.001998,6.93170128544252,SADASHIVANAGAR,Volatile
CELL_2597_15496,12.98528556,77.48062692,0.001966,6.925764954350796,KAMAKSHIPALYA,Volatile
CELL_2618_15519,13.092651663636362,77.5964736090909,0.001963,6.669165792047914,YELAHANKA,Volatile
CELL_2603_15508,13.015988685714285,77.5438752,0.00196,6.920577604210362,RAJAJINAGAR,Volatile
CELL_2596_15513,12.982861657142857,77.56809015714285,0.001948,6.845444093050656,SHESHADRIPURAM,Volatile
CELL_2605_15503,13.02806705,77.51939544999999,0.001945,6.549049124555743,PEENYA,Volatile
CELL_2589_15521,12.9492744125,77.60592820000001,0.001882,6.670121729528011,ADUGODI,Volatile
CELL_2599_15505,12.999821825,77.5255831625,0.001857,6.477062396253508,RAJAJINAGAR,Volatile
CELL_2592_15501,12.960746433333334,77.50815601666666,0.001837,5.553065104679298,JNANABHARATHI,Persistent
CELL_2591_15512,12.958496328571428,77.56249911428571,0.001805,6.220217757924308,CHAMARAJPET,Volatile
CELL_2605_15526,13.026047675000001,77.6308611,0.001767,6.3037605506806935,K.G. HALLI,Volatile
CELL_2593_15511,12.968988366666666,77.55784806666666,0.001748,5.257249789013041,MAGADI ROAD,Persistent
CELL_2606_15514,13.033305633333333,77.572349,0.001727,6.143053759117783,KODIGEHALLI,Volatile
CELL_2608_15516,13.043625885714286,77.58395572857144,0.001697,6.03619561466498,KODIGEHALLI,Volatile
CELL_2610_15497,13.0526668,77.48636045,0.001673,5.778491157378546,NO POLICE STATION,Volatile
CELL_2609_15509,13.0490484,77.5476523,0.001659,5.663604227253786,JALAHALLI,Volatile
CELL_2602_15511,13.0129931,77.555224125,0.001657,5.850579361870178,MALLESHWARAM,Volatile
CELL_2596_15507,12.984598349999999,77.5370015,0.001655,5.950402832830866,KAMAKSHIPALYA,Volatile
CELL_2609_15504,13.045982714285714,77.52226901428571,0.001638,5.893387990874702,JALAHALLI,Volatile
CELL_2594_15512,12.97474335,77.56264999999999,0.001626,5.857696804430335,MAGADI ROAD,Volatile
CELL_2580_15514,12.90375268888889,77.57333002222222,0.001588,5.724511461296611,J.P. NAGAR,Volatile
CELL_2604_15509,13.023684,77.5492782,0.001558,5.64042780713384,YESHWANTHPURA,Volatile
CELL_2603_15523,13.019684933333332,77.61886506666666,0.00153,5.53508134486367,K.G. HALLI,Volatile
CELL_2581_15538,12.90783575,77.6936503,0.001523,5.529561625365708,BELLANDUR,Volatile
CELL_2588_15523,12.940510014285715,77.61926917142857,0.001514,5.459677991843071,ADUGODI,Volatile
CELL_2584_15526,12.924782833333333,77.63257786666667,0.001503,5.464477155904294,ADUGODI,Volatile
CELL_2600_15516,13.004078300000002,77.58274031666666,0.001486,5.379755586101898,SADASHIVANAGAR,Volatile
CELL_2598_15540,12.9939119,77.7019981,0.001474,5.281375177221241,MAHADEVAPURA,Volatile
CELL_2614_15520,13.0727524375,77.6037586625,0.001448,5.1776225853004085,HEBBALA,Volatile
CELL_2600_15537,13.000210000000001,77.68510166666667,0.001448,5.172142261720053,MAHADEVAPURA,Volatile
CELL_2581_15516,12.906258625,77.581502825,0.001445,4.495273275861234,J.P. NAGAR,Persistent
CELL_2583_15526,12.916626299999999,77.6349555,0.001421,5.204628838996643,HSR LAYOUT,Volatile
CELL_2597_15494,12.988409666666668,77.47314146666666,0.001405,5.08115940988698,KAMAKSHIPALYA,Volatile
CELL_2606_15527,13.032806500000001,77.63709259999999,0.001401,5.1161190752347325,HENNURU,Volatile
CELL_2575_15509,12.879118666666665,77.54555135,0.001399,5.135793124936887,THALAGATTAPURA,Volatile
CELL_2603_15512,13.017248225,77.560517675,0.001385,5.02394164862314,YESHWANTHPURA,Volatile
CELL_2595_15507,12.9769466,77.53656536666666,0.001383,4.3275506776534645,VIJAYANAGARA,Persistent
CELL_2600_15508,13.000697033333333,77.54148391666666,0.001335,4.931648110506514,VIJAYANAGARA,Volatile
CELL_2584_15512,12.92424765,77.5623496,0.001327,4.9059996206430725,BANASHANKARI,Volatile
CELL_2573_15507,12.868297,77.5358895,0.00131,4.8514475755631015,THALAGATTAPURA,Volatile
CELL_2582_15522,12.9117199,77.61003869999999,0.001256,4.67943400136585,MICO LAYOUT,Volatile
CELL_2584_15529,12.921881124999999,77.6451357,0.001249,4.658385754587148,HSR LAYOUT,Volatile
CELL_2605_15525,13.0257608,77.62799101666667,0.001238,4.621325892496159,K.G. HALLI,Volatile
CELL_2602_15518,13.01206835,77.59189115,0.001234,4.596560709862392,R.T. NAGAR,Volatile
CELL_2613_15525,13.06885,77.62603,0.001202,4.50932504080658,HENNURU,Volatile
CELL_2598_15542,12.992013499999999,77.7139775,0.001147,4.334563147188529,MAHADEVAPURA,Volatile
CELL_2612_15514,13.0633011,77.5724723,0.001144,4.324322747368733,KODIGEHALLI,Volatile
CELL_2611_15511,13.058411399999999,77.55909755,0.00112,4.248449371352013,JALAHALLI,Volatile
CELL_2602_15514,13.01457284,77.5742658,0.001109,4.185033347573072,SADASHIVANAGAR,Volatile
CELL_2610_15507,13.0547074,77.5366156,0.00106,4.056637700284195,JALAHALLI,Volatile
CELL_2598_15544,12.991476733333334,77.72084073333333,0.001017,3.9196689333251715,MAHADEVAPURA,Volatile
CELL_2611_15493,13.0585337,77.4661401,0.001011,3.8594661504641454,NO POLICE STATION,Volatile
CELL_2579_15517,12.89682766,77.58605722,0.000992,3.8145300732156446,J.P. NAGAR,Volatile
CELL_2608_15524,13.04038355,77.62409285000001,0.00098,3.8029220446082768,HENNURU,Volatile
CELL_2604_15552,13.020675639999999,77.76217598000001,0.000977,3.79314665650148,MAHADEVAPURA,Volatile
CELL_2597_15522,12.98946905,77.61331390000001,0.000973,3.7792585166005264,PULIKESHINAGAR(F.TOWN),Volatile
CELL_2593_15502,12.968485,77.5101833,0.000967,3.7613639624573576,JNANABHARATHI,Volatile
CELL_2609_15549,13.045420533333333,77.74983016666667,0.000966,3.756950866409966,K.R. PURA,Volatile
CELL_2601_15501,13.009825125,77.50612545,0.000955,3.723331070522721,PEENYA,Volatile
CELL_2581_15522,12.906654466666666,77.61239463333334,0.000946,3.692242699919682,MICO LAYOUT,Volatile
CELL_2614_15526,13.0722034,77.6336907,0.000938,3.6681138824772517,HENNURU,Volatile
CELL_2586_15508,12.931717666666666,77.54473343333333,0.00092,3.612411766055584,BANASHANKARI,Volatile
CELL_2603_15518,13.0150317,77.5926895,0.000918,3.60532138927371,R.T. NAGAR,Volatile
CELL_2592_15526,12.961512525,77.634962275,0.000916,3.5984033302519594,HALASUR,Volatile
CELL_2603_15530,13.01839302,77.65399032,0.00091,3.5782073582996707,BANASWADI,Volatile
CELL_2587_15537,12.9354304,77.6888858,0.000899,3.5448087490188653,HAL OLD AIRPORT,Volatile
CELL_2588_15515,12.943592725,77.57848394999999,0.000895,3.531258660009131,BASAVANAGUDI,Volatile
CELL_2585_15518,12.9271354,77.5927247,0.000877,3.2207171142869604,JAYANAGARA,Emerging
CELL_2597_15517,12.9893173,77.5888587,0.000844,3.3701753619019694,HIGH GROUND,Volatile
CELL_2608_15510,13.0440913,77.5543982,0.000843,3.3676157008315815,JALAHALLI,Volatile
CELL_2585_15513,12.929760799999999,77.56662623333334,0.000783,3.1421122686109295,BANASHANKARI,Volatile
CELL_2609_15498,13.049581566666667,77.4940805,0.000771,3.0815951585907975,PEENYA,Volatile
CELL_2600_15515,13.001825466666666,77.57728546666668,0.000767,2.8047845835206426,SADASHIVANAGAR,Emerging
CELL_2573_15506,12.8669062,77.5347441,0.000764,3.116072018920804,THALAGATTAPURA,Volatile
CELL_2584_15514,12.922205,77.5701383,0.000756,3.0408054674721225,BANASHANKARI,Volatile
CELL_2588_15509,12.942332466666665,77.54842483333333,0.000745,2.9935081891482684,BANASHANKARI,Volatile
CELL_2605_15502,13.025189666666668,77.51106848888888,0.000702,2.8883776551954257,PEENYA,Volatile
CELL_2587_15510,12.938443866666667,77.5542635,0.000688,2.850645552269552,BASAVANAGUDI,Volatile
CELL_2584_15525,12.924341245959473,77.62874665403645,0.00068,2.847846420821411,ADUGODI,Volatile
CELL_2582_15511,12.911705255975743,77.55641200637305,0.000672,2.8208017882220124,K.S. LAYOUT,Volatile
CELL_2576_15510,12.884013084797218,77.55065985354135,0.000664,2.7819533825856197,THALAGATTAPURA,Volatile
CELL_2584_15502,12.921978866666668,77.51446776666667,0.000658,2.587917548560631,KENGERI,Emerging
CELL_2587_15512,12.9398948,77.56426895,0.000649,2.750348184391069,BASAVANAGUDI,Volatile
CELL_2600_15532,13.0045929,77.6601883,0.000631,2.6914144003170186,BANASWADI,Volatile
CELL_2587_15513,12.9396507,77.566609,0.000628,2.6814283423383376,BASAVANAGUDI,Volatile
CELL_2596_15538,12.9803938,77.6939244,0.000619,2.3263766317778845,MAHADEVAPURA,Volatile
CELL_2611_15530,13.0589687,77.6516915,0.000581,2.4605644315406767,HENNURU,Volatile
CELL_2585_15515,12.9271587,77.5779022,0.000572,2.418692746582103,JAYANAGARA,Volatile
CELL_2594_15526,12.9700097,77.6313015,0.000491,2.2474765202325484,HALASUR,Volatile
CELL_2584_15511,12.9230133,77.5563983,0.000442,2.090066320488839,BANASHANKARI,Volatile
CELL_2585_15509,12.9265452,77.5483858,0.000418,2.01455000550051,BANASHANKARI,Volatile
CELL_2602_15515,13.012757,77.57953470000001,0.000394,1.9373505536293245,SADASHIVANAGAR,Volatile
CELL_2602_15517,13.01383595,77.58676435000001,0.00038,1.865093987118359,R.T. NAGAR,Volatile
CELL_2575_15511,12.878776,77.5552469,0.000347,1.7882241056480286,THALAGATTAPURA,Volatile
CELL_2583_15513,12.9186262,77.5664381,0.000342,1.6728158109351616,BANASHANKARI,Emerging
CELL_2607_15504,13.0383353,77.5217925,0.000322,1.6873745007688656,PEENYA,Volatile
CELL_2584_15521,12.924138,77.6094198,0.000321,1.6675634697620263,MICO LAYOUT,Volatile
CELL_2594_15540,12.9704248,77.7000586,0.000293,1.5793811519870309,HAL OLD AIRPORT,Volatile
CELL_2586_15515,12.9307753,77.5753485,0.000287,1.5965964530235732,BANASHANKARI,Volatile
CELL_2575_15489,12.8784438,77.4452977,0.000256,1.4687758479823405,KENGERI,Volatile
CELL_2583_15512,12.9191406,77.5637899,0.000235,1.4026813111202387,BANASHANKARI,Volatile
CELL_2576_15508,12.8802255,77.5441106,0.000219,1.3686417198239544,THALAGATTAPURA,Volatile
CELL_2607_15512,13.0382835,77.564995,0.000201,1.325081379612893,KODIGEHALLI,Volatile
CELL_2596_15536,12.9829852,77.6803243,0.000172,1.2307492660628898,BANASWADI,Volatile
