spatial_cell_id,cell_lat_center,cell_lon_center,n_records
CELL_2595_15515,12.977174498678952,77.57724233926434,20798
CELL_2592_15515,12.964019647015295,77.57703430662094,10409
CELL_2596_15521,12.981929985887286,77.60788540892628,9209
CELL_2596_15522,12.981636430976991,77.61083045111842,8674
CELL_2594_15515,12.973014491826985,77.57826897568155,6833
CELL_2586_15538,12.93350883778556,77.69106253382002,6705
CELL_2602_15510,13.011860043862168,77.55345398704236,5572
CELL_2614_15517,13.071095074501123,77.58795693779753,5378
CELL_2595_15514,12.97761765765941,77.57318470159409,5144
CELL_2596_15520,12.983467379635137,77.60330603512632,4836
CELL_2599_15509,12.998554098145037,77.54893701827804,4611
CELL_2594_15509,12.974150188537363,77.54624485527762,3925
CELL_2592_15516,12.964097451456913,77.58291599287394,3511
CELL_2593_15515,12.968312796408824,77.57685210731128,2945
CELL_2598_15517,12.992617303561547,77.58887624010562,2850
CELL_2607_15517,13.03562881044491,77.5891077106036,2833
CELL_2601_15514,13.007202976529877,77.57105563455724,2778
CELL_2595_15516,12.977391578969467,77.58104477706107,2620
CELL_2601_15539,13.00830948830364,77.69575128450813,2582
CELL_2594_15510,12.973585180669,77.55111570140024,2571
CELL_2636_15535,13.184103466957396,77.67968723879824,2488
CELL_2599_15510,12.998242559329867,77.55189092212122,2395
CELL_2601_15510,13.008515407451497,77.55449035864197,2268
CELL_2596_15519,12.981309042112422,77.59842532098821,2206
CELL_2587_15539,12.939292902371177,77.69623954741698,2087
CELL_2586_15537,12.931722043202072,77.68711376575098,2058
CELL_2591_15515,12.95870410686948,77.57697361339548,2038
CELL_2595_15521,12.97944856866636,77.6074270440083,1911
CELL_2593_15514,12.967291622396653,77.57419778649921,1911
CELL_2599_15533,12.996228278953335,77.66850184118816,1907
CELL_2599_15514,12.998137174708114,77.5713530018545,1895
CELL_2593_15507,12.967321972929037,77.53673107956034,1798
CELL_2600_15510,13.001925931293949,77.5508725690158,1788
CELL_2600_15535,13.000480158884784,77.67709459700775,1756
CELL_2588_15514,12.943143006378843,77.57158306481269,1683
CELL_2590_15508,12.953210832615362,77.54233497643338,1668
CELL_2591_15540,12.957468101151289,77.70160682863782,1638
CELL_2598_15510,12.992825738219992,77.55321470632809,1620
CELL_2592_15507,12.964841047841066,77.53891426144925,1506
CELL_2599_15522,12.99681087150466,77.61267699300932,1502
CELL_2582_15527,12.912127947773797,77.63688216288945,1495
CELL_2597_15510,12.987599027070626,77.55265825651405,1486
CELL_2592_15543,12.963759169050894,77.71761246540578,1454
CELL_2585_15535,12.92670563750821,77.67792764050347,1453
CELL_2568_15529,12.84177150110957,77.64648189355061,1442
CELL_2601_15538,13.008309378660993,77.69405530290891,1325
CELL_2587_15538,12.936209691901292,77.69179438901803,1323
CELL_2594_15508,12.974112781201848,77.54455727996918,1298
CELL_2592_15519,12.962001362248062,77.59814955348837,1290
CELL_2594_15521,12.97257039309687,77.60737480435829,1275
CELL_2598_15514,12.992541331933438,77.57222591125198,1262
CELL_2585_15516,12.928440892640001,77.58157733856,1250
CELL_2594_15531,12.971760593298875,77.6580762330089,1243
CELL_2637_15536,13.18739474566474,77.68042359157721,1211
CELL_2601_15511,13.008465249292257,77.55570090965863,1201
CELL_2601_15509,13.007884483510667,77.54856179813873,1162
CELL_2594_15523,12.972542078983013,77.6171891743516,1154
CELL_2601_15537,13.005852053289006,77.68609360627441,1128
CELL_2601_15513,13.005980754182156,77.56895012258364,1076
CELL_2594_15516,12.97297138122021,77.58124435948523,1049
CELL_2596_15514,12.980479791111112,77.57437042975846,1035
CELL_2594_15519,12.9715057272,77.5975502901,1000
CELL_2592_15505,12.96083106711602,77.52825387231269,981
CELL_2595_15511,12.975748929130328,77.5586996331419,965
CELL_2638_15529,13.191262176549522,77.64623803178912,939
CELL_2609_15515,13.04753583862661,77.5760756167382,932
CELL_2599_15513,12.998458142002177,77.56908598705114,919
CELL_2587_15523,12.936190396149614,77.6161632019802,909
CELL_2595_15512,12.976020130326333,77.56142446617737,907
CELL_2593_15516,12.966044582762432,77.58334727303867,905
CELL_2596_15515,12.982315847620749,77.5774990366094,894
CELL_2598_15532,12.993594446933766,77.66263917064585,876
CELL_2591_15529,12.959244417889566,77.64738586384978,876
CELL_2578_15527,12.89238489240297,77.63778544060506,875
CELL_2597_15514,12.987860296903671,77.57376619323394,872
CELL_2599_15508,12.998427198521139,77.54195912139889,868
CELL_2599_15539,12.995337839417818,77.69635741107625,865
CELL_2594_15507,12.972246957036432,77.5377794144424,848
CELL_2600_15514,13.001650718323353,77.57122967329342,835
CELL_2594_15524,12.973725151770452,77.62201538363858,819
CELL_2597_15507,12.988038706127877,77.53756997268614,809
CELL_2592_15514,12.964296560000902,77.57381148661663,801
CELL_2594_15522,12.97331914479513,77.61363781952957,796
CELL_2593_15517,12.967455319148694,77.58742180363812,780
CELL_2594_15529,12.970862729618437,77.64683799852666,779
CELL_2594_15542,12.971814690034673,77.71182864187244,767
CELL_2619_15519,13.097399507761676,77.5992127388959,764
CELL_2589_15514,12.945714918670141,77.57120697062827,760
CELL_2605_15514,13.028238976578947,77.57278743039474,760
CELL_2589_15539,12.948517018552979,77.69925731683294,737
CELL_2593_15528,12.968186530272202,77.6414357048013,731
CELL_2593_15543,12.96605318795518,77.71780650994398,714
CELL_2586_15526,12.932330862302159,77.63177269669065,695
CELL_2585_15536,12.927936053235502,77.68119826069265,665
CELL_2581_15525,12.906736021941448,77.62906024972311,663
CELL_2596_15511,12.981160899049685,77.55785015768403,649
CELL_2591_15517,12.957003651822504,77.58618505087163,631
CELL_2597_15519,12.988797419805195,77.59889412792208,616
CELL_2595_15509,12.976777861363637,77.54621161931819,616
CELL_2597_15511,12.987115156585366,77.55642092439025,615
CELL_2581_15520,12.908014357491856,77.60083825276872,614
CELL_2587_15516,12.938664964543303,77.58389033388238,609
CELL_2600_15509,13.001087389950577,77.54964187281713,607
CELL_2586_15521,12.930902466389352,77.60766786439268,601
CELL_2568_15528,12.842175262378648,77.64429597080043,599
CELL_2596_15509,12.982588957758804,77.54887197320494,591
CELL_2591_15543,12.95805330360064,77.71599499519198,585
CELL_2603_15506,13.017801171232875,77.53158439657534,584
CELL_2599_15512,12.996375461234992,77.56302757975986,583
CELL_2581_15526,12.90648815568659,77.63122868885615,577
CELL_2599_15516,12.99726009952363,77.58340974342985,574
CELL_2585_15517,12.927454535376533,77.58601483117337,571
CELL_2637_15535,13.185742412807018,77.67987377736843,570
CELL_2603_15511,13.017886459236463,77.5570519934598,566
CELL_2606_15517,13.034379923966457,77.5886905450438,557
CELL_2592_15510,12.964061242105263,77.55330595662431,551
CELL_2606_15507,13.030624229369916,77.53645204980661,551
CELL_2591_15503,12.957375599946454,77.51873434783762,539
CELL_2590_15539,12.950925940502252,77.69979508098129,527
CELL_2583_15514,12.91707031892718,77.57347384009245,527
CELL_2575_15519,12.876317646796938,77.59599483549519,524
CELL_2599_15538,12.996381677131364,77.69384005085536,522
CELL_2582_15521,12.913683410485438,77.60692606038835,515
CELL_2594_15514,12.973915676666884,77.57394374986414,507
CELL_2597_15546,12.987496682840236,77.73415679980276,507
CELL_2605_15508,13.027712786640352,77.54235117105577,502
CELL_2582_15526,12.912477589297705,77.63353813245065,495
CELL_2579_15535,12.898579417454624,77.675486272125,487
CELL_2595_15508,12.97817913722176,77.5431451941272,485
CELL_2612_15517,13.063110473498964,77.58764753933747,483
CELL_2592_15528,12.96172558204928,77.64278139465681,480
CELL_2592_15502,12.960979339203353,77.5117288327044,477
CELL_2605_15515,13.027258831846574,77.57781533988977,472
CELL_2604_15518,13.022894179613735,77.59284204678112,466
CELL_2600_15522,13.00079140193133,77.61187656223176,466
CELL_2614_15518,13.071758293156734,77.59214595077262,453
CELL_2588_15539,12.943061420253983,77.69738975707956,449
CELL_2601_15505,13.00774515525114,77.52682745707763,438
CELL_2596_15512,12.982869581948009,77.56198201169467,436
CELL_2588_15513,12.941751018448137,77.5671272675755,429
CELL_2582_15525,12.912106066049866,77.62588968556898,427
CELL_2598_15522,12.992856412621359,77.61141423932038,412
CELL_2610_15518,13.051955591891893,77.59292692309583,407
CELL_2596_15510,12.983312833445687,77.55385477607385,406
CELL_2618_15518,13.09362390150376,77.59421601553885,399
CELL_2590_15543,12.951578653228378,77.71745121717287,395
CELL_2587_15503,12.936024399999999,77.51792649311224,392
CELL_2585_15523,12.925858351354572,77.61881873462721,387
CELL_2586_15516,12.931682849870128,77.58353172805195,385
CELL_2597_15518,12.987840303726122,77.59282001054261,382
CELL_2584_15533,12.921274566454853,77.66617323120857,381
CELL_2597_15521,12.98621170974506,77.6066782466561,380
CELL_2611_15518,13.058000698576773,77.59256100433797,372
CELL_2595_15522,12.979487374731182,77.61383615591397,372
CELL_2595_15539,12.978673307908684,77.69564269290636,368
CELL_2568_15535,12.84067671637485,77.67674268364377,365
CELL_2592_15511,12.963676663186813,77.55636757692308,364
CELL_2612_15518,13.063190621944445,77.59164165194444,360
CELL_2577_15512,12.888473417314708,77.56260213053181,358
CELL_2591_15516,12.957534650866464,77.58154296379273,355
CELL_2600_15513,13.001657802285715,77.56927653828572,350
CELL_2592_15529,12.960835485494801,77.64791606314992,349
CELL_2592_15508,12.964315424928365,77.54129634584527,349
CELL_2577_15528,12.88667408660224,77.64127041409378,349
CELL_2575_15529,12.876429319596541,77.64758421642652,347
CELL_2602_15539,13.010774541020409,77.69783346285715,343
CELL_2595_15517,12.976973937536656,77.58878138328446,341
CELL_2595_15527,12.978149291394658,77.63877026231455,337
CELL_2585_15510,12.926770055722892,77.5508420186747,332
CELL_2595_15518,12.978292673333332,77.5915146860606,330
CELL_2598_15511,12.992451498678935,77.55752515101125,330
CELL_2604_15516,13.023189818867769,77.58469865949309,329
CELL_2589_15519,12.947166105775077,77.5965578993921,329
CELL_2594_15528,12.970499261056293,77.64251800993169,320
CELL_2598_15521,12.99325864106583,77.60839393949843,319
CELL_2606_15524,13.033806507547169,77.62392561415093,318
CELL_2595_15525,12.977804590334667,77.62806054329987,316
CELL_2591_15533,12.95858383042071,77.6681767145631,309
CELL_2590_15518,12.953453748867314,77.59181379546926,309
CELL_2597_15520,12.988273026242629,77.60285187304632,308
CELL_2605_15517,13.027101872077923,77.58610921461039,308
CELL_2576_15528,12.883526465018553,77.64235985065363,306
CELL_2636_15536,13.183597369180328,77.68216385934427,305
CELL_2606_15511,13.033761990281548,77.55780371869265,304
CELL_2582_15517,12.912119060996293,77.58610102582557,304
CELL_2587_15517,12.93752787501547,77.58517070101846,303
CELL_2593_15509,12.968376583388704,77.54623580465116,301
CELL_2597_15509,12.987309883657126,77.54930791656565,297
CELL_2592_15517,12.961685257191782,77.58761708116438,292
CELL_2595_15510,12.97773970917486,77.55334053502187,289
CELL_2587_15515,12.9382969800032,77.57773011206983,287
CELL_2587_15540,12.937305141982213,77.70182603601755,286
CELL_2592_15527,12.961158624561403,77.63721487649123,285
CELL_2624_15526,13.121691039045936,77.63113621713781,283
CELL_2599_15535,12.999655619427157,77.67637103967469,282
CELL_2574_15530,12.870906859986851,77.65385874376209,281
CELL_2585_15538,12.927724808279745,77.69482138049237,276
CELL_2609_15501,13.045808962773723,77.50716736569343,274
CELL_2583_15534,12.917215266537607,77.67258531029962,267
CELL_2584_15523,12.924469408729008,77.61855161691636,266
CELL_2587_15521,12.936280513157895,77.60699716278195,266
CELL_2586_15522,12.933359267924528,77.61268684075472,265
CELL_2593_15521,12.969121093850276,77.60698138822985,263
CELL_2598_15518,12.992078578625954,77.59193420305344,262
CELL_2613_15518,13.068342023260508,77.59296605929127,261
CELL_2597_15515,12.988098733461538,77.57750447769232,260
CELL_2595_15520,12.977891561750713,77.60281367482354,255
CELL_2609_15518,13.04933415375494,77.5931097110672,253
CELL_2610_15505,13.050488885140563,77.5255347192771,249
CELL_2597_15500,12.989397673778955,77.50095068269388,245
CELL_2638_15536,13.191074710245902,77.68079262049181,244
CELL_2597_15516,12.987098524691358,77.58061109135804,243
CELL_2601_15508,13.008537621487603,77.54306557851238,242
CELL_2582_15514,12.911669128691981,77.57328530379746,237
CELL_2586_15523,12.934236518644068,77.61641956991527,236
CELL_2604_15527,13.022363295149196,77.63833402410384,234
CELL_2594_15525,12.97267721618409,77.62646083788621,233
CELL_2590_15540,12.952190618951281,77.70014723650024,229
CELL_2580_15535,12.90137776415929,77.67563150707964,226
CELL_2597_15523,12.987461721601923,77.61863154736228,226
CELL_2593_15506,12.966218513452915,77.53482653632287,223
CELL_2595_15528,12.978546538568397,77.64153938595595,222
CELL_2587_15520,12.936802019457014,77.60182899321266,221
CELL_2590_15516,12.95372317716895,77.58324631598174,219
CELL_2636_15537,13.184038327981652,77.68736792798165,218
CELL_2611_15509,13.057278428440368,77.54693808440366,218
CELL_2583_15519,12.91717914074074,77.5962800537037,216
CELL_2585_15526,12.92661210324074,77.6335530324074,216
CELL_2599_15523,12.996826019534883,77.61711804744186,215
CELL_2583_15515,12.917392097196261,77.5779150046729,214
CELL_2602_15509,13.010543897607654,77.5494696138756,209
CELL_2591_15513,12.957627098624762,77.56791236750702,208
CELL_2582_15535,12.913593693983588,77.67810379813623,206
CELL_2581_15539,12.906781711305285,77.69676627080243,205
CELL_2587_15522,12.935839711330049,77.61271094187192,203
CELL_2586_15507,12.9349241495,77.5365256845,200
CELL_2593_15529,12.968978170526684,77.64832328808947,200
CELL_2609_15550,13.045922225125627,77.75039743366834,199
CELL_2604_15506,13.021891070351758,77.53250540653266,199
CELL_2574_15531,12.870557712992145,77.65638646333497,198
CELL_2590_15517,12.954452701010101,77.58617483030304,198
CELL_2598_15507,12.991944414213197,77.53845646091371,197
CELL_2605_15507,13.029146020750561,77.53882129293707,196
CELL_2607_15503,13.039062163265307,77.51845525867347,196
CELL_2582_15536,12.912206213541666,77.6814302640625,192
CELL_2610_15510,13.050991838743455,77.55265068534031,191
CELL_2563_15537,12.818604396842105,77.68906394105264,190
CELL_2619_15517,13.099601659788359,77.58847715396826,189
CELL_2598_15523,12.99451119680851,77.61563708989362,188
CELL_2594_15501,12.972485014516128,77.50811494623656,186
CELL_2592_15540,12.961156569176113,77.70162964594897,185
CELL_2597_15547,12.98723514108108,77.7354485091892,185
CELL_2599_15534,12.99837667370282,77.67211841186763,184
CELL_2598_15530,12.992168423913043,77.65246047826088,184
CELL_2589_15515,12.948163194021738,77.57857046413044,184
CELL_2584_15516,12.92241965981487,77.58187921348136,182
CELL_2608_15503,13.040411126111112,77.51832107055556,180
CELL_2597_15503,12.987013186833828,77.51921410999881,179
CELL_2598_15519,12.991055297206705,77.59876543463687,179
CELL_2609_15500,13.047021966480447,77.50123559329609,179
CELL_2581_15509,12.907585616123495,77.54709948910363,178
CELL_2596_15517,12.98162824359807,77.58812029545768,178
CELL_2585_15521,12.927182356741573,77.60905049382023,178
CELL_2598_15520,12.990921474576272,77.60163315762712,177
CELL_2594_15518,12.971532125568181,77.59342274147728,176
CELL_2583_15530,12.917239937142858,77.65172178628572,175
CELL_2594_15527,12.970128212368934,77.63870551326596,173
CELL_2591_15514,12.958030346783627,77.57312741403508,171
CELL_2586_15539,12.932073298820875,77.69592025001495,169
CELL_2576_15519,12.88287753076085,77.59660856240053,168
CELL_2593_15518,12.967939667261906,77.5926608952381,168
CELL_2587_15525,12.937501664016985,77.62686201575413,166
CELL_2595_15524,12.975454928771342,77.62073055455387,164
CELL_2586_15517,12.931708931707318,77.58601097317073,164
CELL_2588_15524,12.941931053374235,77.62189203680981,163
CELL_2609_15514,13.047387435582824,77.57311605582822,163
CELL_2593_15527,12.969586642331286,77.6371737404908,163
CELL_2580_15540,12.903771777790668,77.70394104671384,162
CELL_2601_15515,13.00705278089172,77.5789635299363,157
CELL_2595_15538,12.979176962179489,77.69465338525642,156
CELL_2593_15520,12.968018250967742,77.60190822774193,155
CELL_2601_15536,13.00519756581954,77.68480802190919,153
CELL_2596_15518,12.980731563333334,77.59355481200001,150
CELL_2584_15524,12.921603863012718,77.62179462808469,150
CELL_2593_15540,12.968371639507682,77.7012262415502,149
CELL_2600_15544,13.003463336486487,77.72349642094595,148
CELL_2599_15524,12.99892196122449,77.62415515646259,147
CELL_2590_15515,12.952029033848923,77.57735284231529,145
CELL_2609_15499,13.048873060774648,77.4974350113615,142
CELL_2595_15542,12.977073617730497,77.71177113404255,141
CELL_2592_15512,12.960923668085107,77.56192560425531,141
CELL_2584_15534,12.92376909643527,77.67275102181733,141
CELL_2599_15511,12.99798891675355,77.55752553774518,139
CELL_2592_15546,12.962977478481747,77.7329600177044,138
CELL_2588_15504,12.940614355072464,77.52464933260869,138
CELL_2589_15517,12.94607951376117,77.58764977018589,135
CELL_2583_15516,12.919314994814815,77.58280007777778,135
CELL_2607_15525,13.036306932456851,77.62548204395522,134
CELL_2594_15513,12.972874754477612,77.56698320746268,134
CELL_2589_15518,12.946962168939393,77.59219895757576,132
CELL_2600_15505,13.002505092424242,77.5262082060606,132
CELL_2582_15528,12.91182681007752,77.64430729224806,129
CELL_2591_15531,12.959238425491753,77.65702141024678,129
CELL_2590_15521,12.951591591472868,77.60735771782946,129
CELL_2591_15542,12.956185482170543,77.71370337829457,129
CELL_2592_15520,12.961614612125985,77.60155748598426,127
CELL_2600_15519,13.002048451968504,77.59617900866142,127
CELL_2603_15518,13.017602501587302,77.59170017857143,126
CELL_2628_15523,13.1437245472,77.61783824880001,125
CELL_2583_15527,12.916396678832035,77.6378111053302,125
CELL_2607_15524,13.036324140000001,77.623951076,125
CELL_2594_15520,12.972866981451613,77.60198206370968,124
CELL_2588_15549,12.942351101626016,77.74761289837399,123
CELL_2598_15500,12.990238030220942,77.5038776467213,122
CELL_2588_15518,12.944610318680681,77.59476029516394,122
CELL_2603_15510,13.017324260330577,77.55305820578512,121
CELL_2601_15518,13.006455955371901,77.59305506859504,121
CELL_2613_15517,13.069662247933884,77.58685428016528,121
CELL_2599_15537,12.998728928935556,77.688288102473,118
CELL_2584_15530,12.923172361618656,77.65147547430226,118
CELL_2588_15505,12.943586511965812,77.52655817863247,117
CELL_2599_15521,12.997025677586207,77.60830869051723,116
CELL_2570_15531,12.85093054137931,77.65745046896551,116
CELL_2590_15504,12.950975410526315,77.52167667631579,114
CELL_2581_15527,12.906824212280702,77.63749265087718,114
CELL_2591_15509,12.955837004385964,77.54623450701754,114
CELL_2600_15523,13.001616577192982,77.61722368859648,114
CELL_2624_15522,13.121757130088495,77.61190498938052,113
CELL_2582_15520,12.913233239285715,77.60360470267857,112
CELL_2582_15496,12.912709178032483,77.48122208943424,112
CELL_2601_15551,13.007537988288288,77.75776922252251,111
CELL_2582_15515,12.91120330276944,77.57755574234234,111
CELL_2584_15517,12.92303144954955,77.58584075675677,111
CELL_2608_15502,13.042018572972973,77.51427876936937,111
CELL_2614_15526,13.071952485585586,77.63372531531532,111
CELL_2607_15514,13.036896918918918,77.57433331261262,111
CELL_2580_15517,12.90226684090909,77.58579035909091,110
CELL_2587_15518,12.938216772222223,77.5926268148148,108
CELL_2578_15519,12.893906794444444,77.5988274148148,108
CELL_2619_15515,13.098991997169811,77.57717973584906,106
CELL_2596_15528,12.98235500554607,77.64068676237305,106
CELL_2589_15516,12.947865545283019,77.58013447830187,106
CELL_2586_15503,12.932027088152227,77.51575074588037,106
CELL_2597_15501,12.989180073584905,77.50773723113208,106
CELL_2589_15506,12.947470676415096,77.53339973679246,106
CELL_2601_15524,13.006780543396227,77.62132761509434,106
CELL_2600_15551,13.003139294909253,77.75709408047788,104
CELL_2593_15549,12.967865291827927,77.74959636084184,103
CELL_2598_15539,12.994705686487297,77.69843911309482,103
CELL_2577_15527,12.88888309195321,77.639274680823,103
CELL_2567_15535,12.837465943935152,77.67843453784826,103
CELL_2586_15524,12.932982344117645,77.62296503137254,102
CELL_2593_15508,12.966984418627451,77.54347855784313,102
CELL_2609_15508,13.047858873267327,77.54279707920792,101
CELL_2597_15549,12.98576769108911,77.74595172079208,101
CELL_2601_15516,13.007014416831682,77.58106457029703,101
CELL_2581_15514,12.907363955735315,77.57277616566685,100
CELL_2598_15543,12.992904921,77.717147044,100
CELL_2586_15536,12.931211662744381,77.68450610520092,99
CELL_2604_15517,13.024293970408165,77.58583651530613,98
CELL_2595_15519,12.976537520408163,77.5991836010204,98
CELL_2590_15514,12.953043962886598,77.57285833917526,97
CELL_2612_15530,13.061674817525773,77.65177290824742,97
CELL_2608_15517,13.040789493814433,77.58961757525773,97
CELL_2593_15519,12.966575284536084,77.59832145876288,97
CELL_2591_15546,12.956531614816745,77.73191931245147,95
CELL_2579_15519,12.895399076595744,77.59925409787233,94
CELL_2593_15513,12.967969336170214,77.56781758510638,94
CELL_2609_15525,13.045964502127658,77.62744678829787,94
CELL_2583_15524,12.91837795904853,77.62206515311355,94
CELL_2589_15513,12.94654625290513,77.56812592549008,93
CELL_2579_15544,12.896607622580644,77.72014751935484,93
CELL_2581_15528,12.909074950537635,77.64440494623656,93
CELL_2593_15531,12.96684435591457,77.65818366402009,92
CELL_2609_15509,13.047184489130435,77.54829318369566,92
CELL_2568_15530,12.84063897912088,77.65119902307693,91
CELL_2595_15506,12.976092177324642,77.53173899691636,90
CELL_2610_15501,13.053201472222224,77.50771667222222,90
CELL_2611_15517,13.058854684090909,77.58742151931818,88
CELL_2600_15532,13.003475202272728,77.6623748965909,88
CELL_2576_15529,12.881066468889557,77.64571660049904,87
CELL_2579_15526,12.898113348179278,77.63434985948996,87
CELL_2583_15517,12.916368135714286,77.5861882702381,84
CELL_2600_15518,13.00377857142857,77.59417499166666,84
CELL_2603_15509,13.016769791566265,77.54900480722891,83
CELL_2611_15501,13.056433171828262,77.50737013218155,82
CELL_2590_15519,12.951430551219513,77.5968434402439,82
CELL_2597_15512,12.985810875609756,77.56011170121951,82
CELL_2600_15536,13.003503032098765,77.68390498024691,81
CELL_2579_15543,12.896696309876543,77.71993952222222,81
CELL_2581_15518,12.906314085,77.59172405875,80
CELL_2610_15498,13.050552235000001,77.49398144125,80
CELL_2602_15525,13.01307427,77.62645806875,80
CELL_2591_15518,12.95673444625,77.59259042375001,80
CELL_2610_15552,13.05399179875,77.7624131725,80
CELL_2588_15519,12.944550044871795,77.59711842051283,78
CELL_2573_15530,12.869607108974359,77.65346387948718,78
CELL_2582_15530,12.912361521794873,77.65166443974358,78
CELL_2590_15507,12.95146678051948,77.5386197,77
CELL_2581_15508,12.905992657364388,77.54233943861024,76
CELL_2599_15525,12.999520006578948,77.625502075,76
CELL_2591_15541,12.956599217105262,77.70858862763158,76
CELL_2596_15550,12.983227086842104,77.75202866710526,76
CELL_2619_15520,13.095977453333333,77.60029242133334,75
CELL_2596_15541,12.982695625333333,77.70865103466667,75
CELL_2591_15510,12.957790895945946,77.55322259594594,74
CELL_2613_15525,13.068524398648648,77.62737744054054,74
CELL_2616_15527,13.083563110810811,77.63752727297297,74
CELL_2592_15518,12.962442672602739,77.5918618369863,73
CELL_2580_15526,12.902997381502356,77.63163324643783,73
CELL_2575_15508,12.876344535865131,77.54399315374722,73
CELL_2582_15510,12.911686665778,77.55208821516729,72
CELL_2606_15506,13.033020798148149,77.53355188101852,72
CELL_2589_15504,12.94846375138889,77.52354180694445,72
CELL_2587_15506,12.938126257142859,77.53316639571428,70
CELL_2584_15522,12.92118708,77.61063225142857,70
CELL_2564_15537,12.821308565714284,77.68684170285715,70
CELL_2575_15534,12.876143076811593,77.67120646231884,69
CELL_2603_15507,13.018663609181193,77.53894976120668,69
CELL_2591_15528,12.95746189710145,77.64330362028986,69
CELL_2607_15547,13.035910453623188,77.73593129275362,69
CELL_2611_15515,13.059315068429399,77.57678782672282,68
CELL_2578_15531,12.894310453601003,77.65719363366114,68
CELL_2581_15506,12.907726597180858,77.53302121786982,68
CELL_2593_15530,12.968265357421165,77.65134361057713,68
CELL_2579_15527,12.896320329258156,77.63578449781618,68
CELL_2588_15517,12.942593298507463,77.58547392089552,67
CELL_2597_15504,12.98732401888646,77.52066057461174,67
CELL_2588_15521,12.941794992537313,77.60857023626866,67
CELL_2600_15526,13.002069028819482,77.63281123139812,67
CELL_2585_15537,12.929862454852628,77.68530268083666,67
CELL_2599_15519,12.999305043283583,77.59687963134328,67
CELL_2612_15515,13.061597012110699,77.57667218314388,66
CELL_2596_15516,12.98276176969697,77.58144746969697,66
CELL_2608_15518,13.042767925102755,77.59082981395635,66
CELL_2597_15541,12.986507659090908,77.7085145969697,66
CELL_2585_15519,12.927401081538461,77.59727186,65
CELL_2571_15517,12.857218329605438,77.58897184469296,65
CELL_2596_15505,12.983907280578395,77.52882295928228,65
CELL_2610_15497,13.052527396379581,77.4868740602201,65
CELL_2606_15512,13.031404531746032,77.56277062539684,63
CELL_2591_15530,12.958245445066115,77.65350199841542,63
CELL_2591_15511,12.958847993650794,77.55706061746032,63
CELL_2596_15526,12.981199234905981,77.63085894738234,63
CELL_2624_15523,13.121252074193547,77.61758890645162,62
CELL_2597_15517,12.986298757221208,77.58873655241935,62
CELL_2587_15498,12.937936113114754,77.49274351967213,61
CELL_2602_15498,13.01413771147541,77.4921550590164,61
CELL_2607_15513,13.037128555737704,77.56673037540983,61
CELL_2613_15506,13.068086878688524,77.53053183606556,61
CELL_2587_15504,12.938993739344262,77.52296403442624,61
CELL_2598_15513,12.993441011666667,77.56788356,60
CELL_2604_15528,13.02258786611253,77.6420536738798,60
CELL_2598_15531,12.991833061135369,77.65836084558217,60
CELL_2587_15549,12.938122961554573,77.74682588108675,60
CELL_2580_15518,12.901579936666668,77.59388411833334,60
CELL_2593_15542,12.9675979,77.71392700166666,60
CELL_2592_15513,12.962621486927953,77.56803726473464,60
CELL_2609_15504,13.045957640799843,77.52229060707303,59
CELL_2604_15531,13.021832211864407,77.65747631016949,59
CELL_2595_15523,12.97591862881356,77.6172536779661,59
CELL_2599_15497,12.99926657118644,77.48881587118645,59
CELL_2603_15541,13.018620165369928,77.70878203400824,59
CELL_2584_15515,12.92394298290486,77.57617075519424,59
CELL_2595_15530,12.979286862711865,77.65317787627119,59
CELL_2601_15512,13.007116712068965,77.56351168103448,58
CELL_2584_15529,12.922433374137931,77.64675866034483,58
CELL_2580_15528,12.903501152163498,77.64207605693441,58
CELL_2571_15532,12.855751430280066,77.66417615036904,58
CELL_2602_15516,13.011288136206897,77.58362596724137,58
CELL_2596_15525,12.98097577586207,77.62864135517242,58
CELL_2591_15539,12.956751830546075,77.69817922347012,57
CELL_2588_15512,12.941489028170867,77.56267417857059,57
CELL_2605_15516,13.028064977192981,77.58103262105263,57
CELL_2576_15509,12.882450686707836,77.54772354212467,56
CELL_2575_15523,12.87601398,77.61664992909091,55
CELL_2581_15517,12.906265269090909,77.58644968909091,55
CELL_2582_15516,12.910705478181818,77.58212200363636,55
CELL_2578_15513,12.893915374545456,77.56794301636364,55
CELL_2624_15524,13.121662003636363,77.6227417,55
CELL_2574_15518,12.873144774696463,77.59427177038275,54
CELL_2595_15550,12.97811791851852,77.75127261666667,54
CELL_2596_15530,12.980327409259258,77.6519207962963,54
CELL_2596_15507,12.98164712298151,77.53705326702998,53
CELL_2580_15532,12.901751626415095,77.66061160377359,53
CELL_2580_15525,12.903321886792455,77.62657980754716,53
CELL_2597_15542,12.989010264273388,77.7116182339749,52
CELL_2611_15493,13.05867413076923,77.46650231153846,52
CELL_2604_15507,13.020798784615383,77.53687968846154,52
CELL_2596_15523,12.981649219230768,77.61566075769231,52
CELL_2576_15550,12.883556637275948,77.75235374470373,52
CELL_2574_15507,12.871770382692308,77.53882781538462,52
CELL_2602_15501,13.010975034615386,77.50651021346154,52
CELL_2616_15509,13.081730750162443,77.54826713724637,52
CELL_2583_15500,12.917050117647058,77.50018557647059,51
CELL_2570_15532,12.854538201960786,77.66323601176471,51
CELL_2605_15544,13.02637826862745,77.72060050784314,51
CELL_2597_15495,12.98607840942206,77.4782782114,50
CELL_2602_15508,13.01191907,77.54371949,50
CELL_2594_15526,12.971491762000001,77.630963236,50
CELL_2601_15522,13.007541642000001,77.613034698,50
CELL_2583_15533,12.918423754,77.66896205,50
CELL_2587_15524,12.93686901,77.62148865,50
CELL_2605_15512,13.028284090621094,77.56193699478906,50
CELL_2639_15540,13.198428302,77.70294933,50
CELL_2588_15516,12.94191792244898,77.5836711265306,49
CELL_2575_15509,12.878619755036036,77.54541617465942,49
CELL_2602_15506,13.01380060612245,77.53278287346939,49
CELL_2604_15510,13.021788257142859,77.55199331020408,49
CELL_2583_15522,12.918303814565846,77.61061136054218,49
CELL_2606_15525,13.032969881249999,77.62760657083334,48
CELL_2581_15535,12.907664639781629,77.67593328238398,47
CELL_2598_15540,12.99373264893617,77.70280080638298,47
CELL_2582_15537,12.910345714893618,77.6856986531915,47
CELL_2598_15515,12.99260464680851,77.57655206170213,47
CELL_2596_15538,12.980937452397004,77.69414984146849,46
CELL_2594_15502,12.973389245652173,77.51247046304347,46
CELL_2586_15518,12.931521104347826,77.59255009565217,46
CELL_2600_15542,13.004416091304348,77.7112780673913,46
CELL_2573_15507,12.868495323913043,77.53633524565217,46
CELL_2611_15506,13.055163035555557,77.53459316888889,45
CELL_2585_15524,12.926842022222223,77.62082321777778,45
CELL_2589_15505,12.945698915555555,77.52861361111111,45
CELL_2592_15509,12.96429455,77.54944980454546,44
CELL_2587_15507,12.935210347727274,77.53648255,44
CELL_2608_15522,13.041945052272728,77.61349398409091,44
CELL_2590_15528,12.95340640909091,77.64076142954546,44
CELL_2619_15516,13.09784054883721,77.58432567441861,43
CELL_2623_15515,13.116740934883723,77.57798486511628,43
CELL_2604_15512,13.022730146511629,77.56293202093023,43
CELL_2613_15516,13.067815269767443,77.58135963488371,43
CELL_2561_15539,12.806362238095238,77.69840978095237,42
CELL_2604_15509,13.024305133962871,77.54788499367203,42
CELL_2607_15502,13.03623564126984,77.51363879285715,42
CELL_2611_15494,13.057366104761906,77.47242951428572,42
CELL_2603_15508,13.016756052380954,77.5429996047619,42
CELL_2587_15511,12.937969199467592,77.55709997635543,41
CELL_2602_15505,13.01274234390244,77.52917461463414,41
CELL_2602_15511,13.013249060975609,77.55584595121951,41
CELL_2602_15513,13.011665443902437,77.56900065121951,41
CELL_2636_15538,13.184345407317075,77.69122471219512,41
CELL_2610_15526,13.050490351219512,77.63042513170733,41
CELL_2592_15549,12.961631541463415,77.7478559,41
CELL_2572_15506,12.862586573170733,77.5304712390244,41
CELL_2574_15508,12.8742231925,77.54101084,40
CELL_2579_15514,12.897399292623751,77.57129361153692,40
CELL_2597_15513,12.987347797500002,77.567919765,40
CELL_2592_15506,12.9620956025,77.5335187525,40
CELL_2589_15507,12.948814154999999,77.5362188325,40
CELL_2596_15529,12.9816060725,77.646221315,40
CELL_2593_15523,12.96896063076923,77.61738021025641,39
CELL_2639_15541,13.197518402564102,77.7068193051282,39
CELL_2584_15520,12.921189071794872,77.60054795897436,39
CELL_2606_15513,13.03330923076923,77.56861143589744,39
CELL_2599_15520,12.996616835897436,77.60289176666666,39
CELL_2587_15514,12.939358690698867,77.57287150590417,39
CELL_2612_15492,13.060786964102563,77.46124334102565,39
CELL_2591_15549,12.957447605263159,77.74581900526316,38
CELL_2581_15537,12.909633144736842,77.68748898947369,38
CELL_2596_15506,12.98219216098136,77.53211368902608,37
CELL_2584_15538,12.924757324324325,77.69486424864866,37
CELL_2581_15510,12.909764532300906,77.55044743827327,37
CELL_2595_15502,12.979060030555555,77.51111334444445,36
CELL_2602_15507,13.01177538888889,77.53643906111111,36
CELL_2583_15523,12.91540688611111,77.61574693611111,36
CELL_2591_15538,12.95577835955154,77.69266380391502,36
CELL_2619_15513,13.097972408333334,77.56755236666667,36
CELL_2621_15520,13.10711720857143,77.60214547142857,35
CELL_2588_15509,12.942319514285714,77.54834232857144,35
CELL_2605_15518,13.025958,77.59284537714285,35
CELL_2595_15529,12.977869314285716,77.64607882857143,35
CELL_2607_15515,13.03588358,77.57506547999999,35
CELL_2589_15525,12.948439345714286,77.62764461428571,35
CELL_2590_15513,12.95299682352941,77.5685506235294,34
CELL_2574_15529,12.874474455882352,77.64819171176471,34
CELL_2583_15529,12.919559655882352,77.64518719117646,34
CELL_2606_15546,13.034379261764705,77.73379411764707,34
CELL_2593_15522,12.968827603030302,77.61089699090908,33
CELL_2583_15528,12.91868313939394,77.64458595454545,33
CELL_2598_15537,12.99133127424266,77.68779492372823,33
CELL_2572_15505,12.86127483030303,77.52955124848485,33
CELL_2605_15526,13.027165472727273,77.63149877272727,33
CELL_2604_15505,13.021072248484849,77.5284849030303,33
CELL_2604_15522,13.020855837500001,77.61344936875,32
CELL_2584_15521,12.924040259375,77.609516575,32
CELL_2578_15514,12.892228190625,77.57208905,32
CELL_2580_15541,12.901395946875,77.70884118125,32
CELL_2586_15520,12.931976653125,77.6025679375,32
CELL_2594_15512,12.974777258064517,77.56230562258064,31
CELL_2581_15502,12.909757741935485,77.51337037741936,31
CELL_2590_15548,12.953354225806452,77.74456513870967,31
CELL_2597_15497,12.985925412903226,77.48739930967743,31
CELL_2596_15513,12.983429570967742,77.56773225161291,31
CELL_2592_15501,12.96089004516129,77.50776633548386,31
CELL_2584_15527,12.9221913,77.63875615161291,31
CELL_2600_15524,13.001254729032258,77.62173844193549,31
CELL_2581_15516,12.90629464,77.58161268,30
CELL_2600_15512,13.002419103333333,77.56327258333334,30
CELL_2593_15511,12.96781004,77.55790979,30
CELL_2607_15507,13.037399520689656,77.5353894862069,29
CELL_2591_15544,12.955730513793105,77.72113054827587,29
CELL_2597_15529,12.986424810350318,77.64738460929418,29
CELL_2590_15524,12.953187648275863,77.62202879655173,29
CELL_2595_15541,12.978539696551724,77.70960937931035,29
CELL_2582_15529,12.91199502413793,77.64737422068966,29
CELL_2632_15525,13.161279831034483,77.62652933448275,29
CELL_2611_15530,13.057291617857143,77.65164698214286,28
CELL_2606_15515,13.032145510714287,77.57640128214287,28
CELL_2619_15514,13.098524557142857,77.57362168214286,28
CELL_2583_15539,12.915556585714286,77.69870577142856,28
CELL_2592_15523,12.961411846428572,77.61563455,28
CELL_2565_15536,12.827225507142858,77.68226864642858,28
CELL_2599_15504,12.998485482142856,77.52385688214285,28
CELL_2603_15517,13.017420910714284,77.58799019285713,28
CELL_2603_15552,13.016417899999999,77.76188819285714,28
CELL_2605_15532,13.028380807901971,77.66327212902249,28
CELL_2585_15518,12.928405275000001,77.591784725,28
CELL_2583_15526,12.916032055319343,77.63246242133947,27
CELL_2594_15530,12.97319374074074,77.65344741851851,27
CELL_2605_15503,13.027806766666666,77.51821132839505,27
CELL_2583_15508,12.919249851931097,77.54212892901704,27
CELL_2581_15515,12.907006285845432,77.57743359458071,27
CELL_2610_15515,13.052047866666667,77.57515515555555,27
CELL_2587_15519,12.938160625925926,77.59858046296296,27
CELL_2596_15535,12.983596533333333,77.67977713333333,27
CELL_2575_15527,12.877316733333332,77.63870444814815,27
CELL_2605_15504,13.026032125641025,77.5204141974359,26
CELL_2615_15511,13.07791335,77.55871030769231,26
CELL_2603_15516,13.0187582,77.58466188076923,26
CELL_2623_15521,13.11830118076923,77.60863682307692,26
CELL_2578_15526,12.8919736,77.63202441153847,26
CELL_2570_15517,12.85227695,77.58834288461539,26
CELL_2584_15514,12.923139710693633,77.5732484924863,25
CELL_2589_15521,12.949009028,77.606021056,25
CELL_2611_15552,13.055179623999999,77.764519272,25
CELL_2578_15512,12.89191786,77.563563952,25
CELL_2598_15551,12.993782920000001,77.757326584,25
CELL_2582_15533,12.913819388,77.66657518400001,25
CELL_2590_15523,12.952928556,77.61904357600001,25
CELL_2588_15520,12.9441918,77.602850508,25
CELL_2597_15545,12.988034312,77.72879956,25
CELL_2581_15519,12.906887188,77.596043688,25
CELL_2583_15518,12.917011087999999,77.594062744,25
CELL_2612_15529,13.062223287499998,77.64919520833332,24
CELL_2608_15524,13.040901441666668,77.6229932375,24
CELL_2608_15514,13.043138158333333,77.57087337916667,24
CELL_2604_15520,13.022622391666667,77.601330075,24
CELL_2605_15525,13.025958762500002,77.62799117499999,24
CELL_2596_15545,12.981348404166667,77.72735982916667,24
CELL_2589_15520,12.947264616666667,77.60223275833333,24
CELL_2597_15505,12.985558820085233,77.52670362529263,24
CELL_2584_15535,12.923701691666666,77.675679975,24
CELL_2599_15505,12.999466145833333,77.5256487125,24
CELL_2586_15525,12.933558995833332,77.62942606666667,24
CELL_2607_15504,13.038168308333333,77.52087955,24
CELL_2611_15516,13.058808660869564,77.58336369565218,23
CELL_2595_15507,12.97887598695652,77.53840552608696,23
CELL_2618_15519,13.093684691304349,77.59683794782609,23
CELL_2589_15499,12.946919627050415,77.49735590733634,23
CELL_2577_15529,12.887427411200079,77.64876102753324,23
CELL_2597_15494,12.988498260869564,77.47295263043478,23
CELL_2602_15519,13.010931117391305,77.59517642608695,23
CELL_2587_15526,12.938776991304348,77.63227093913044,23
CELL_2591_15506,12.959558172727272,77.53259762272727,22
CELL_2597_15496,12.985338559090907,77.48036432272727,22
CELL_2584_15512,12.92309635083148,77.5615979957514,22
CELL_2639_15535,13.198486113636363,77.67955526818182,22
CELL_2586_15515,12.930635781818182,77.57939639545454,22
CELL_2610_15514,13.051876772727274,77.57477296363636,22
CELL_2585_15533,12.926476468181818,77.6697786,22
CELL_2594_15517,12.971240304545455,77.58703145,22
CELL_2600_15537,13.000299612422982,77.68601081727738,22
CELL_2583_15520,12.918149976190477,77.6007795952381,21
CELL_2582_15497,12.913710269976859,77.48644935624978,21
CELL_2602_15552,13.013606452380952,77.76094485238096,21
CELL_2609_15549,13.04555669047619,77.74982285714286,21
CELL_2596_15524,12.981906419047618,77.62402216666666,21
CELL_2584_15526,12.924916933333334,77.63295290952381,21
CELL_2597_15532,12.988191866666666,77.66374154285714,21
CELL_2587_15513,12.939477147619048,77.56672662857143,21
CELL_2598_15542,12.99132723226294,77.7135635203769,21
CELL_2587_15537,12.935809347619047,77.6894778857143,21
CELL_2613_15505,13.069204961904761,77.52986019047619,21
CELL_2603_15540,13.017360095238095,77.70461603809524,21
CELL_2592_15500,12.961692376190475,77.5040056,21
CELL_2603_15523,13.019018357142857,77.61871086190476,21
CELL_2591_15548,12.95652647,77.74297394999999,20
CELL_2623_15526,13.119700545,77.632604555,20
CELL_2577_15547,12.887384870235461,77.7384770025872,20
CELL_2617_15527,13.086951580000001,77.63518858500001,20
CELL_2606_15514,13.032524624999999,77.57214653999999,20
CELL_2585_15509,12.927027035,77.548558225,20
CELL_2598_15541,12.992662444999999,77.706727435,20
CELL_2585_15513,12.92940037,77.56749911,20
CELL_2597_15538,12.986684235000002,77.69017811500001,20
CELL_2608_15510,13.043574715,77.55347023499999,20
CELL_2576_15527,12.883481727867695,77.63720920748973,20
CELL_2583_15525,12.91698876,77.62911956,20
CELL_2601_15496,13.008341569999999,77.484275765,20
CELL_2568_15537,12.843111042105264,77.68740289473685,19
CELL_2592_15522,12.962070710526316,77.61469699473685,19
CELL_2606_15527,13.032536278947367,77.63693814210527,19
CELL_2608_15523,13.040936136842104,77.61762454736842,19
CELL_2617_15497,13.085203484210528,77.48646901578948,19
CELL_2591_15532,12.959089412831636,77.66211541586051,19
CELL_2635_15527,13.175530910526316,77.63548555263158,19
CELL_2589_15523,12.945981842105263,77.61882471578947,19
CELL_2600_15516,13.003777057894737,77.58302653684211,19
CELL_2610_15507,13.054806963157894,77.53585022105263,19
CELL_2582_15522,12.911899978947368,77.6101461263158,19
CELL_2599_15517,12.995661568421053,77.58899183684211,19
CELL_2602_15531,13.010883215789473,77.65885396842106,19
CELL_2587_15502,12.935814231578949,77.51275351578947,19
CELL_2603_15505,13.015287836842106,77.52953511052631,19
CELL_2597_15522,12.988461252631579,77.6127986263158,19
CELL_2587_15509,12.938354415789474,77.54876953157894,19
CELL_2599_15515,12.996718436842105,77.57685628421052,19
CELL_2584_15547,12.921103405263159,77.73637175789474,19
CELL_2589_15511,12.948161616666667,77.55920059444445,18
CELL_2585_15515,12.927556755555555,77.57832408888889,18
CELL_2588_15498,12.942187316666667,77.49390356666667,18
CELL_2593_15501,12.966542077777778,77.50773661111111,18
CELL_2591_15545,12.955991539948378,77.72790034305739,18
CELL_2574_15513,12.872579838888889,77.56651447777777,18
CELL_2578_15516,12.891817566666667,77.58155147777778,18
CELL_2590_15530,12.952848044439316,77.65269962508637,18
CELL_2596_15527,12.982210433333332,77.63824207222223,18
CELL_2603_15531,13.019156975287377,77.65567665321176,18
CELL_2639_15536,13.196560794444444,77.68103957777777,18
CELL_2632_15519,13.160774227777777,77.59561080555555,18
CELL_2579_15521,12.897901994117646,77.60638921176471,17
CELL_2584_15532,12.92109278010255,77.66394941220801,17
CELL_2586_15502,12.932742716752818,77.51321185915836,17
CELL_2601_15501,13.00971735882353,77.50608383529412,17
CELL_2610_15496,13.054328670588236,77.48208012352941,17
CELL_2596_15553,12.983478270588236,77.76814476470588,17
CELL_2591_15512,12.958326217647059,77.5621261882353,17
CELL_2588_15515,12.943683249589848,77.578379998496,17
CELL_2616_15511,13.0809329,77.55934446470589,17
CELL_2608_15516,13.043362947058824,77.58356069411764,17
CELL_2591_15547,12.956988447058825,77.7382765764706,17
CELL_2580_15529,12.900375264705882,77.64721437058823,17
CELL_2613_15489,13.068369664705884,77.44834577058823,17
CELL_2602_15514,13.01403135,77.57373129999999,16
CELL_2589_15497,12.9477621875,77.487701425,16
CELL_2588_15506,12.94219029375,77.53161405625,16
CELL_2583_15511,12.91849764375,77.5597033875,16
CELL_2596_15544,12.98061536875,77.72198613125,16
CELL_2593_15502,12.96919163125,77.51068760625,16
CELL_2593_15525,12.96914128125,77.6283385125,16
CELL_2574_15528,12.873950125,77.64270511875,16
CELL_2624_15525,13.12192953125,77.62743718125,16
CELL_2603_15527,13.0183704,77.63884450625,16
CELL_2579_15530,12.8988311,77.65118196875,16
CELL_2599_15530,12.9950450625,77.65358776875,16
CELL_2581_15538,12.907840625,77.69341010625,16
CELL_2576_15520,12.88450532259859,77.60189488097517,16
CELL_2602_15518,13.01152309375,77.59186194375,16
CELL_2580_15514,12.90381665,77.57331840625,16
CELL_2611_15529,13.05706866875,77.64824039375,16
CELL_2594_15550,12.97188968,77.7503806,15
CELL_2592_15533,12.960353193333333,77.66607225333334,15
CELL_2608_15525,13.044925486666667,77.62675185333335,15
CELL_2579_15517,12.8970335,77.58596228666667,15
CELL_2587_15510,12.9385071,77.55377235333334,15
CELL_2573_15532,12.86925836,77.66019376666667,15
CELL_2610_15529,13.052797066666667,77.64612534,15
CELL_2614_15500,13.072180033333332,77.50343091333335,15
CELL_2612_15514,13.063499926666667,77.57225969333334,15
CELL_2590_15537,12.952320273333333,77.68846766666667,15
CELL_2614_15520,13.072737586666667,77.60361157999999,15
CELL_2597_15537,12.98813930475165,77.68908840766795,15
CELL_2609_15511,13.04577398,77.55652706666666,15
CELL_2588_15525,12.940607700000001,77.62568566428571,14
CELL_2568_15532,12.840592121428571,77.66344497142858,14
CELL_2577_15514,12.885974207142857,77.57078853571429,14
CELL_2587_15541,12.936123557142858,77.70573891428572,14
CELL_2585_15499,12.925273721428571,77.49879424285714,14
CELL_2588_15523,12.940716664285715,77.61957724285715,14
CELL_2589_15543,12.949912657142857,77.71772297857142,14
CELL_2573_15506,12.866388935714285,77.53445340714286,14
CELL_2582_15511,12.913034473283982,77.55904261831236,14
CELL_2592_15542,12.96174355,77.71351200714285,14
CELL_2622_15520,13.11097392142857,77.60438252142856,14
CELL_2616_15526,13.083690985714286,77.6345301857143,14
CELL_2637_15528,13.188030800000002,77.6437341642857,14
CELL_2623_15522,13.119747649999999,77.61024987857142,14
CELL_2606_15500,13.031536792857143,77.50365327142858,14
CELL_2594_15540,12.971888431997025,77.70067498883871,14
CELL_2604_15540,13.021097828571428,77.70184343571428,14
CELL_2577_15519,12.88692517857143,77.59694305714287,14
CELL_2587_15512,12.937725585872041,77.56282913889767,14
CELL_2600_15508,13.000926953846154,77.54166002307693,13
CELL_2604_15529,13.02196162902882,77.64753889069294,13
CELL_2618_15516,13.094232646153845,77.5812000076923,13
CELL_2594_15541,12.972359584615386,77.70972772307692,13
CELL_2577_15534,12.888837618955863,77.67215296001051,13
CELL_2638_15539,13.194248284615384,77.69826221538462,13
CELL_2577_15530,12.887290777611305,77.65042370209572,13
CELL_2620_15516,13.101995476923076,77.58307928461538,13
CELL_2583_15504,12.916493992307693,77.52058697692308,13
CELL_2576_15521,12.882251084615385,77.60964928461539,13
CELL_2609_15526,13.049769753846155,77.63010884615385,13
CELL_2583_15512,12.917988323076923,77.56430830000001,13
CELL_2582_15513,12.913543823076923,77.56715503846154,13
CELL_2601_15531,13.008061784615384,77.65840617692308,13
CELL_2605_15502,13.02585933846154,77.51132327435897,13
CELL_2605_15506,13.027727653846153,77.53368143076924,13
CELL_2592_15526,12.961486008888196,77.634535983411,13
CELL_2582_15518,12.910987116666666,77.59230603333333,12
CELL_2588_15538,12.940095275,77.69250833333334,12
CELL_2584_15525,12.924110378156534,77.62859503850912,12
CELL_2580_15524,12.902948133333332,77.624593875,12
CELL_2580_15527,12.901624533333333,77.63884214166667,12
CELL_2627_15523,13.139504156666668,77.61776573916667,12
CELL_2603_15512,13.018769733333334,77.56159104999999,12
CELL_2594_15505,12.973012083333332,77.52863095,12
CELL_2595_15505,12.976310175,77.52586810833334,12
CELL_2593_15499,12.969747558333333,77.49769934166666,12
CELL_2593_15526,12.969797649999999,77.630990625,12
CELL_2604_15552,13.020627041666666,77.76217858333334,12
CELL_2611_15511,13.058760858333335,77.559150575,12
CELL_2598_15544,12.991432241666667,77.72091523333334,12
CELL_2597_15548,12.9851817,77.74495225,12
CELL_2597_15528,12.98577917148591,77.64465790221199,12
CELL_2613_15526,13.0679905,77.63251187499999,12
CELL_2583_15537,12.91815255,77.68729939166667,12
CELL_2590_15538,12.950095716666667,77.69008469166667,12
CELL_2599_15543,12.996405725,77.71754094166666,12
CELL_2577_15513,12.886921333333333,77.565389575,12
CELL_2595_15526,12.978241575,77.63366600833334,12
CELL_2583_15521,12.916360658333334,77.606563025,12
CELL_2582_15509,12.91190717875043,77.54832015194258,12
CELL_2609_15510,13.048386475000001,77.55222495833333,12
CELL_2610_15506,13.054816033333333,77.534179325,12
CELL_2604_15543,13.023872427272726,77.7165659090909,11
CELL_2593_15512,12.96804445229363,77.56424431420335,11
CELL_2579_15531,12.896468700000002,77.65792328181819,11
CELL_2580_15531,12.900284763636364,77.65969900909091,11
CELL_2611_15526,13.056069263636363,77.63249125454546,11
CELL_2611_15525,13.057503536363635,77.62657059090908,11
CELL_2603_15530,13.018391300000001,77.65414421818183,11
CELL_2602_15532,13.012766276091272,77.66184205738479,11
CELL_2581_15530,12.909359045454545,77.65192097272728,11
CELL_2601_15527,13.006283472727272,77.63622161818182,11
CELL_2596_15508,12.984960445454545,77.54477184545455,11
CELL_2614_15521,13.071754700000001,77.60667333636364,11
CELL_2600_15543,13.004544800000001,77.71710988181817,11
CELL_2590_15499,12.951675648157421,77.49821917303929,11
CELL_2600_15507,13.000688019557401,77.53583509322607,11
CELL_2598_15504,12.99164858181818,77.52097507272728,11
CELL_2630_15523,13.150956163636364,77.61920060909091,11
CELL_2613_15514,13.065699163636365,77.57069013636364,11
CELL_2578_15533,12.891515845454546,77.6672589,11
CELL_2587_15543,12.93869526,77.71804882,10
CELL_2610_15517,13.05409545,77.58924556,10
CELL_2598_15538,12.99419902,77.69487436,10
CELL_2586_15535,12.93041006,77.67867446,10
CELL_2609_15498,13.04975371,77.49405612000001,10
CELL_2605_15509,13.02558879,77.54620948,10
CELL_2585_15503,12.925877019999998,77.51623182,10
CELL_2577_15511,12.885801608006085,77.55687678834953,10
CELL_2586_15511,12.93324401,77.55783527,10
CELL_2612_15516,13.06448555,77.58434968,10
CELL_2576_15510,12.883279215439165,77.55102510606241,10
CELL_2591_15520,12.956842810000001,77.60201454,10
CELL_2591_15505,12.95831226,77.52650226,10
CELL_2591_15507,12.95840337,77.53652697999999,10
CELL_2604_15511,13.02172893,77.55635041,10
CELL_2596_15531,12.981055567216796,77.65701300251843,10
CELL_2584_15510,12.92363656433432,77.55291962568546,10
CELL_2600_15525,13.000731490000002,77.62699357,10
CELL_2604_15535,13.021293980600309,77.678451684,10
CELL_2593_15500,12.967385340000002,77.50298863,10
CELL_2597_15498,12.987648711111111,77.49338684444444,9
CELL_2579_15529,12.899417882530718,77.6460139054665,9
CELL_2597_15499,12.989000523445622,77.49961047664037,9
CELL_2584_15511,12.922568488888889,77.55737072222222,9
CELL_2622_15521,13.112525822222223,77.60578755555555,9
CELL_2586_15497,12.932971355555557,77.48825807777777,9
CELL_2585_15514,12.929187777777777,77.57297107777778,9
CELL_2593_15547,12.969324964874609,77.73605062244013,9
CELL_2610_15524,13.05363958888889,77.62132679999999,9
CELL_2608_15511,13.04214178888889,77.55725885555556,9
CELL_2611_15495,13.056664422222221,77.47653137777777,9
CELL_2606_15516,13.030523033333333,77.58098297777778,9
CELL_2581_15511,12.906633755555555,77.55823276666666,9
CELL_2603_15519,13.019728844444444,77.59563976666666,9
CELL_2602_15529,13.012424333333334,77.64761071111111,9
CELL_2581_15522,12.90766398888889,77.6116802111111,9
CELL_2602_15540,13.011590588888888,77.70171814444444,9
CELL_2607_15518,13.035672422222223,77.59045501111112,9
CELL_2618_15520,13.094265755555556,77.60069387777779,9
CELL_2589_15537,12.949699244444444,77.68938893333333,9
CELL_2575_15528,12.879389344869988,77.64084558286017,9
CELL_2590_15522,12.953009777777778,77.6117584888889,9
CELL_2590_15520,12.95152388888889,77.60390243333333,9
CELL_2580_15530,12.902690200000002,77.6507034,9
CELL_2591_15527,12.958794366666666,77.63855878888889,9
CELL_2579_15525,12.8963488125,77.62613915,8
CELL_2600_15504,13.00042045,77.5246792,8
CELL_2562_15538,12.811772725,77.6941004875,8
CELL_2588_15511,12.9416923375,77.55880028749999,8
CELL_2606_15510,13.03270975,77.5540141125,8
CELL_2585_15539,12.927308925,77.695433525,8
CELL_2594_15511,12.974551625,77.5572570875,8
CELL_2588_15507,12.943401487500001,77.5380399625,8
CELL_2573_15531,12.8673868375,77.6573969875,8
CELL_2566_15536,12.831489337499999,77.6810263,8
CELL_2608_15549,13.044373575,77.7485523875,8
CELL_2588_15522,12.9414231,77.613652225,8
CELL_2620_15515,13.100061575,77.5797201375,8
CELL_2600_15506,13.000529058768958,77.5331412225917,8
CELL_2605_15524,13.0274222625,77.6218359875,8
CELL_2583_15547,12.9190803,77.7363405375,8
CELL_2590_15536,12.954779,77.68021825,8
CELL_2600_15541,13.0043759625,77.708950825,8
CELL_2615_15526,13.0782369125,77.63394133749999,8
CELL_2584_15497,12.9248311625,77.485278175,8
CELL_2600_15497,13.002911537500001,77.4876496625,8
CELL_2590_15527,12.9514525,77.639730275,8
CELL_2582_15524,12.9136107375,77.6243084625,8
CELL_2609_15529,13.048618025,77.6455624,8
CELL_2614_15505,13.070362775,77.5297728625,8
CELL_2574_15533,12.87487605,77.669410375,8
CELL_2601_15550,13.0060866625,77.7514058375,8
CELL_2582_15519,12.9124992875,77.598123375,8
CELL_2580_15520,12.9019944125,77.60112085,8
CELL_2592_15521,12.963878175,77.6060396125,8
CELL_2589_15510,12.948072312499999,77.55283585,8
CELL_2610_15503,13.0505661875,77.5155769125,8
CELL_2591_15524,12.9564107375,77.620990875,8
CELL_2637_15527,13.187106242857142,77.63956084285714,7
CELL_2595_15513,12.976769359755787,77.56653622734302,7
CELL_2619_15512,13.097715485714286,77.56373505714285,7
CELL_2580_15537,12.901421857142859,77.68854287142857,7
CELL_2624_15521,13.1203805,77.60979837142858,7
CELL_2599_15536,12.998762600000001,77.68224485714286,7
CELL_2608_15505,13.042415542857142,77.52707778571428,7
CELL_2571_15540,12.859245428571429,77.70308984285714,7
CELL_2592_15536,12.96079702857143,77.68173284285714,7
CELL_2571_15533,12.855166814285713,77.6652711,7
CELL_2593_15510,12.96803267142857,77.55432217142857,7
CELL_2602_15517,13.012034957142857,77.58886288571429,7
CELL_2583_15496,12.916320200000001,77.48195985714287,7
CELL_2609_15516,13.04688592857143,77.58067284285714,7
CELL_2569_15534,12.846979988121591,77.67198543041256,7
CELL_2575_15525,12.878007785714285,77.62635627142858,7
CELL_2607_15500,13.037112585714286,77.5043846,7
CELL_2589_15501,12.948200902743482,77.50593293373886,7
CELL_2575_15522,12.876573914285714,77.61230748571428,7
CELL_2584_15499,12.923629542857142,77.49726558571429,7
CELL_2592_15552,12.964758642857143,77.76161432857143,7
CELL_2616_15516,13.084324999999998,77.582925,7
CELL_2585_15525,12.928047328571429,77.62815207142856,7
CELL_2576_15530,12.88244826356238,77.65022277191846,7
CELL_2613_15511,13.069041514285715,77.55771889999998,7
CELL_2613_15500,13.067948271428572,77.50354018571429,7
CELL_2608_15520,13.043815114285715,77.60095771428571,7
CELL_2613_15515,13.06840727142857,77.57953345714286,7
CELL_2636_15539,13.182463816666667,77.69593221666668,6
CELL_2612_15500,13.061839683333334,77.50352326666666,6
CELL_2614_15527,13.07139015,77.63698128333333,6
CELL_2576_15526,12.884890501445545,77.63476511994709,6
CELL_2595_15544,12.977684366666667,77.72166253333333,6
CELL_2625_15514,13.1282699,77.57250293333333,6
CELL_2581_15536,12.909095800000001,77.6807463,6
CELL_2608_15501,13.044089416666667,77.5079119,6
CELL_2608_15509,13.041625083333335,77.54715331666667,6
CELL_2575_15520,12.8775174,77.6024602,6
CELL_2614_15511,13.072121966666666,77.55631338333333,6
CELL_2584_15513,12.9237372,77.56584558333333,6
CELL_2592_15541,12.96322655,77.70856611666666,6
CELL_2610_15502,13.051535416666667,77.51425265,6
CELL_2586_15512,12.933936116666667,77.56208638333334,6
CELL_2607_15511,13.035253849999998,77.5575253,6
CELL_2613_15490,13.066394616666665,77.45243076666667,6
CELL_2588_15499,12.943408849999999,77.4953298,6
CELL_2578_15523,12.893180183333333,77.61982248333334,6
CELL_2629_15523,13.14723935,77.61892181666667,6
CELL_2599_15507,12.995492116666668,77.53878436666666,6
CELL_2599_15518,12.995115766666666,77.590741,6
CELL_2588_15536,12.943479983333333,77.68154981666666,6
CELL_2620_15520,13.104201190518928,77.60314740209164,6
CELL_2594_15506,12.9748028,77.5309155,6
CELL_2572_15532,12.86076215,77.66022276666666,6
CELL_2590_15503,12.954420466666667,77.51952593333333,6
CELL_2622_15515,13.114568533333333,77.5790556,6
CELL_2604_15503,13.024851616666666,77.51982385000001,6
CELL_2596_15503,12.980443683333334,77.51713883333333,6
CELL_2600_15527,13.003018333333332,77.63520615,6
CELL_2589_15549,12.9475154,77.74618325,6
CELL_2596_15504,12.983157069206063,77.52074789348082,6
CELL_2616_15500,13.080327599999999,77.5022841,6
CELL_2581_15540,12.90726048763294,77.70264144316461,6
CELL_2604_15534,13.020121616666666,77.67456646666666,6
CELL_2579_15524,12.89915432,77.62195402,5
CELL_2600_15511,13.002953080000001,77.55974474,5
CELL_2600_15534,13.00036354,77.67483286,5
CELL_2584_15531,12.92341343739252,77.65542746299218,5
CELL_2572_15534,12.860934839999999,77.67471809999999,5
CELL_2573_15518,12.86601934,77.59185696,5
CELL_2598_15533,12.994708839999998,77.6664829,5
CELL_2598_15516,12.99420136,77.58358452,5
CELL_2594_15499,12.97008624,77.49658268,5
CELL_2594_15539,12.973396240653898,77.69865629896144,5
CELL_2580_15513,12.902862960000002,77.56642642,5
CELL_2578_15535,12.89497956,77.67585328,5
CELL_2605_15522,13.026612740000001,77.61258486,5
CELL_2605_15527,13.02530038,77.63932836,5
CELL_2586_15508,12.931758639999998,77.5437644,5
CELL_2584_15539,12.92315616,77.69550448,5
CELL_2612_15548,13.06231652,77.74132832000001,5
CELL_2606_15505,13.034729733333332,77.52963945333333,5
CELL_2570_15533,12.854880159999999,77.66558496,5
CELL_2598_15501,12.992099999999999,77.50725854,5
CELL_2596_15536,12.983145000000002,77.68024362,5
CELL_2583_15502,12.91750266,77.51382372,5
CELL_2574_15514,12.871219120000001,77.57029623999999,5
CELL_2603_15534,13.019812060000001,77.6743292,5
CELL_2604_15523,13.021732320000002,77.61847795999999,5
CELL_2590_15505,12.951495679999999,77.52945417999999,5
CELL_2601_15528,13.007842199999999,77.64143162,5
CELL_2604_15525,13.0239148,77.62720228,5
CELL_2589_15512,12.947409799999999,77.56444825999999,5
CELL_2604_15521,13.02341916,77.60917686,5
CELL_2596_15549,12.984663219999998,77.7493968,5
CELL_2597_15489,12.98863972,77.44879888,5
CELL_2616_15512,13.08168632,77.5611613,5
CELL_2600_15515,13.00252366,77.57779424,5
CELL_2614_15488,13.07092332,77.44358251999999,5
CELL_2614_15514,13.07198914,77.57291704000001,5
CELL_2614_15516,13.07074166,77.5840607,5
CELL_2595_15543,12.97721331461662,77.71661277880398,5
CELL_2581_15507,12.907591821906763,77.53901724970848,5
CELL_2602_15515,13.012287359999998,77.578939,5
CELL_2609_15520,13.04574826,77.60116106000001,5
CELL_2582_15539,12.911739059999999,77.69801012,5
CELL_2602_15527,13.0139964,77.63843308,5
CELL_2602_15522,13.01150076,77.61341722,5
CELL_2591_15504,12.9589809,77.52453792,5
CELL_2611_15553,13.05665912,77.76756326,5
CELL_2612_15501,13.06093564,77.50628256,5
CELL_2578_15528,12.890307580000002,77.64188944,5
CELL_2571_15529,12.859803719999999,77.64769114,5
CELL_2572_15517,12.860741319999999,77.58986103999999,5
CELL_2568_15534,12.84270912,77.67441456,5
CELL_2607_15512,13.03852096,77.5647271,5
CELL_2569_15531,12.8478567,77.65794908000001,5
CELL_2569_15533,12.84532416,77.66553692,5
CELL_2577_15533,12.889893225,77.66918575,4
CELL_2594_15534,12.9738068,77.67350815,4
CELL_2591_15521,12.958131725,77.60606369999999,4
CELL_2592_15499,12.96193145,77.4982552,4
CELL_2637_15529,13.189595825,77.64517007500001,4
CELL_2563_15538,12.81798315,77.69011405,4
CELL_2575_15518,12.875444575,77.5948095,4
CELL_2575_15511,12.878729700000001,77.55528235,4
CELL_2602_15500,13.012190075,77.50482872500001,4
CELL_2575_15489,12.878552925000001,77.4453608,4
CELL_2580_15542,12.9006145,77.7103405,4
CELL_2603_15528,13.01916565,77.642893775,4
CELL_2582_15502,12.912928775000001,77.51377745,4
CELL_2585_15534,12.9256139,77.673230425,4
CELL_2595_15504,12.976328875,77.524718825,4
CELL_2615_15518,13.076900625,77.592485675,4
CELL_2601_15506,13.0089486,77.53165522500001,4
CELL_2597_15508,12.9853529,77.543569175,4
CELL_2577_15518,12.8893358,77.591624975,4
CELL_2589_15498,12.94532705,77.490358225,4
CELL_2595_15497,12.97638655,77.4880898,4
CELL_2595_15503,12.97754785,77.51628972500001,4
CELL_2583_15513,12.917262825,77.5663724,4
CELL_2592_15535,12.963163725,77.675441025,4
CELL_2596_15502,12.980943325,77.5108444,4
CELL_2584_15502,12.9215266,77.51436775,4
CELL_2596_15543,12.981097425,77.717950025,4
CELL_2604_15526,13.024171675,77.632960825,4
CELL_2580_15502,12.904153025,77.51204185,4
CELL_2601_15532,13.0075565,77.66253045,4
CELL_2604_15530,13.020488125,77.651159725,4
CELL_2639_15537,13.198344425,77.6881485,4
CELL_2584_15519,12.92235065,77.59706975,4
CELL_2585_15520,12.9277847,77.600204225,4
CELL_2608_15515,13.042401374999999,77.57536632499999,4
CELL_2579_15490,12.8966295,77.45373495,4
CELL_2578_15518,12.8912012,77.59424759999999,4
CELL_2578_15525,12.8932907,77.62582525,4
CELL_2606_15502,13.032991275,77.512818925,4
CELL_2588_15526,12.943317924999999,77.630516225,4
CELL_2597_15535,12.988548375,77.679667275,4
CELL_2590_15497,12.950606033333335,77.48714086666666,3
CELL_2575_15533,12.875057033333334,77.6698911,3
CELL_2608_15504,13.044373233333333,77.52293743333333,3
CELL_2564_15536,12.824635366666667,77.68403943333334,3
CELL_2612_15506,13.062617233333334,77.533295,3
CELL_2581_15495,12.905856366666667,77.47566493333333,3
CELL_2578_15511,12.894874592506298,77.55556651609974,3
CELL_2638_15538,13.194735133333333,77.69175036666667,3
CELL_2576_15508,12.881212033333334,77.54346116666666,3
CELL_2600_15538,13.0020971,77.69328056666667,3
CELL_2614_15530,13.072901866666667,77.65159543333333,3
CELL_2574_15512,12.873712966666666,77.5643961,3
CELL_2602_15528,13.014018366666667,77.64158613333333,3
CELL_2595_15546,12.978658699999999,77.73367166666667,3
CELL_2603_15497,13.0152174,77.4870229,3
CELL_2602_15538,13.0112789,77.6923473,3
CELL_2618_15527,13.092318066666666,77.635825,3
CELL_2607_15546,13.035022666666668,77.73448923333333,3
CELL_2590_15496,12.9515265,77.48280630000001,3
CELL_2584_15503,12.924482266666667,77.51810283333333,3
CELL_2589_15527,12.949448466666666,77.63934223333334,3
CELL_2589_15524,12.948115433333333,77.62167873333334,3
CELL_2594_15546,12.970096499999999,77.73180673333333,3
CELL_2595_15501,12.9753667,77.50965843333334,3
CELL_2614_15524,13.070625166666668,77.62145586666666,3
CELL_2614_15513,13.072131766666667,77.56743373333333,3
CELL_2601_15507,13.009065733333335,77.53871266666667,3
CELL_2613_15528,13.066146333333334,77.64156163333332,3
CELL_2616_15515,13.0802993,77.5799528,3
CELL_2604_15538,13.024174066666667,77.69295396666666,3
CELL_2579_15534,12.899723,77.6748722,3
CELL_2580_15508,12.901989433333334,77.544401,3
CELL_2590_15495,12.951611300000001,77.47775846666667,3
CELL_2584_15528,12.921365,77.6421967,3
CELL_2579_15523,12.899364501075079,77.61813072260472,3
CELL_2585_15512,12.925322833333333,77.56441536666667,3
CELL_2620_15526,13.101616633333334,77.6316221,3
CELL_2620_15517,13.100883766666668,77.58766203333333,3
CELL_2585_15522,12.929640999999998,77.6137751,3
CELL_2585_15527,12.925542566666666,77.63728333333334,3
CELL_2598_15525,12.994291323126456,77.62838970581358,3
CELL_2605_15510,13.0298736,77.5530902,3
CELL_2605_15521,13.029081866666667,77.60733496666667,3
CELL_2639_15539,13.198552266666667,77.69617753333334,3
CELL_2619_15518,13.095996933333334,77.59336513333334,3
CELL_2567_15532,12.838884033333335,77.6632508,3
CELL_2613_15524,13.069262600000002,77.6244301,3
CELL_2598_15508,12.991861433333334,77.542914,3
CELL_2598_15512,12.994081200000002,77.5635387,3
CELL_2578_15524,12.894019700000001,77.6201617,3
CELL_2578_15521,12.892193866666666,77.60788473333334,3
CELL_2608_15513,13.040738666666668,77.56780433333334,3
CELL_2594_15535,12.973391633333334,77.6772479,3
CELL_2638_15528,13.1902324,77.6449603,3
CELL_2566_15535,12.83495115,77.67941665000001,2
CELL_2567_15536,12.83546175,77.68032925,2
CELL_2568_15517,12.844480449999999,77.58816885,2
CELL_2606_15518,13.032337,77.5914449,2
CELL_2639_15542,13.19713085,77.71248725000001,2
CELL_2639_15538,13.198800649999999,77.6913196,2
CELL_2638_15541,13.1946852,77.7078466,2
CELL_2638_15540,13.19449625,77.7027368,2
CELL_2607_15522,13.0359704,77.6137416,2
CELL_2607_15528,13.03945875,77.6415139,2
CELL_2607_15521,13.0377251,77.6099868,2
CELL_2604_15501,13.0227202,77.50995725,2
CELL_2602_15533,13.01207985,77.6671638,2
CELL_2603_15496,13.0154999,77.4846445,2
CELL_2606_15547,13.034869050000001,77.73554519999999,2
CELL_2609_15513,13.04714025,77.5686167,2
CELL_2603_15526,13.0194927,77.63010125,2
CELL_2604_15504,13.0214742,77.5225741,2
CELL_2604_15502,13.02408245,77.51174645,2
CELL_2606_15526,13.0308524,77.63086675,2
CELL_2601_15541,13.0071205,77.70950575,2
CELL_2601_15542,13.0068307,77.71421785,2
CELL_2601_15523,13.0051,77.6197433,2
CELL_2602_15524,13.01094245,77.6247784,2
CELL_2596_15539,12.9821733,77.695655,2
CELL_2595_15545,12.9797323,77.7277551,2
CELL_2611_15548,13.05815195,77.7439826,2
CELL_2611_15519,13.0590383,77.5990417,2
CELL_2611_15496,13.0550263,77.4810676,2
CELL_2611_15503,13.0591057,77.5198668,2
CELL_2597_15533,12.98527545,77.6672633,2
CELL_2598_15506,12.992934,77.53378695,2
CELL_2600_15500,13.003522199999999,77.50420205,2
CELL_2592_15530,12.9604334,77.6501435,2
CELL_2612_15526,13.06216425,77.63337680000001,2
CELL_2594_15498,12.970029100000001,77.49245450000001,2
CELL_2594_15545,12.97207615,77.7269931,2
CELL_2594_15548,12.9700767,77.7416417,2
CELL_2593_15550,12.96967055,77.75012325,2
CELL_2593_15546,12.96992875,77.7319531,2
CELL_2599_15540,12.99817255,77.70155155,2
CELL_2600_15540,13.0040591,77.70129635,2
CELL_2609_15528,13.047604450000001,77.6445387,2
CELL_2585_15507,12.9295359,77.53507995,2
CELL_2584_15498,12.923067,77.49391274999999,2
CELL_2613_15513,13.067562899999999,77.56969910000001,2
CELL_2613_15520,13.067779250000001,77.60118015,2
CELL_2586_15548,12.934484,77.74343605,2
CELL_2588_15550,12.94387555,77.75196675,2
CELL_2588_15527,12.9437353,77.63865095,2
CELL_2588_15537,12.9408546,77.68631875,2
CELL_2589_15529,12.9474033,77.64942884999999,2
CELL_2590_15509,12.9542655,77.54527780000001,2
CELL_2589_15528,12.948969250000001,77.64050935,2
CELL_2591_15508,12.955165000000001,77.5447787,2
CELL_2591_15536,12.955060249999999,77.6801014,2
CELL_2621_15516,13.1061292,77.5817003,2
CELL_2577_15516,12.88828175,77.5819037,2
CELL_2620_15522,13.104051049999999,77.61421225000001,2
CELL_2575_15506,12.8760081,77.5313333,2
CELL_2621_15519,13.1053091,77.5999728,2
CELL_2574_15516,12.87241525,77.58354474999999,2
CELL_2576_15522,12.8827319,77.6100546,2
CELL_2633_15520,13.1698367,77.6023667,2
CELL_2573_15516,12.8673339,77.58127575,2
CELL_2616_15518,13.08146895,77.5931181,2
CELL_2580_15516,12.901752550000001,77.58169765,2
CELL_2615_15500,13.079728750000001,77.50275020000001,2
CELL_2580_15515,12.90341885,77.57845695,2
CELL_2579_15516,12.896580400000001,77.5818931,2
CELL_2580_15493,12.9013385,77.46745385,2
CELL_2581_15513,12.9085654,77.5650816,2
CELL_2587_15505,12.9399364,77.52525635,2
CELL_2584_15537,12.92130305,77.68526545,2
CELL_2584_15506,12.92465915,77.53091710000001,2
CELL_2571_15505,12.858257550000001,77.52921520000001,2
CELL_2572_15541,12.8622241,77.70555279999999,2
CELL_2573_15513,12.868228,77.5697017,2
CELL_2572_15531,12.863692449999999,77.65770384999999,2
CELL_2569_15517,12.84772315,77.5882756,2
CELL_2569_15529,12.846312950000002,77.64753010000001,2
CELL_2610_15499,13.0506536,77.4951885,1
CELL_2610_15504,13.0519537,77.5246505,1
CELL_2605_15531,13.0252497,77.6596113,1
CELL_2605_15528,13.0253033,77.6400617,1
CELL_2606_15543,13.0305764,77.7169953,1
CELL_2605_15511,13.0251005,77.559003,1
CELL_2601_15529,13.0089383,77.6480467,1
CELL_2602_15551,13.0108556,77.7598649,1
CELL_2602_15541,13.0102517,77.7064717,1
CELL_2602_15534,13.0116227,77.6708449,1
CELL_2609_15523,13.0450503,77.6152047,1
CELL_2609_15503,13.0496012,77.5168191,1
CELL_2604_15519,13.0228768,77.5967177,1
CELL_2605_15499,13.0291779,77.4997381,1
CELL_2604_15542,13.0202195,77.7103074,1
CELL_2603_15532,13.0158314,77.661954,1
CELL_2605_15513,13.0296433,77.5699257,1
CELL_2608_15521,13.0435017,77.6050333,1
CELL_2608_15528,13.0406292,77.6412627,1
CELL_2608_15552,13.044354,77.7605374,1
CELL_2604_15537,13.0207568,77.6855388,1
CELL_2604_15539,13.0233535,77.695736,1
CELL_2604_15541,13.0200466,77.7092511,1
CELL_2606_15508,13.0321971,77.5407268,1
CELL_2605_15550,13.0282733,77.7507203,1
CELL_2605_15543,13.0262605,77.7199272,1
CELL_2606_15523,13.0345183,77.61871,1
CELL_2639_15534,13.19835,77.6705883,1
CELL_2607_15506,13.0397727,77.5308141,1
CELL_2607_15519,13.0392608,77.5997035,1
CELL_2607_15520,13.0354367,77.6038867,1
CELL_2567_15531,12.8390489,77.6571115,1
CELL_2608_15507,13.0445233,77.5383443,1
CELL_2607_15534,13.0374375,77.6706057,1
CELL_2607_15532,13.037923,77.664938,1
CELL_2560_15540,12.8026667,77.7043117,1
CELL_2638_15535,13.1903181,77.6795602,1
CELL_2567_15530,12.8394944,77.6507553,1
CELL_2638_15537,13.1947955,77.6872115,1
CELL_2591_15523,12.9576515,77.6153766,1
CELL_2612_15547,13.063394,77.7361362,1
CELL_2612_15525,13.0633189,77.6280166,1
CELL_2592_15503,12.960034,77.5166203,1
CELL_2592_15532,12.9615389,77.664986,1
CELL_2592_15539,12.9608496,77.6999939,1
CELL_2593_15498,12.9699933,77.4918833,1
CELL_2593_15504,12.96623,77.5235105,1
CELL_2593_15548,12.9661117,77.7433667,1
CELL_2593_15551,12.968793564429724,77.75544575173693,1
CELL_2593_15524,12.9667417,77.6205686,1
CELL_2596_15554,12.9832733,77.771735,1
CELL_2611_15549,13.0550587,77.7454464,1
CELL_2611_15510,13.0573201,77.5513413,1
CELL_2594_15543,12.9706196,77.716528,1
CELL_2594_15549,12.9705903,77.7494039,1
CELL_2596_15542,12.9810025,77.7123049,1
CELL_2596_15546,12.9801183,77.7337017,1
CELL_2595_15535,12.9792733,77.6796118,1
CELL_2611_15507,13.0557217,77.5353233,1
CELL_2596_15496,12.9848872,77.4828535,1
CELL_2600_15496,13.0008363,77.4819575,1
CELL_2599_15532,12.9989325,77.6631028,1
CELL_2599_15498,12.9973766,77.4900279,1
CELL_2597_15550,12.9877852,77.7538835,1
CELL_2597_15544,12.9899315,77.7249987,1
CELL_2598_15546,12.9946326,77.7321518,1
CELL_2598_15536,12.9938843,77.6848503,1
CELL_2610_15549,13.0541987,77.7462309,1
CELL_2610_15513,13.0522291,77.5681241,1
CELL_2598_15497,12.9912371,77.4875785,1
CELL_2597_15534,12.9857043,77.6720109,1
CELL_2601_15540,13.0060611,77.7021478,1
CELL_2602_15523,13.0137404,77.6168571,1
CELL_2603_15504,13.0155316,77.5235756,1
CELL_2602_15497,13.013665,77.4886483,1
CELL_2600_15521,13.0017978,77.6092583,1
CELL_2601_15497,13.0079581,77.4850193,1
CELL_2614_15523,13.0709617,77.6189683,1
CELL_2584_15509,12.9202312,77.5471374,1
CELL_2581_15496,12.9096625,77.4806236,1
CELL_2581_15532,12.9099629,77.6641712,1
CELL_2581_15529,12.908425,77.6491867,1
CELL_2583_15497,12.9154286,77.4882214,1
CELL_2580_15521,12.9005562,77.6076074,1
CELL_2583_15536,12.9190302,77.6838811,1
CELL_2584_15494,12.9234668,77.4728372,1
CELL_2583_15498,12.9165806,77.4919859,1
CELL_2580_15489,12.9035725,77.4498397,1
CELL_2584_15496,12.9238959,77.4848068,1
CELL_2585_15506,12.9295086,77.5349594,1
CELL_2584_15518,12.9205315,77.5931487,1
CELL_2585_15502,12.9278673,77.511322,1
CELL_2586_15510,12.932515,77.554695,1
CELL_2585_15495,12.9258225,77.4767094,1
CELL_2613_15510,13.0664254,77.5524418,1
CELL_2585_15500,12.9297128,77.504948,1
CELL_2588_15508,12.9444383,77.543335,1
CELL_2590_15525,12.9503456,77.6254862,1
CELL_2589_15538,12.9498015,77.6900818,1
CELL_2591_15499,12.958585,77.495605,1
CELL_2586_15501,12.9315757,77.5063069,1
CELL_2585_15548,12.9298278,77.7403797,1
CELL_2585_15547,12.9257072,77.7375472,1
CELL_2578_15517,12.8936433,77.5861017,1
CELL_2578_15515,12.8919538,77.5795207,1
CELL_2618_15511,13.0901038,77.5566159,1
CELL_2618_15497,13.0933702,77.488978,1
CELL_2617_15526,13.0850077,77.6348042,1
CELL_2617_15511,13.0859622,77.5552651,1
CELL_2617_15498,13.0882399,77.494954,1
CELL_2579_15513,12.8956965,77.569993,1
CELL_2580_15503,12.9026833,77.5190814,1
CELL_2579_15511,12.89948,77.5587867,1
CELL_2579_15492,12.898531,77.4646747,1
CELL_2580_15506,12.9037123,77.5325077,1
CELL_2580_15505,12.9048421,77.5299793,1
CELL_2615_15509,13.0799105,77.5479475,1
CELL_2616_15510,13.0847076,77.5527605,1
CELL_2578_15520,12.8916717,77.6047454,1
CELL_2577_15507,12.8865023,77.5380934,1
CELL_2576_15551,12.8818389,77.7569146,1
CELL_2576_15534,12.8817929,77.6731186,1
CELL_2576_15531,12.8807353,77.6551317,1
CELL_2576_15500,12.8838377,77.5019219,1
CELL_2575_15547,12.877168194473605,77.73582745,1
CELL_2577_15522,12.889229,77.6107718,1
CELL_2575_15530,12.8779242,77.6549429,1
CELL_2620_15519,13.1019321,77.5991579,1
CELL_2578_15510,12.894738523406811,77.55495969,1
CELL_2578_15507,12.8931845,77.537668,1
CELL_2620_15523,13.1033698,77.6154851,1
CELL_2577_15549,12.8852117,77.746775,1
CELL_2578_15529,12.89027714677621,77.64693762236118,1
CELL_2577_15525,12.8889945,77.6256922,1
CELL_2577_15531,12.8863523,77.6562061,1
CELL_2624_15514,13.1249374,77.5735977,1
CELL_2622_15526,13.1144957,77.6341878,1
CELL_2622_15516,13.1105218,77.5801105,1
CELL_2575_15524,12.8798135,77.6245689,1
CELL_2575_15507,12.8750009,77.5387601,1
CELL_2575_15521,12.8792256,77.6098139,1
CELL_2575_15503,12.8778133,77.517105,1
CELL_2575_15505,12.8762617,77.5292786,1
CELL_2633_15541,13.166005,77.7086083,1
CELL_2632_15528,13.1628009,77.6448425,1
CELL_2627_15524,13.13860532,77.6214106,1
CELL_2633_15542,13.1660467,77.711275,1
CELL_2626_15514,13.1341042,77.5700802,1
CELL_2574_15519,12.873332,77.5952301,1
CELL_2574_15523,12.8744178,77.618489,1
CELL_2574_15520,12.8726719,77.602269,1
CELL_2572_15529,12.8605424,77.6475206,1
CELL_2634_15545,13.174255,77.7282783,1
CELL_2572_15518,12.8617063,77.590247,1
CELL_2572_15522,12.8614371,77.6134364,1
CELL_2571_15513,12.8559873,77.5686612,1
CELL_2571_15518,12.8573862,77.5904178,1
CELL_2573_15515,12.8691162,77.5757152,1
CELL_2570_15534,12.8549912,77.6745914,1
CELL_2568_15531,12.8445814,77.6569231,1
CELL_2568_15527,12.8433688,77.6386788,1
CELL_2569_15530,12.84996,77.6518967,1
CELL_2569_15536,12.8457393,77.6809993,1
CELL_2636_15528,13.1842323,77.6421387,1
CELL_2637_15534,13.1897037,77.6741922,1
CELL_2638_15530,13.193041,77.6502452,1
CELL_2639_15543,13.1975265,77.71528,1
